account_id,tenant_id,industry,visits,spend,account_age_days,usage_frequency,support_tickets,renewal_days,last_activity_at,converted,opportunity_value,closed_at
acct_00001,tenant_001,saas,9,16927.99,444,54.3,2,46,2025-12-31,0,0.0,
acct_00002,tenant_002,healthcare,11,5020.65,230,44.7,1,359,2025-12-08,0,0.0,
acct_00003,tenant_003,finance,18,14038.17,336,56.2,0,112,2025-12-20,1,16182.24,2026-02-28
acct_00004,tenant_004,manufacturing,4,4635.21,390,56.5,1,23,2026-01-03,0,0.0,
acct_00005,tenant_005,saas,6,8940.53,318,39.4,0,307,2025-12-16,1,16215.2,2026-01-11
acct_00006,tenant_006,finance,6,16972.58,251,40.5,1,293,2025-12-28,0,0.0,
acct_00007,tenant_007,manufacturing,13,7259.49,433,57.6,1,207,2025-12-13,0,0.0,
acct_00008,tenant_008,finance,9,13239.53,300,45.9,2,100,2025-12-20,0,0.0,
acct_00009,tenant_009,finance,17,34491.9,890,64.3,1,219,2026-01-04,1,56373.37,2026-01-26
acct_00010,tenant_010,healthcare,10,8273.76,117,71.0,3,147,2025-12-24,0,0.0,
acct_00011,tenant_011,retail,2,1627.91,295,0.2,1,15,2025-12-25,1,2811.61,2026-03-29
acct_00012,tenant_012,saas,10,19808.83,693,55.0,0,114,2025-12-31,0,0.0,
acct_00013,tenant_013,saas,5,10267.93,365,10.3,3,149,2025-12-27,0,0.0,
acct_00014,tenant_014,saas,6,5692.02,150,78.8,1,254,2025-12-07,1,8191.4,2026-03-07
acct_00015,tenant_015,healthcare,7,3184.8,416,35.0,2,332,2026-01-01,0,0.0,
acct_00016,tenant_016,finance,5,5810.39,196,34.2,1,188,2026-01-01,0,0.0,
acct_00017,tenant_017,healthcare,4,2070.69,165,18.3,2,297,2026-01-02,0,0.0,
acct_00018,tenant_018,manufacturing,2,5681.74,111,56.2,4,181,2025-12-09,0,0.0,
acct_00019,tenant_019,saas,4,6482.96,724,42.3,2,164,2025-12-13,0,0.0,
acct_00020,tenant_020,saas,15,9581.85,124,78.1,0,174,2025-12-29,1,17033.73,2026-01-31
acct_00021,tenant_021,manufacturing,4,4646.81,518,39.6,0,116,2025-12-22,0,0.0,
acct_00022,tenant_022,saas,13,11651.71,417,86.9,1,211,2025-12-26,1,17187.51,2026-02-11
acct_00023,tenant_023,finance,8,11182.36,172,65.7,2,19,2025-12-16,0,0.0,
acct_00024,tenant_024,healthcare,10,11090.99,361,44.1,1,156,2025-12-09,1,14202.09,2026-02-20
acct_00025,tenant_025,finance,6,1911.9,86,38.9,2,100,2025-12-14,0,0.0,
acct_00026,tenant_026,retail,11,8339.12,2000,55.6,1,227,2025-12-27,0,0.0,
acct_00027,tenant_027,saas,10,18590.48,1825,59.7,2,84,2025-12-19,0,0.0,
acct_00028,tenant_028,manufacturing,5,1191.31,379,21.5,5,206,2025-12-27,0,0.0,
acct_00029,tenant_029,manufacturing,4,2001.31,111,33.0,1,60,2025-12-18,0,0.0,
acct_00030,tenant_030,manufacturing,8,6502.9,691,53.1,4,281,2025-12-07,0,0.0,
acct_00031,tenant_031,manufacturing,6,3746.75,259,41.9,3,225,2026-01-05,0,0.0,
acct_00032,tenant_032,manufacturing,2,1276.37,578,0.0,6,5,2025-12-19,0,0.0,
acct_00033,tenant_033,saas,9,17417.59,132,76.4,0,71,2025-12-24,1,34219.23,2026-03-14
acct_00034,tenant_034,manufacturing,9,7826.04,167,50.7,1,2,2025-12-21,1,6829.52,2026-02-28
acct_00035,tenant_035,saas,11,8480.56,387,64.1,0,22,2025-12-07,1,7641.04,2026-03-01
acct_00036,tenant_036,manufacturing,18,14715.83,1170,85.3,0,347,2025-12-31,1,10965.7,2026-03-20
acct_00037,tenant_000,healthcare,4,12236.44,131,36.4,0,344,2025-12-14,0,0.0,
acct_00038,tenant_001,finance,6,1570.87,100,49.2,2,9,2025-12-07,0,0.0,
acct_00039,tenant_002,retail,5,5137.47,401,18.5,2,83,2025-12-15,0,0.0,
acct_00040,tenant_003,saas,11,10439.87,108,45.9,0,9,2025-12-19,0,0.0,
acct_00041,tenant_004,finance,6,11724.18,2000,43.3,0,14,2025-12-09,1,23116.71,2026-03-20
acct_00042,tenant_005,finance,6,16364.43,356,60.4,1,247,2025-12-19,0,0.0,
acct_00043,tenant_006,finance,7,6221.05,111,60.7,4,61,2025-12-14,0,0.0,
acct_00044,tenant_007,manufacturing,3,1924.58,539,11.6,2,173,2025-12-07,0,0.0,
acct_00045,tenant_008,healthcare,9,4413.06,99,25.9,3,109,2025-12-14,0,0.0,
acct_00046,tenant_009,manufacturing,25,20522.46,284,100.0,1,248,2025-12-08,0,0.0,
acct_00047,tenant_010,saas,5,23121.68,772,66.1,5,146,2025-12-26,1,46503.37,2026-03-29
acct_00048,tenant_011,finance,1,3029.43,411,0.0,2,201,2025-12-18,0,0.0,
acct_00049,tenant_012,healthcare,7,6325.14,68,59.5,1,327,2025-12-26,0,0.0,
acct_00050,tenant_013,saas,4,5206.57,106,33.9,1,199,2025-12-21,0,0.0,
acct_00051,tenant_014,retail,13,9579.1,624,48.3,1,338,2026-01-05,0,0.0,
acct_00052,tenant_015,saas,9,9284.52,227,57.2,2,206,2026-01-04,1,17920.32,2026-01-22
acct_00053,tenant_016,manufacturing,11,2009.29,227,53.3,0,270,2026-01-03,0,0.0,
acct_00054,tenant_017,finance,9,29766.24,555,85.5,1,175,2025-12-13,1,26968.4,2026-02-24
acct_00055,tenant_018,finance,8,69034.62,965,74.9,1,84,2025-12-09,1,96342.64,2026-02-17
acct_00056,tenant_019,finance,5,25284.83,997,6.2,4,204,2025-12-19,0,0.0,
acct_00057,tenant_020,finance,7,17985.12,345,31.0,2,64,2025-12-26,0,0.0,
acct_00058,tenant_021,healthcare,13,16747.26,403,83.0,0,238,2025-12-28,1,9772.93,2026-01-10
acct_00059,tenant_022,finance,7,10975.72,406,37.0,0,4,2025-12-31,1,13737.3,2026-02-04
acct_00060,tenant_023,manufacturing,16,7447.67,216,59.7,0,341,2025-12-27,0,0.0,
acct_00061,tenant_024,saas,13,25572.06,616,76.1,0,135,2025-12-23,1,53042.22,2026-03-20
acct_00062,tenant_025,saas,8,17830.77,207,65.2,1,281,2025-12-21,0,0.0,
acct_00063,tenant_026,manufacturing,3,12290.65,1186,42.0,0,313,2025-12-17,0,0.0,
acct_00064,tenant_027,manufacturing,3,1733.8,209,22.8,8,124,2026-01-05,0,0.0,
acct_00065,tenant_028,retail,10,1357.8,169,58.6,0,315,2025-12-11,0,0.0,
acct_00066,tenant_029,finance,44,45484.13,57,100.0,0,143,2025-12-29,1,48289.41,2026-03-10
acct_00067,tenant_030,finance,10,39029.27,287,75.4,2,315,2025-12-16,1,24145.54,2026-01-06
acct_00068,tenant_031,finance,8,8406.15,414,56.2,0,171,2025-12-29,1,22771.5,2026-01-06
acct_00069,tenant_032,healthcare,8,9304.88,271,65.4,1,299,2025-12-17,0,0.0,
acct_00070,tenant_033,saas,6,11154.47,1226,25.2,3,191,2025-12-10,0,0.0,
acct_00071,tenant_034,retail,3,779.45,176,38.2,1,50,2025-12-25,0,0.0,
acct_00072,tenant_035,manufacturing,11,7176.83,494,55.7,1,53,2025-12-08,1,9899.33,2026-03-29
acct_00073,tenant_036,healthcare,8,2593.05,303,43.2,1,276,2025-12-19,0,0.0,
acct_00074,tenant_000,finance,16,6492.84,144,52.2,0,274,2025-12-18,1,13145.93,2026-03-01
acct_00075,tenant_001,healthcare,5,1198.32,92,0.0,1,262,2025-12-12,0,0.0,
acct_00076,tenant_002,retail,10,6716.19,1068,39.3,1,118,2025-12-12,0,0.0,
acct_00077,tenant_003,finance,11,19605.15,600,70.8,1,295,2026-01-02,0,0.0,
acct_00078,tenant_004,healthcare,4,1443.29,123,28.3,2,53,2025-12-25,0,0.0,
acct_00079,tenant_005,retail,18,14831.22,121,73.4,0,81,2026-01-03,1,6903.01,2026-04-04
acct_00080,tenant_006,saas,5,6052.85,166,26.2,2,83,2025-12-08,0,0.0,
acct_00081,tenant_007,manufacturing,8,14286.21,221,47.2,0,233,2026-01-02,0,0.0,
acct_00082,tenant_008,manufacturing,13,19950.43,548,55.1,1,59,2026-01-02,0,0.0,
acct_00083,tenant_009,retail,11,2491.72,227,49.6,5,342,2025-12-20,0,0.0,
acct_00084,tenant_010,finance,13,16517.25,158,63.9,0,78,2025-12-21,0,0.0,
acct_00085,tenant_011,healthcare,3,1637.21,510,14.6,1,93,2026-01-01,0,0.0,
acct_00086,tenant_012,saas,3,4694.07,224,44.1,2,169,2025-12-29,0,0.0,
acct_00087,tenant_013,saas,5,3911.7,78,30.3,2,213,2025-12-27,0,0.0,
acct_00088,tenant_014,saas,4,1492.28,379,3.2,3,224,2025-12-29,0,0.0,
acct_00089,tenant_015,finance,4,11430.82,504,31.8,0,192,2025-12-25,0,0.0,
acct_00090,tenant_016,finance,16,36189.47,585,70.3,0,2,2025-12-18,1,25974.62,2026-02-14
acct_00091,tenant_017,manufacturing,4,2116.65,233,62.1,3,100,2025-12-30,0,0.0,
acct_00092,tenant_018,manufacturing,8,2308.24,307,17.9,0,306,2026-01-01,0,0.0,
acct_00093,tenant_019,saas,3,6474.1,352,62.2,4,257,2025-12-15,0,0.0,
acct_00094,tenant_020,manufacturing,7,5094.67,168,38.3,2,170,2026-01-05,0,0.0,
acct_00095,tenant_021,finance,7,5601.42,334,36.7,3,123,2025-12-26,1,8345.75,2026-02-03
acct_00096,tenant_022,finance,17,18500.66,167,81.7,0,121,2025-12-16,1,8075.17,2026-02-02
acct_00097,tenant_023,finance,8,22290.28,121,78.0,3,292,2026-01-01,1,22480.22,2026-01-21
acct_00098,tenant_024,saas,9,18882.63,469,49.2,0,43,2025-12-26,0,0.0,
acct_00099,tenant_025,saas,12,9912.33,226,68.4,0,265,2025-12-13,1,15708.15,2026-02-27
acct_00100,tenant_026,healthcare,5,14573.4,335,75.4,1,282,2026-01-04,0,0.0,
acct_00101,tenant_027,retail,10,14014.09,312,56.6,1,234,2025-12-21,0,0.0,
acct_00102,tenant_028,manufacturing,11,8120.44,183,59.2,0,268,2025-12-27,0,0.0,
acct_00103,tenant_029,finance,7,6229.5,911,43.6,2,277,2025-12-19,0,0.0,
acct_00104,tenant_030,manufacturing,6,4722.96,228,33.9,1,21,2025-12-29,0,0.0,
acct_00105,tenant_031,healthcare,6,16866.31,358,55.6,2,110,2025-12-27,0,0.0,
acct_00106,tenant_032,manufacturing,1,1625.9,815,0.0,3,334,2025-12-26,0,0.0,
acct_00107,tenant_033,healthcare,7,6277.38,178,65.7,0,272,2025-12-20,1,2972.36,2026-02-28
acct_00108,tenant_034,saas,6,3314.59,223,18.3,3,5,2025-12-22,0,0.0,
acct_00109,tenant_035,healthcare,5,6944.39,135,47.5,0,151,2026-01-01,0,0.0,
acct_00110,tenant_036,manufacturing,7,1395.38,230,49.6,0,178,2025-12-22,0,0.0,
acct_00111,tenant_000,finance,10,19692.13,677,64.7,0,339,2025-12-07,1,13763.32,2026-01-19
acct_00112,tenant_001,healthcare,13,7785.62,321,47.1,4,253,2025-12-20,0,0.0,
acct_00113,tenant_002,saas,10,4222.74,165,51.8,0,338,2025-12-26,0,0.0,
acct_00114,tenant_003,saas,5,9600.21,301,44.2,2,127,2025-12-20,0,0.0,
acct_00115,tenant_004,saas,17,27361.1,584,88.9,0,334,2025-12-20,1,36991.65,2026-01-16
acct_00116,tenant_005,saas,3,2605.84,200,37.5,1,201,2025-12-14,0,0.0,
acct_00117,tenant_006,healthcare,4,18123.92,107,81.5,0,204,2026-01-05,1,21441.08,2026-02-06
acct_00118,tenant_007,healthcare,19,13753.29,436,55.2,1,335,2025-12-26,0,0.0,
acct_00119,tenant_008,saas,9,14955.61,2000,60.4,2,271,2025-12-29,1,8245.64,2026-03-17
acct_00120,tenant_009,retail,9,5173.83,286,59.6,1,328,2026-01-01,0,0.0,
acct_00121,tenant_010,saas,6,8293.18,700,41.6,2,344,2025-12-21,0,0.0,
acct_00122,tenant_011,saas,9,12439.17,1592,48.1,4,93,2025-12-10,0,0.0,
acct_00123,tenant_012,manufacturing,4,10912.11,549,33.9,1,187,2025-12-20,1,9581.92,2026-03-07
acct_00124,tenant_013,manufacturing,2,14070.73,513,39.8,1,115,2025-12-13,0,0.0,
acct_00125,tenant_014,healthcare,7,2395.38,269,24.1,0,112,2025-12-31,0,0.0,
acct_00126,tenant_015,saas,5,1272.53,169,16.9,1,23,2025-12-19,0,0.0,
acct_00127,tenant_016,saas,14,15550.62,483,74.6,0,364,2026-01-04,1,34021.39,2026-03-20
acct_00128,tenant_017,saas,25,51871.45,1105,100.0,0,21,2025-12-17,1,38139.49,2026-02-18
acct_00129,tenant_018,healthcare,10,8408.79,125,76.7,0,144,2025-12-27,0,0.0,
acct_00130,tenant_019,saas,3,6132.8,389,30.6,3,76,2025-12-28,0,0.0,
acct_00131,tenant_020,saas,8,6700.7,326,49.6,0,157,2025-12-13,0,0.0,
acct_00132,tenant_021,saas,19,46388.52,392,98.0,2,32,2025-12-31,1,104685.27,2026-01-29
acct_00133,tenant_022,manufacturing,12,3016.63,64,36.9,3,181,2025-12-12,0,0.0,
acct_00134,tenant_023,healthcare,2,3635.8,385,34.1,2,96,2026-01-04,0,0.0,
acct_00135,tenant_024,finance,8,9257.34,152,83.7,1,289,2025-12-24,0,0.0,
acct_00136,tenant_025,finance,3,10209.11,379,43.4,1,211,2025-12-12,0,0.0,
acct_00137,tenant_026,healthcare,8,7574.46,304,59.1,1,10,2025-12-27,0,0.0,
acct_00138,tenant_027,manufacturing,23,35888.11,705,90.6,1,301,2025-12-20,1,43532.81,2026-03-23
acct_00139,tenant_028,healthcare,3,4194.87,129,17.7,0,226,2025-12-10,0,0.0,
acct_00140,tenant_029,finance,8,11455.38,439,33.9,1,290,2025-12-15,0,0.0,
acct_00141,tenant_030,healthcare,18,36248.99,67,100.0,1,264,2025-12-13,0,0.0,
acct_00142,tenant_031,manufacturing,6,4893.92,380,37.5,1,345,2025-12-30,1,4415.79,2026-01-14
acct_00143,tenant_032,saas,14,23747.08,630,62.0,3,362,2025-12-21,0,0.0,
acct_00144,tenant_033,saas,10,6439.46,645,47.1,1,217,2025-12-13,0,0.0,
acct_00145,tenant_034,healthcare,9,2323.88,438,57.1,0,194,2025-12-15,0,0.0,
acct_00146,tenant_035,finance,10,8127.24,381,50.1,2,159,2025-12-22,0,0.0,
acct_00147,tenant_036,finance,21,29741.17,499,88.8,0,22,2025-12-20,1,23317.25,2026-03-09
acct_00148,tenant_000,saas,4,15619.87,419,54.6,0,122,2025-12-20,0,0.0,
acct_00149,tenant_001,manufacturing,7,1237.32,771,24.2,0,315,2025-12-16,0,0.0,
acct_00150,tenant_002,saas,8,22773.13,469,76.7,1,31,2025-12-16,1,11522.07,2026-02-17
acct_00151,tenant_003,saas,5,2446.98,262,9.9,1,56,2025-12-20,0,0.0,
acct_00152,tenant_004,retail,9,9564.89,261,49.0,1,206,2025-12-08,0,0.0,
acct_00153,tenant_005,retail,5,8619.46,446,25.1,1,43,2025-12-16,0,0.0,
acct_00154,tenant_006,manufacturing,3,1571.23,228,18.1,1,135,2025-12-19,0,0.0,
acct_00155,tenant_007,manufacturing,18,4562.78,197,62.5,0,9,2025-12-29,1,6215.09,2026-01-20
acct_00156,tenant_008,finance,4,5066.58,266,30.1,1,362,2025-12-24,0,0.0,
acct_00157,tenant_009,finance,5,20843.97,157,56.9,0,154,2025-12-12,1,38121.3,2026-01-25
acct_00158,tenant_010,retail,7,15214.08,620,48.5,1,43,2025-12-22,0,0.0,
acct_00159,tenant_011,finance,6,20071.47,940,42.2,1,301,2025-12-27,0,0.0,
acct_00160,tenant_012,saas,12,10834.59,1089,65.1,4,267,2025-12-29,1,7535.75,2026-02-01
acct_00161,tenant_013,finance,5,13953.03,354,37.1,0,43,2025-12-10,0,0.0,
acct_00162,tenant_014,manufacturing,13,17672.27,538,71.4,0,156,2025-12-07,1,20140.97,2026-01-23
acct_00163,tenant_015,retail,2,5141.17,215,33.0,1,308,2025-12-07,0,0.0,
acct_00164,tenant_016,saas,10,9972.98,333,73.1,2,38,2025-12-18,0,0.0,
acct_00165,tenant_017,retail,11,12669.71,705,58.6,0,258,2025-12-08,0,0.0,
acct_00166,tenant_018,saas,9,14599.89,230,62.1,1,239,2026-01-03,0,0.0,
acct_00167,tenant_019,saas,6,4065.27,503,17.1,0,332,2025-12-28,0,0.0,
acct_00168,tenant_020,manufacturing,11,2128.2,83,62.4,0,240,2025-12-13,0,0.0,
acct_00169,tenant_021,healthcare,18,13144.92,589,70.8,0,256,2026-01-01,1,9119.64,2026-02-04
acct_00170,tenant_022,saas,4,1079.24,181,25.7,4,285,2026-01-04,0,0.0,
acct_00171,tenant_023,manufacturing,11,11508.49,491,70.1,1,44,2026-01-04,1,16912.62,2026-01-14
acct_00172,tenant_024,healthcare,13,15429.12,527,76.6,1,36,2026-01-05,1,20458.8,2026-03-06
acct_00173,tenant_025,healthcare,7,2743.08,699,31.7,0,55,2025-12-10,0,0.0,
acct_00174,tenant_026,healthcare,10,3761.86,359,37.3,0,23,2026-01-03,0,0.0,
acct_00175,tenant_027,finance,6,14150.21,124,63.9,3,250,2025-12-15,0,0.0,
acct_00176,tenant_028,retail,9,7503.67,84,62.5,0,79,2025-12-19,1,7796.28,2026-02-27
acct_00177,tenant_029,saas,2,11260.07,379,29.7,0,316,2025-12-10,0,0.0,
acct_00178,tenant_030,healthcare,4,2909.37,87,19.6,3,215,2026-01-04,0,0.0,
acct_00179,tenant_031,finance,3,1695.49,523,33.6,0,111,2025-12-28,0,0.0,
acct_00180,tenant_032,manufacturing,16,48475.03,958,92.5,1,48,2026-01-02,1,36649.68,2026-01-13
acct_00181,tenant_033,saas,9,5620.47,197,62.6,1,157,2025-12-29,0,0.0,
acct_00182,tenant_034,retail,7,3708.35,293,41.0,1,118,2025-12-24,0,0.0,
acct_00183,tenant_035,finance,17,10924.46,242,71.8,0,87,2025-12-30,1,17802.48,2026-01-09
acct_00184,tenant_036,finance,10,7235.2,244,55.1,1,293,2025-12-31,0,0.0,
acct_00185,tenant_000,healthcare,7,8180.77,755,68.4,3,359,2026-01-01,0,0.0,
acct_00186,tenant_001,healthcare,6,6069.2,126,18.1,4,166,2025-12-26,0,0.0,
acct_00187,tenant_002,manufacturing,10,5365.87,862,51.6,1,362,2025-12-28,0,0.0,
acct_00188,tenant_003,finance,14,13636.77,497,59.1,2,13,2025-12-29,1,17011.93,2026-03-13
acct_00189,tenant_004,healthcare,9,4358.24,96,54.2,1,242,2025-12-16,0,0.0,
acct_00190,tenant_005,manufacturing,3,6764.49,105,36.6,4,111,2025-12-12,0,0.0,
acct_00191,tenant_006,manufacturing,11,13911.27,662,67.4,2,36,2026-01-03,0,0.0,
acct_00192,tenant_007,manufacturing,10,9527.14,120,39.3,2,91,2025-12-30,0,0.0,
acct_00193,tenant_008,finance,15,27383.17,939,50.6,2,126,2026-01-05,1,14409.43,2026-02-19
acct_00194,tenant_009,healthcare,6,5008.46,172,40.8,1,361,2026-01-03,0,0.0,
acct_00195,tenant_010,manufacturing,15,22649.44,234,99.5,1,241,2025-12-15,1,39835.13,2026-02-08
acct_00196,tenant_011,retail,5,1247.96,138,26.3,3,152,2026-01-05,0,0.0,
acct_00197,tenant_012,manufacturing,11,2768.34,53,60.1,1,140,2025-12-19,0,0.0,
acct_00198,tenant_013,manufacturing,8,2944.4,166,18.0,0,21,2025-12-22,0,0.0,
acct_00199,tenant_014,saas,4,3218.2,97,44.5,4,281,2026-01-02,0,0.0,
acct_00200,tenant_015,healthcare,8,4945.95,209,56.3,0,120,2026-01-01,1,6725.42,2026-03-20
acct_00201,tenant_016,finance,23,47897.32,620,80.4,0,361,2026-01-05,1,87832.43,2026-01-25
acct_00202,tenant_017,finance,7,10942.98,79,37.0,1,87,2025-12-08,0,0.0,
acct_00203,tenant_018,healthcare,5,3419.17,260,17.4,3,359,2025-12-15,0,0.0,
acct_00204,tenant_019,manufacturing,2,5863.37,1760,5.3,4,31,2025-12-24,0,0.0,
acct_00205,tenant_020,finance,3,3984.01,512,11.2,6,195,2025-12-19,0,0.0,
acct_00206,tenant_021,manufacturing,3,8472.24,1298,31.4,3,218,2025-12-09,0,0.0,
acct_00207,tenant_022,finance,10,4012.29,58,44.3,0,321,2025-12-28,0,0.0,
acct_00208,tenant_023,finance,4,3541.21,515,6.4,0,304,2025-12-13,0,0.0,
acct_00209,tenant_024,saas,12,7107.88,536,60.5,2,273,2025-12-23,1,22963.81,2026-03-12
acct_00210,tenant_025,manufacturing,8,20965.1,773,59.8,1,295,2025-12-14,1,39158.17,2026-02-06
acct_00211,tenant_026,saas,13,14810.49,494,70.1,0,205,2025-12-11,1,15623.04,2026-01-15
acct_00212,tenant_027,saas,19,32853.29,563,90.0,1,262,2026-01-02,1,67124.21,2026-01-09
acct_00213,tenant_028,manufacturing,11,7176.21,50,75.9,0,148,2025-12-28,1,4767.79,2026-01-10
acct_00214,tenant_029,finance,8,4028.16,219,40.5,3,354,2025-12-17,0,0.0,
acct_00215,tenant_030,saas,6,7617.3,473,65.7,2,210,2025-12-29,0,0.0,
acct_00216,tenant_031,healthcare,6,10895.47,446,21.2,5,44,2025-12-23,0,0.0,
acct_00217,tenant_032,retail,14,8408.15,172,70.0,0,18,2025-12-22,1,7297.92,2026-02-19
acct_00218,tenant_033,retail,10,5028.6,499,74.3,0,87,2025-12-09,0,0.0,
acct_00219,tenant_034,manufacturing,5,4249.39,465,50.4,1,89,2025-12-23,0,0.0,
acct_00220,tenant_035,manufacturing,10,11848.83,288,54.5,2,318,2025-12-31,0,0.0,
acct_00221,tenant_036,finance,6,8392.97,185,48.9,2,291,2025-12-16,0,0.0,
acct_00222,tenant_000,saas,10,3063.33,292,46.6,2,171,2025-12-19,0,0.0,
acct_00223,tenant_001,manufacturing,13,5849.81,123,66.0,1,93,2025-12-31,0,0.0,
acct_00224,tenant_002,saas,19,28035.35,122,92.1,0,229,2025-12-08,1,39515.08,2026-02-01
acct_00225,tenant_003,finance,5,15162.19,149,61.3,0,114,2025-12-17,1,10747.76,2026-01-16
acct_00226,tenant_004,saas,4,8028.04,536,20.6,4,93,2025-12-09,0,0.0,
acct_00227,tenant_005,saas,1,15159.71,734,32.5,4,121,2025-12-30,0,0.0,
acct_00228,tenant_006,manufacturing,3,8929.33,591,38.3,1,280,2025-12-18,0,0.0,
acct_00229,tenant_007,saas,12,19666.01,287,79.9,0,28,2026-01-04,1,23829.38,2026-01-23
acct_00230,tenant_008,saas,2,2115.8,386,0.0,2,245,2025-12-16,0,0.0,
acct_00231,tenant_009,retail,0,17182.15,976,40.6,0,282,2026-01-01,0,0.0,
acct_00232,tenant_010,healthcare,13,25143.21,207,73.3,1,27,2025-12-15,0,0.0,
acct_00233,tenant_011,retail,14,16294.01,504,83.8,0,16,2025-12-17,1,15187.0,2026-04-02
acct_00234,tenant_012,finance,3,9629.85,447,62.0,4,76,2025-12-07,0,0.0,
acct_00235,tenant_013,retail,7,4646.15,280,52.8,0,115,2026-01-04,0,0.0,
acct_00236,tenant_014,finance,8,6078.62,193,55.4,1,261,2025-12-11,1,6079.76,2026-01-29
acct_00237,tenant_015,manufacturing,5,4415.37,466,26.6,2,203,2025-12-21,0,0.0,
acct_00238,tenant_016,manufacturing,12,6813.72,707,64.3,1,277,2025-12-08,0,0.0,
acct_00239,tenant_017,manufacturing,1,3048.5,1714,0.0,2,31,2026-01-02,0,0.0,
acct_00240,tenant_018,saas,6,10576.12,1176,49.6,2,208,2026-01-02,0,0.0,
acct_00241,tenant_019,healthcare,23,31576.68,387,72.2,0,322,2026-01-01,1,35347.66,2026-03-18
acct_00242,tenant_020,saas,17,31706.61,341,68.3,0,331,2025-12-23,1,33344.67,2026-01-08
acct_00243,tenant_021,finance,7,19052.88,305,70.4,1,260,2026-01-02,0,0.0,
acct_00244,tenant_022,finance,12,23359.02,246,41.8,0,255,2026-01-02,0,0.0,
acct_00245,tenant_023,finance,5,14703.83,423,58.4,0,212,2026-01-02,1,13113.73,2026-01-19
acct_00246,tenant_024,saas,3,3986.65,772,3.9,5,62,2025-12-30,0,0.0,
acct_00247,tenant_025,healthcare,7,13648.66,528,39.5,0,85,2025-12-21,0,0.0,
acct_00248,tenant_026,retail,9,4065.11,311,59.4,1,307,2025-12-13,0,0.0,
acct_00249,tenant_027,finance,6,10796.99,234,42.1,0,142,2025-12-29,1,27079.03,2026-01-21
acct_00250,tenant_028,healthcare,12,7039.71,339,57.7,1,251,2025-12-30,0,0.0,
acct_00251,tenant_029,manufacturing,1,6068.14,505,20.0,1,162,2025-12-28,0,0.0,
acct_00252,tenant_030,retail,7,2690.73,124,42.2,1,357,2026-01-03,0,0.0,
acct_00253,tenant_031,manufacturing,9,3106.43,137,41.3,1,34,2025-12-18,1,5121.91,2026-01-21
acct_00254,tenant_032,healthcare,11,4310.74,204,24.1,3,284,2025-12-16,0,0.0,
acct_00255,tenant_033,finance,11,31689.37,1707,65.5,0,79,2025-12-18,1,34611.94,2026-01-28
acct_00256,tenant_034,retail,10,7860.32,273,63.4,2,39,2025-12-21,0,0.0,
acct_00257,tenant_035,finance,8,16436.96,250,71.7,1,76,2025-12-26,1,23536.79,2026-02-27
acct_00258,tenant_036,saas,7,16232.91,147,68.9,0,139,2025-12-25,0,0.0,
acct_00259,tenant_000,manufacturing,13,4992.13,90,60.4,3,69,2025-12-08,0,0.0,
acct_00260,tenant_001,healthcare,8,7961.86,136,53.9,3,40,2025-12-28,0,0.0,
acct_00261,tenant_002,finance,2,3602.83,232,12.4,8,98,2025-12-09,0,0.0,
acct_00262,tenant_003,saas,12,10032.36,247,62.5,1,185,2025-12-13,1,20520.89,2026-04-01
acct_00263,tenant_004,finance,6,25106.88,360,80.8,0,57,2025-12-21,1,19727.69,2026-03-30
acct_00264,tenant_005,retail,7,1973.22,599,15.0,8,261,2026-01-05,0,0.0,
acct_00265,tenant_006,manufacturing,2,2266.9,364,11.9,2,290,2026-01-03,0,0.0,
acct_00266,tenant_007,saas,5,22660.38,1577,41.5,2,196,2025-12-27,1,19307.13,2026-01-08
acct_00267,tenant_008,saas,14,5635.29,98,46.0,2,173,2025-12-29,1,10109.65,2026-03-13
acct_00268,tenant_009,healthcare,11,2097.83,210,48.7,0,197,2025-12-12,0,0.0,
acct_00269,tenant_010,manufacturing,6,9924.38,133,63.1,2,1,2025-12-08,1,16439.93,2026-02-25
acct_00270,tenant_011,saas,6,3181.15,54,52.1,1,91,2025-12-18,0,0.0,
acct_00271,tenant_012,manufacturing,10,5729.95,287,45.7,0,241,2025-12-24,1,9615.94,2026-03-06
acct_00272,tenant_013,retail,9,4593.21,239,45.9,1,37,2026-01-04,1,6433.36,2026-02-03
acct_00273,tenant_014,healthcare,5,1228.71,296,19.9,2,167,2025-12-20,0,0.0,
acct_00274,tenant_015,manufacturing,9,4001.61,290,58.4,1,363,2025-12-13,0,0.0,
acct_00275,tenant_016,saas,17,12872.2,437,71.8,0,84,2025-12-07,1,21281.95,2026-01-28
acct_00276,tenant_017,healthcare,13,8965.58,360,59.9,0,114,2025-12-21,0,0.0,
acct_00277,tenant_018,manufacturing,5,9962.4,220,50.0,1,54,2025-12-20,0,0.0,
acct_00278,tenant_019,finance,5,6708.28,78,58.5,0,239,2025-12-28,1,7310.1,2026-01-16
acct_00279,tenant_020,retail,13,1524.82,67,72.0,1,134,2025-12-24,0,0.0,
acct_00280,tenant_021,saas,7,4077.42,252,46.9,0,217,2025-12-17,0,0.0,
acct_00281,tenant_022,manufacturing,10,9889.6,391,53.2,4,248,2025-12-10,0,0.0,
acct_00282,tenant_023,retail,2,5407.7,940,49.1,0,145,2025-12-12,0,0.0,
acct_00283,tenant_024,retail,11,17472.17,566,70.7,1,186,2025-12-14,0,0.0,
acct_00284,tenant_025,healthcare,8,4082.5,153,54.5,0,291,2025-12-25,0,0.0,
acct_00285,tenant_026,manufacturing,5,11839.42,157,46.6,0,267,2025-12-17,0,0.0,
acct_00286,tenant_027,retail,6,5348.1,1214,24.4,3,320,2025-12-07,0,0.0,
acct_00287,tenant_028,manufacturing,4,5279.78,237,15.8,1,96,2025-12-31,0,0.0,
acct_00288,tenant_029,healthcare,3,3422.7,223,44.8,0,212,2025-12-16,0,0.0,
acct_00289,tenant_030,manufacturing,10,18708.74,577,67.4,0,321,2025-12-17,1,23833.41,2026-02-21
acct_00290,tenant_031,finance,7,10640.46,182,35.4,1,44,2025-12-22,0,0.0,
acct_00291,tenant_032,manufacturing,8,5663.43,147,70.4,3,71,2025-12-30,1,3464.77,2026-01-13
acct_00292,tenant_033,manufacturing,7,1994.62,189,25.5,1,202,2026-01-01,0,0.0,
acct_00293,tenant_034,finance,7,1914.05,758,14.8,4,235,2025-12-31,0,0.0,
acct_00294,tenant_035,healthcare,2,12685.56,1257,36.8,2,293,2025-12-12,0,0.0,
acct_00295,tenant_036,manufacturing,4,5185.95,384,29.6,3,362,2025-12-25,0,0.0,
acct_00296,tenant_000,manufacturing,2,5430.21,1008,8.7,1,289,2025-12-23,0,0.0,
acct_00297,tenant_001,healthcare,8,20707.33,113,45.4,1,301,2025-12-07,0,0.0,
acct_00298,tenant_002,retail,6,5085.86,193,39.2,0,20,2025-12-18,0,0.0,
acct_00299,tenant_003,saas,12,3110.48,135,70.7,1,101,2025-12-20,0,0.0,
acct_00300,tenant_004,saas,5,1683.47,497,24.2,2,17,2025-12-31,1,1196.64,2026-02-04
acct_00301,tenant_005,healthcare,6,8036.64,366,44.1,1,355,2025-12-21,1,12440.59,2026-01-12
acct_00302,tenant_006,finance,18,7482.02,309,78.2,2,35,2025-12-28,1,9336.24,2026-01-11
acct_00303,tenant_007,saas,20,48141.35,221,84.3,0,210,2025-12-18,1,73007.38,2026-02-21
acct_00304,tenant_008,finance,8,8119.24,267,25.6,2,217,2025-12-19,0,0.0,
acct_00305,tenant_009,saas,4,1204.23,190,0.0,3,97,2025-12-25,0,0.0,
acct_00306,tenant_010,saas,9,5902.58,231,44.1,3,293,2025-12-22,0,0.0,
acct_00307,tenant_011,manufacturing,2,1556.52,86,25.9,0,69,2025-12-09,0,0.0,
acct_00308,tenant_012,retail,17,28020.28,230,90.0,1,189,2025-12-26,0,0.0,
acct_00309,tenant_013,manufacturing,12,11283.31,286,81.1,1,137,2025-12-28,1,7428.22,2026-03-23
acct_00310,tenant_014,finance,6,8536.57,138,22.7,1,280,2025-12-19,0,0.0,
acct_00311,tenant_015,healthcare,4,1922.76,171,37.2,1,148,2025-12-08,0,0.0,
acct_00312,tenant_016,healthcare,7,2279.84,324,28.9,4,206,2025-12-16,0,0.0,
acct_00313,tenant_017,manufacturing,7,19207.04,862,62.0,1,324,2026-01-03,0,0.0,
acct_00314,tenant_018,manufacturing,6,2221.82,185,36.3,1,90,2025-12-15,0,0.0,
acct_00315,tenant_019,manufacturing,19,42760.15,567,100.0,0,105,2025-12-10,1,66243.9,2026-03-18
acct_00316,tenant_020,finance,3,2931.75,379,26.4,8,282,2025-12-07,0,0.0,
acct_00317,tenant_021,retail,4,1474.1,79,19.5,2,115,2026-01-03,0,0.0,
acct_00318,tenant_022,healthcare,5,3787.09,81,38.3,1,324,2026-01-02,0,0.0,
acct_00319,tenant_023,saas,2,1698.61,62,17.0,1,320,2025-12-23,0,0.0,
acct_00320,tenant_024,manufacturing,16,18439.87,629,84.7,1,100,2025-12-10,1,32686.42,2026-02-21
acct_00321,tenant_025,saas,20,8924.05,180,79.5,0,274,2025-12-19,1,15130.01,2026-02-25
acct_00322,tenant_026,retail,15,15430.09,272,91.0,3,61,2025-12-25,0,0.0,
acct_00323,tenant_027,finance,9,10019.88,230,34.8,1,46,2025-12-22,0,0.0,
acct_00324,tenant_028,finance,9,22428.67,84,78.5,1,263,2026-01-04,0,0.0,
acct_00325,tenant_029,manufacturing,6,13152.47,733,37.1,3,229,2026-01-02,0,0.0,
acct_00326,tenant_030,saas,9,14579.21,700,52.1,2,158,2025-12-10,0,0.0,
acct_00327,tenant_031,healthcare,7,2693.91,150,42.0,1,63,2025-12-13,0,0.0,
acct_00328,tenant_032,healthcare,16,3641.09,328,55.9,1,249,2025-12-19,0,0.0,
acct_00329,tenant_033,saas,7,9875.35,92,48.3,2,30,2025-12-27,1,12416.29,2026-04-01
acct_00330,tenant_034,saas,6,1948.08,194,19.6,0,71,2025-12-27,0,0.0,
acct_00331,tenant_035,manufacturing,7,6102.0,171,49.7,2,58,2025-12-15,0,0.0,
acct_00332,tenant_036,manufacturing,9,1843.44,34,32.3,0,29,2025-12-15,0,0.0,
acct_00333,tenant_000,manufacturing,1,1730.84,409,6.6,8,139,2026-01-03,0,0.0,
acct_00334,tenant_001,manufacturing,17,14406.76,104,73.9,0,185,2025-12-11,0,0.0,
acct_00335,tenant_002,finance,7,3959.51,81,56.5,1,213,2026-01-01,0,0.0,
acct_00336,tenant_003,manufacturing,9,8036.1,233,23.4,3,277,2025-12-11,0,0.0,
acct_00337,tenant_004,saas,20,23246.08,216,76.3,0,242,2025-12-18,1,34641.51,2026-04-04
acct_00338,tenant_005,healthcare,8,6570.22,156,54.7,1,258,2025-12-14,0,0.0,
acct_00339,tenant_006,healthcare,3,3584.34,171,63.2,1,266,2025-12-16,0,0.0,
acct_00340,tenant_007,retail,23,22505.96,1093,89.2,0,267,2025-12-15,1,27712.0,2026-03-27
acct_00341,tenant_008,retail,1,1744.24,1145,13.3,0,312,2025-12-23,0,0.0,
acct_00342,tenant_009,finance,10,9285.04,211,32.5,1,233,2025-12-09,1,5082.25,2026-01-27
acct_00343,tenant_010,saas,4,3819.97,191,46.9,3,348,2025-12-08,0,0.0,
acct_00344,tenant_011,healthcare,12,6975.19,400,55.5,0,49,2025-12-08,0,0.0,
acct_00345,tenant_012,retail,9,2661.77,138,38.9,0,333,2025-12-12,0,0.0,
acct_00346,tenant_013,finance,2,5785.92,244,0.0,5,110,2026-01-04,0,0.0,
acct_00347,tenant_014,finance,17,13055.62,133,72.7,0,167,2025-12-16,1,8875.25,2026-02-15
acct_00348,tenant_015,manufacturing,2,1028.65,105,0.0,3,300,2026-01-01,0,0.0,
acct_00349,tenant_016,retail,13,2749.13,254,57.8,2,238,2025-12-16,0,0.0,
acct_00350,tenant_017,healthcare,10,7534.86,113,65.0,0,107,2026-01-04,0,0.0,
acct_00351,tenant_018,healthcare,9,7612.67,1162,18.2,2,150,2025-12-29,0,0.0,
acct_00352,tenant_019,retail,3,3002.07,108,24.1,0,62,2026-01-01,0,0.0,
acct_00353,tenant_020,manufacturing,5,10143.2,256,53.8,1,158,2025-12-23,0,0.0,
acct_00354,tenant_021,finance,7,12005.03,584,62.1,0,299,2025-12-22,0,0.0,
acct_00355,tenant_022,manufacturing,13,3618.91,241,57.5,1,111,2025-12-23,0,0.0,
acct_00356,tenant_023,retail,5,6873.74,580,47.1,2,139,2025-12-18,1,5866.33,2026-03-27
acct_00357,tenant_024,healthcare,7,14183.76,427,59.0,1,171,2025-12-28,1,60518.37,2026-01-22
acct_00358,tenant_025,manufacturing,1,1726.54,235,11.5,4,195,2025-12-11,0,0.0,
acct_00359,tenant_026,finance,8,8510.9,246,56.7,2,26,2025-12-28,1,6961.11,2026-02-01
acct_00360,tenant_027,saas,3,3115.45,118,8.2,4,257,2025-12-26,0,0.0,
acct_00361,tenant_028,saas,5,6662.72,328,24.2,4,136,2025-12-26,0,0.0,
acct_00362,tenant_029,healthcare,11,12842.61,168,78.6,0,265,2025-12-23,1,13968.51,2026-01-21
acct_00363,tenant_030,healthcare,12,4101.63,91,55.7,1,149,2025-12-10,0,0.0,
acct_00364,tenant_031,saas,7,1821.2,76,43.1,2,197,2025-12-18,0,0.0,
acct_00365,tenant_032,healthcare,1,1060.59,266,0.0,4,140,2025-12-09,0,0.0,
acct_00366,tenant_033,healthcare,7,6534.3,422,39.8,1,308,2025-12-22,0,0.0,
acct_00367,tenant_034,finance,14,16382.43,419,68.3,0,45,2025-12-10,0,0.0,
acct_00368,tenant_035,manufacturing,12,19938.76,1416,61.1,1,15,2025-12-20,1,15493.32,2026-01-07
acct_00369,tenant_036,healthcare,12,15777.22,214,73.9,2,27,2025-12-12,1,20583.04,2026-02-04
acct_00370,tenant_000,retail,7,5283.06,272,58.7,0,296,2025-12-25,0,0.0,
acct_00371,tenant_001,manufacturing,11,15624.23,249,65.2,2,178,2025-12-14,0,0.0,
acct_00372,tenant_002,finance,0,4669.26,159,12.3,3,341,2025-12-22,0,0.0,
acct_00373,tenant_003,manufacturing,6,3271.21,86,40.7,0,77,2025-12-21,1,5260.84,2026-03-01
acct_00374,tenant_004,retail,13,5521.83,550,88.4,0,198,2025-12-18,1,6523.98,2026-02-24
acct_00375,tenant_005,manufacturing,28,30245.24,337,94.8,0,360,2025-12-28,1,34507.9,2026-02-06
acct_00376,tenant_006,finance,4,8020.94,456,15.4,4,105,2025-12-28,0,0.0,
acct_00377,tenant_007,saas,5,20482.54,291,66.1,0,104,2026-01-04,1,13848.51,2026-04-04
acct_00378,tenant_008,retail,0,543.38,120,0.0,1,92,2025-12-20,0,0.0,
acct_00379,tenant_009,saas,9,38768.38,167,77.8,1,295,2025-12-26,0,0.0,
acct_00380,tenant_010,retail,15,10446.8,209,71.4,1,77,2025-12-25,0,0.0,
acct_00381,tenant_011,manufacturing,5,2391.18,255,54.6,1,72,2025-12-11,0,0.0,
acct_00382,tenant_012,finance,9,4875.15,592,46.5,1,203,2025-12-26,0,0.0,
acct_00383,tenant_013,retail,2,1651.17,93,8.1,4,1,2025-12-17,0,0.0,
acct_00384,tenant_014,manufacturing,10,2321.36,123,63.9,0,334,2025-12-28,0,0.0,
acct_00385,tenant_015,finance,14,13619.71,340,78.0,0,117,2025-12-14,1,32192.66,2026-03-03
acct_00386,tenant_016,finance,8,7342.32,440,42.0,3,128,2025-12-16,0,0.0,
acct_00387,tenant_017,healthcare,12,14338.56,471,60.8,0,181,2025-12-09,0,0.0,
acct_00388,tenant_018,retail,2,2511.88,796,44.8,2,134,2025-12-14,0,0.0,
acct_00389,tenant_019,saas,7,7299.51,141,41.8,1,342,2025-12-18,0,0.0,
acct_00390,tenant_020,saas,12,7854.3,573,33.6,5,244,2025-12-18,0,0.0,
acct_00391,tenant_021,finance,9,4755.1,27,48.5,1,154,2025-12-24,0,0.0,
acct_00392,tenant_022,finance,6,2165.58,104,25.8,1,181,2025-12-20,0,0.0,
acct_00393,tenant_023,healthcare,12,25503.79,186,85.7,0,338,2025-12-31,1,25614.33,2026-02-14
acct_00394,tenant_024,retail,9,4827.73,286,48.3,1,199,2025-12-12,0,0.0,
acct_00395,tenant_025,saas,7,5529.26,499,35.2,0,305,2025-12-25,0,0.0,
acct_00396,tenant_026,saas,8,6066.97,427,38.8,0,13,2025-12-14,0,0.0,
acct_00397,tenant_027,retail,13,9746.51,700,56.2,1,207,2026-01-01,0,0.0,
acct_00398,tenant_028,manufacturing,3,4594.53,782,37.9,1,305,2025-12-27,0,0.0,
acct_00399,tenant_029,retail,9,6521.21,72,49.0,0,241,2026-01-01,0,0.0,
acct_00400,tenant_030,finance,7,3309.63,123,33.6,3,181,2025-12-26,0,0.0,
acct_00401,tenant_031,retail,4,2284.2,56,43.4,0,191,2025-12-19,0,0.0,
acct_00402,tenant_032,finance,7,19438.11,127,65.5,0,329,2025-12-12,0,0.0,
acct_00403,tenant_033,saas,4,12717.53,477,61.8,1,254,2025-12-18,1,9387.67,2026-03-02
acct_00404,tenant_034,retail,3,2538.93,710,33.2,3,122,2025-12-24,0,0.0,
acct_00405,tenant_035,saas,3,10534.76,742,53.6,1,115,2025-12-12,0,0.0,
acct_00406,tenant_036,saas,4,10367.1,202,58.2,1,113,2026-01-01,1,18203.23,2026-02-06
acct_00407,tenant_000,retail,11,1176.13,168,42.5,1,195,2025-12-14,0,0.0,
acct_00408,tenant_001,retail,6,2372.7,121,39.7,0,260,2025-12-17,0,0.0,
acct_00409,tenant_002,saas,2,3226.74,144,30.9,2,283,2025-12-28,0,0.0,
acct_00410,tenant_003,manufacturing,15,5584.61,353,54.3,2,185,2025-12-08,0,0.0,
acct_00411,tenant_004,healthcare,21,9615.28,85,85.0,0,36,2025-12-22,1,38052.56,2026-03-29
acct_00412,tenant_005,retail,18,17902.62,525,75.1,0,1,2025-12-25,0,0.0,
acct_00413,tenant_006,finance,4,7186.06,530,49.0,1,352,2025-12-09,0,0.0,
acct_00414,tenant_007,saas,13,4879.98,291,69.1,2,253,2026-01-01,0,0.0,
acct_00415,tenant_008,healthcare,3,6047.92,731,16.9,2,133,2025-12-14,0,0.0,
acct_00416,tenant_009,manufacturing,7,3917.33,197,8.9,2,164,2025-12-20,0,0.0,
acct_00417,tenant_010,saas,14,16623.48,347,86.8,0,47,2025-12-08,1,44319.04,2026-03-27
acct_00418,tenant_011,finance,8,24560.29,311,63.4,1,234,2025-12-20,0,0.0,
acct_00419,tenant_012,saas,17,10861.77,391,71.0,0,64,2025-12-22,1,15561.54,2026-03-28
acct_00420,tenant_013,saas,5,6394.86,576,36.8,1,337,2025-12-25,0,0.0,
acct_00421,tenant_014,retail,6,7899.88,173,63.0,3,307,2025-12-30,0,0.0,
acct_00422,tenant_015,manufacturing,6,7514.92,160,72.7,1,27,2025-12-14,1,15797.3,2026-03-22
acct_00423,tenant_016,retail,16,2186.2,82,52.0,1,275,2025-12-09,0,0.0,
acct_00424,tenant_017,retail,5,1635.42,178,24.3,1,126,2025-12-12,0,0.0,
acct_00425,tenant_018,saas,2,5545.06,528,17.1,0,208,2025-12-07,0,0.0,
acct_00426,tenant_019,saas,9,14410.76,159,75.2,0,108,2026-01-03,1,24163.41,2026-01-31
acct_00427,tenant_020,saas,10,4535.1,70,40.3,5,304,2025-12-22,0,0.0,
acct_00428,tenant_021,manufacturing,6,2525.42,82,30.7,2,196,2025-12-19,0,0.0,
acct_00429,tenant_022,healthcare,24,11683.7,292,71.8,0,133,2025-12-11,0,0.0,
acct_00430,tenant_023,healthcare,4,2693.09,341,19.2,0,98,2025-12-15,0,0.0,
acct_00431,tenant_024,saas,9,8605.07,243,42.4,1,206,2025-12-20,0,0.0,
acct_00432,tenant_025,manufacturing,3,4762.73,253,34.2,1,342,2025-12-21,0,0.0,
acct_00433,tenant_026,manufacturing,15,13292.52,305,58.8,0,175,2026-01-04,1,10925.79,2026-01-10
acct_00434,tenant_027,saas,10,8022.71,355,33.6,3,94,2025-12-18,0,0.0,
acct_00435,tenant_028,saas,11,13867.46,316,47.7,1,12,2026-01-02,0,0.0,
acct_00436,tenant_029,healthcare,2,2768.9,561,25.1,3,81,2025-12-19,0,0.0,
acct_00437,tenant_030,healthcare,10,8723.57,354,66.1,1,203,2025-12-24,0,0.0,
acct_00438,tenant_031,manufacturing,5,12924.2,967,50.0,1,181,2025-12-18,0,0.0,
acct_00439,tenant_032,saas,8,15897.28,186,61.2,2,338,2025-12-11,0,0.0,
acct_00440,tenant_033,saas,29,36463.63,68,81.0,0,286,2025-12-25,1,30705.92,2026-02-07
acct_00441,tenant_034,saas,2,4408.3,654,49.1,4,190,2026-01-04,1,4492.18,2026-02-15
acct_00442,tenant_035,finance,15,16734.02,397,70.3,2,9,2025-12-07,1,44014.01,2026-03-21
acct_00443,tenant_036,manufacturing,15,11768.49,298,67.7,0,286,2025-12-11,1,20016.88,2026-02-24
acct_00444,tenant_000,manufacturing,6,12931.34,135,81.5,0,15,2025-12-24,1,8156.03,2026-03-14
acct_00445,tenant_001,healthcare,4,23450.93,673,41.4,2,42,2025-12-23,0,0.0,
acct_00446,tenant_002,saas,12,37938.3,352,56.2,0,36,2025-12-25,1,30990.83,2026-02-04
acct_00447,tenant_003,retail,8,3754.23,677,57.3,3,204,2025-12-19,1,6656.82,2026-01-14
acct_00448,tenant_004,healthcare,33,14576.96,187,77.1,0,7,2025-12-24,1,22327.95,2026-02-02
acct_00449,tenant_005,finance,9,14466.95,194,35.1,2,322,2026-01-02,0,0.0,
acct_00450,tenant_006,saas,4,12480.51,435,41.3,0,329,2025-12-25,0,0.0,
acct_00451,tenant_007,manufacturing,8,16500.0,611,50.3,1,3,2025-12-28,0,0.0,
acct_00452,tenant_008,saas,13,25737.9,225,86.7,0,184,2025-12-18,1,16850.68,2026-03-01
acct_00453,tenant_009,finance,6,9936.0,394,42.0,1,205,2025-12-24,1,16433.28,2026-01-10
acct_00454,tenant_010,retail,9,17537.13,2000,65.5,2,269,2025-12-14,1,15271.36,2026-02-19
acct_00455,tenant_011,healthcare,10,6109.91,139,73.9,1,272,2025-12-20,0,0.0,
acct_00456,tenant_012,manufacturing,6,9869.65,2000,29.7,1,309,2025-12-26,0,0.0,
acct_00457,tenant_013,saas,9,12508.83,86,60.5,2,142,2026-01-01,1,10864.01,2026-02-06
acct_00458,tenant_014,manufacturing,5,2378.72,197,38.3,0,43,2025-12-13,0,0.0,
acct_00459,tenant_015,finance,8,15195.19,95,44.5,1,309,2025-12-24,0,0.0,
acct_00460,tenant_016,healthcare,12,4708.38,108,67.1,0,348,2025-12-10,0,0.0,
acct_00461,tenant_017,manufacturing,17,5049.32,121,52.7,1,360,2025-12-25,0,0.0,
acct_00462,tenant_018,manufacturing,10,7338.97,506,55.5,0,98,2025-12-26,1,8295.89,2026-01-25
acct_00463,tenant_019,manufacturing,5,4341.88,229,50.5,2,202,2025-12-28,0,0.0,
acct_00464,tenant_020,saas,9,5875.18,105,61.6,1,109,2025-12-12,0,0.0,
acct_00465,tenant_021,retail,6,2726.94,245,30.8,0,260,2026-01-04,0,0.0,
acct_00466,tenant_022,manufacturing,23,9415.22,101,100.0,0,63,2025-12-26,1,7967.25,2026-03-28
acct_00467,tenant_023,finance,24,57414.84,835,100.0,0,277,2026-01-02,1,114574.27,2026-02-14
acct_00468,tenant_024,saas,9,10281.92,224,45.3,1,45,2025-12-17,0,0.0,
acct_00469,tenant_025,manufacturing,12,3541.44,177,68.8,0,280,2025-12-26,1,3143.12,2026-02-27
acct_00470,tenant_026,finance,7,10772.1,888,32.4,3,306,2025-12-29,0,0.0,
acct_00471,tenant_027,saas,6,2588.8,250,0.0,7,330,2026-01-02,0,0.0,
acct_00472,tenant_028,healthcare,2,3189.15,86,16.8,3,26,2025-12-18,0,0.0,
acct_00473,tenant_029,saas,7,15967.31,568,59.6,1,101,2025-12-17,1,18499.65,2026-03-19
acct_00474,tenant_030,retail,7,6798.72,523,55.8,1,191,2025-12-14,0,0.0,
acct_00475,tenant_031,finance,6,12170.52,583,54.3,1,224,2025-12-19,0,0.0,
acct_00476,tenant_032,finance,15,8682.08,144,61.3,1,22,2025-12-19,0,0.0,
acct_00477,tenant_033,saas,7,2633.65,280,31.6,2,166,2025-12-27,0,0.0,
acct_00478,tenant_034,saas,1,3356.16,439,15.1,0,307,2025-12-09,1,2878.31,2026-01-31
acct_00479,tenant_035,saas,10,23067.61,1512,44.6,0,215,2025-12-27,1,36897.26,2026-02-09
acct_00480,tenant_036,manufacturing,17,10297.58,16,91.3,0,191,2025-12-18,0,0.0,
acct_00481,tenant_000,healthcare,8,9915.9,1187,60.4,0,291,2025-12-27,0,0.0,
acct_00482,tenant_001,retail,21,8772.84,339,80.2,1,167,2026-01-01,1,5895.71,2026-03-04
acct_00483,tenant_002,healthcare,6,23268.94,322,50.6,1,285,2025-12-31,0,0.0,
acct_00484,tenant_003,saas,12,33042.51,266,49.6,0,30,2025-12-31,1,53402.48,2026-03-09
acct_00485,tenant_004,healthcare,6,4178.63,102,49.4,0,341,2025-12-14,0,0.0,
acct_00486,tenant_005,saas,9,7905.55,123,57.2,1,329,2025-12-27,1,6744.12,2026-02-02
acct_00487,tenant_006,healthcare,7,39477.38,306,74.8,2,228,2025-12-26,0,0.0,
acct_00488,tenant_007,retail,26,43073.85,396,100.0,0,195,2026-01-04,1,28140.28,2026-01-26
acct_00489,tenant_008,manufacturing,3,1954.75,266,12.1,6,346,2025-12-21,0,0.0,
acct_00490,tenant_009,saas,7,5329.83,422,27.8,2,44,2025-12-27,1,17220.51,2026-01-14
acct_00491,tenant_010,saas,5,8875.72,523,32.0,6,283,2025-12-09,0,0.0,
acct_00492,tenant_011,retail,4,1569.98,263,42.9,2,220,2026-01-03,0,0.0,
acct_00493,tenant_012,healthcare,6,10196.97,340,56.2,1,192,2026-01-05,0,0.0,
acct_00494,tenant_013,retail,9,11748.93,563,52.9,1,58,2025-12-16,1,17051.31,2026-04-04
acct_00495,tenant_014,healthcare,20,10724.89,266,72.4,1,332,2025-12-15,1,12088.69,2026-03-06
acct_00496,tenant_015,retail,9,3141.58,1554,47.0,0,256,2025-12-26,1,2908.5,2026-03-19
acct_00497,tenant_016,saas,2,3206.79,495,13.4,4,246,2025-12-08,0,0.0,
acct_00498,tenant_017,finance,4,7420.31,141,67.5,0,6,2025-12-11,1,3616.67,2026-02-13
acct_00499,tenant_018,retail,8,2769.5,381,38.0,0,220,2025-12-13,0,0.0,
acct_00500,tenant_019,manufacturing,8,10409.55,124,43.9,1,225,2026-01-05,0,0.0,
acct_00501,tenant_020,finance,5,23429.73,855,44.3,1,170,2025-12-14,1,43177.99,2026-03-05
acct_00502,tenant_021,saas,8,28506.79,1067,69.8,1,115,2026-01-05,1,18049.72,2026-03-06
acct_00503,tenant_022,healthcare,19,59939.32,1314,75.3,0,154,2025-12-18,1,204410.08,2026-04-02
acct_00504,tenant_023,finance,6,9781.81,404,67.5,0,153,2025-12-13,1,9469.09,2026-03-11
acct_00505,tenant_024,healthcare,4,2737.05,78,22.9,1,212,2025-12-15,0,0.0,
acct_00506,tenant_025,healthcare,5,763.43,163,39.9,4,202,2025-12-29,0,0.0,
acct_00507,tenant_026,manufacturing,4,1913.33,199,46.4,0,132,2025-12-08,0,0.0,
acct_00508,tenant_027,saas,15,15186.08,363,66.1,0,277,2025-12-16,1,15209.67,2026-02-20
acct_00509,tenant_028,healthcare,10,2845.25,291,18.8,3,75,2025-12-25,0,0.0,
acct_00510,tenant_029,manufacturing,1,1516.84,140,0.0,1,270,2025-12-30,0,0.0,
acct_00511,tenant_030,finance,15,34175.25,201,80.8,0,316,2025-12-25,1,51232.86,2026-02-28
acct_00512,tenant_031,saas,9,7624.43,113,59.4,1,123,2025-12-21,0,0.0,
acct_00513,tenant_032,saas,8,16698.18,608,50.8,1,283,2025-12-08,0,0.0,
acct_00514,tenant_033,retail,11,10461.89,363,64.3,1,36,2025-12-25,0,0.0,
acct_00515,tenant_034,finance,6,5873.72,311,52.8,4,29,2025-12-25,0,0.0,
acct_00516,tenant_035,retail,7,2960.62,223,61.3,2,13,2025-12-10,0,0.0,
acct_00517,tenant_036,manufacturing,4,4149.48,266,18.6,2,276,2025-12-08,0,0.0,
acct_00518,tenant_000,saas,1,1663.67,362,15.1,4,243,2025-12-23,0,0.0,
acct_00519,tenant_001,retail,5,7791.8,188,44.9,0,88,2025-12-31,0,0.0,
acct_00520,tenant_002,finance,10,15047.62,1714,31.9,4,315,2025-12-28,0,0.0,
acct_00521,tenant_003,retail,2,1344.2,133,5.1,7,14,2025-12-23,0,0.0,
acct_00522,tenant_004,manufacturing,3,3519.79,328,28.9,4,57,2025-12-09,0,0.0,
acct_00523,tenant_005,finance,5,5183.8,122,49.4,0,203,2025-12-17,0,0.0,
acct_00524,tenant_006,finance,2,4052.71,536,0.0,2,185,2025-12-19,0,0.0,
acct_00525,tenant_007,retail,4,8621.26,379,55.6,1,316,2026-01-05,0,0.0,
acct_00526,tenant_008,retail,5,6187.33,241,23.7,2,90,2025-12-08,0,0.0,
acct_00527,tenant_009,finance,16,18220.13,232,76.9,0,231,2025-12-22,1,19943.36,2026-02-26
acct_00528,tenant_010,manufacturing,3,6390.67,153,27.7,3,305,2025-12-08,0,0.0,
acct_00529,tenant_011,manufacturing,17,14041.0,589,84.1,0,42,2025-12-16,1,12610.38,2026-01-29
acct_00530,tenant_012,saas,3,3665.6,243,39.3,1,125,2026-01-03,0,0.0,
acct_00531,tenant_013,manufacturing,9,25001.5,732,58.5,1,62,2025-12-22,0,0.0,
acct_00532,tenant_014,healthcare,15,19768.24,408,76.6,0,267,2025-12-27,1,39671.69,2026-03-27
acct_00533,tenant_015,saas,9,8460.69,361,63.5,0,7,2025-12-20,1,4746.47,2026-03-28
acct_00534,tenant_016,manufacturing,2,5231.32,293,27.7,0,365,2025-12-29,0,0.0,
acct_00535,tenant_017,retail,4,8988.47,546,32.3,3,319,2025-12-21,0,0.0,
acct_00536,tenant_018,saas,7,21420.94,295,41.4,0,62,2025-12-09,1,19760.27,2026-01-06
acct_00537,tenant_019,saas,7,4426.15,331,34.2,1,336,2025-12-28,0,0.0,
acct_00538,tenant_020,healthcare,11,36040.03,793,58.9,2,347,2026-01-05,0,0.0,
acct_00539,tenant_021,saas,10,7977.33,134,84.7,0,19,2025-12-09,1,5137.97,2026-01-13
acct_00540,tenant_022,retail,3,5489.85,1070,14.7,1,352,2025-12-26,0,0.0,
acct_00541,tenant_023,saas,12,53593.56,1097,62.4,0,72,2025-12-24,1,96809.55,2026-02-23
acct_00542,tenant_024,retail,8,5719.82,258,67.8,0,354,2025-12-30,1,6415.04,2026-02-21
acct_00543,tenant_025,finance,8,24443.57,1070,74.8,0,44,2025-12-09,1,39096.88,2026-02-16
acct_00544,tenant_026,saas,4,2551.54,195,28.5,1,111,2025-12-24,0,0.0,
acct_00545,tenant_027,retail,5,1513.69,399,52.8,0,242,2026-01-01,0,0.0,
acct_00546,tenant_028,saas,12,20703.14,641,72.1,4,338,2025-12-11,0,0.0,
acct_00547,tenant_029,retail,12,4493.12,154,65.7,1,34,2025-12-21,0,0.0,
acct_00548,tenant_030,retail,23,15481.28,404,74.6,0,143,2025-12-08,1,11101.54,2026-03-16
acct_00549,tenant_031,retail,2,1656.13,592,29.4,2,336,2025-12-25,0,0.0,
acct_00550,tenant_032,finance,11,9486.63,214,62.3,0,289,2025-12-09,1,7985.06,2026-03-20
acct_00551,tenant_033,saas,11,2949.7,267,55.2,0,4,2025-12-20,1,2902.1,2026-02-02
acct_00552,tenant_034,finance,4,5487.76,152,37.7,0,361,2025-12-21,0,0.0,
acct_00553,tenant_035,saas,6,3337.18,336,20.7,1,236,2026-01-04,0,0.0,
acct_00554,tenant_036,saas,12,18021.33,307,80.2,0,339,2025-12-17,1,12815.5,2026-01-29
acct_00555,tenant_000,finance,7,16304.98,695,68.3,0,359,2025-12-22,1,10658.5,2026-03-01
acct_00556,tenant_001,saas,9,12619.23,366,44.1,3,335,2025-12-23,1,9855.36,2026-02-05
acct_00557,tenant_002,finance,6,3373.08,141,54.5,2,265,2025-12-19,0,0.0,
acct_00558,tenant_003,finance,7,9721.29,797,44.7,0,13,2026-01-02,1,21781.84,2026-02-12
acct_00559,tenant_004,saas,7,6230.54,90,47.2,0,357,2025-12-14,0,0.0,
acct_00560,tenant_005,manufacturing,5,9750.68,617,28.6,0,4,2025-12-10,1,13274.1,2026-02-19
acct_00561,tenant_006,saas,12,7908.21,191,68.7,0,265,2025-12-31,1,6767.01,2026-02-26
acct_00562,tenant_007,retail,7,3802.05,182,43.3,0,174,2025-12-08,0,0.0,
acct_00563,tenant_008,retail,6,7906.73,168,43.5,2,274,2025-12-13,0,0.0,
acct_00564,tenant_009,manufacturing,10,15074.5,756,63.7,2,164,2025-12-07,1,15937.15,2026-01-31
acct_00565,tenant_010,manufacturing,5,10511.96,491,33.1,0,358,2025-12-29,0,0.0,
acct_00566,tenant_011,finance,7,2028.07,291,9.5,0,140,2025-12-16,0,0.0,
acct_00567,tenant_012,saas,9,9611.25,444,38.3,3,142,2025-12-16,0,0.0,
acct_00568,tenant_013,finance,6,11305.67,535,23.4,2,262,2025-12-29,1,11641.6,2026-02-25
acct_00569,tenant_014,saas,14,21766.93,278,63.9,0,171,2025-12-27,1,39771.35,2026-03-26
acct_00570,tenant_015,healthcare,3,8220.23,367,31.7,3,44,2025-12-16,0,0.0,
acct_00571,tenant_016,saas,2,3374.18,217,43.2,2,232,2025-12-23,0,0.0,
acct_00572,tenant_017,saas,29,40799.45,556,100.0,0,124,2026-01-04,1,43680.55,2026-01-29
acct_00573,tenant_018,finance,4,7292.48,211,33.8,3,218,2025-12-25,0,0.0,
acct_00574,tenant_019,finance,7,46775.02,479,46.2,1,61,2025-12-25,0,0.0,
acct_00575,tenant_020,manufacturing,11,17849.9,433,51.1,0,4,2025-12-17,1,19031.9,2026-01-29
acct_00576,tenant_021,healthcare,11,19547.09,318,76.5,1,83,2026-01-01,1,20814.62,2026-02-25
acct_00577,tenant_022,finance,6,7113.26,318,36.0,2,32,2025-12-14,0,0.0,
acct_00578,tenant_023,retail,5,2294.36,129,44.4,2,159,2025-12-13,0,0.0,
acct_00579,tenant_024,healthcare,5,8297.58,325,41.7,2,228,2025-12-07,0,0.0,
acct_00580,tenant_025,manufacturing,5,6240.36,193,63.3,1,41,2025-12-27,0,0.0,
acct_00581,tenant_026,healthcare,1,6458.41,731,27.4,0,24,2026-01-03,0,0.0,
acct_00582,tenant_027,saas,5,8706.32,1075,48.9,1,365,2025-12-26,0,0.0,
acct_00583,tenant_028,saas,12,11277.85,357,33.1,2,14,2025-12-11,0,0.0,
acct_00584,tenant_029,manufacturing,8,4120.39,287,37.8,1,38,2026-01-04,0,0.0,
acct_00585,tenant_030,healthcare,4,1769.67,112,9.3,1,115,2025-12-22,0,0.0,
acct_00586,tenant_031,saas,6,3849.05,132,57.9,2,209,2025-12-31,1,1679.8,2026-03-04
acct_00587,tenant_032,finance,7,10528.05,330,63.5,2,352,2026-01-05,1,8827.95,2026-01-14
acct_00588,tenant_033,manufacturing,11,10092.57,123,67.9,1,127,2026-01-03,0,0.0,
acct_00589,tenant_034,healthcare,5,8399.26,147,72.2,1,129,2025-12-13,1,8816.67,2026-01-25
acct_00590,tenant_035,retail,7,13060.37,839,60.9,2,141,2025-12-28,0,0.0,
acct_00591,tenant_036,manufacturing,9,7740.62,388,51.3,0,231,2025-12-10,0,0.0,
acct_00592,tenant_000,healthcare,19,18505.01,751,93.7,0,229,2025-12-12,1,19297.22,2026-03-31
acct_00593,tenant_001,saas,8,3049.47,279,29.8,2,365,2025-12-30,0,0.0,
acct_00594,tenant_002,manufacturing,11,8153.39,264,58.1,1,59,2025-12-18,0,0.0,
acct_00595,tenant_003,finance,8,8797.16,257,47.7,4,254,2025-12-19,1,14541.97,2026-01-29
acct_00596,tenant_004,finance,5,6329.01,107,49.8,1,161,2025-12-14,0,0.0,
acct_00597,tenant_005,saas,7,25037.4,817,50.3,1,4,2025-12-27,1,23437.73,2026-03-14
acct_00598,tenant_006,retail,11,6406.76,327,64.6,4,260,2025-12-31,0,0.0,
acct_00599,tenant_007,manufacturing,7,3061.82,119,46.7,0,95,2025-12-24,1,6102.19,2026-02-18
acct_00600,tenant_008,manufacturing,5,2396.34,185,61.8,0,156,2025-12-21,0,0.0,
acct_00601,tenant_009,healthcare,13,2873.57,48,56.2,0,173,2025-12-27,1,5166.52,2026-01-13
acct_00602,tenant_010,healthcare,5,19725.23,689,16.4,2,328,2025-12-28,0,0.0,
acct_00603,tenant_011,retail,6,1366.74,137,23.8,1,231,2025-12-18,0,0.0,
acct_00604,tenant_012,saas,7,4099.59,258,40.6,3,94,2025-12-28,0,0.0,
acct_00605,tenant_013,finance,5,946.77,183,14.3,2,64,2025-12-11,0,0.0,
acct_00606,tenant_014,saas,4,21585.18,777,71.1,1,226,2025-12-10,1,52910.03,2026-02-05
acct_00607,tenant_015,manufacturing,6,8093.97,201,55.1,2,1,2025-12-26,0,0.0,
acct_00608,tenant_016,retail,9,9964.39,360,77.8,0,78,2025-12-28,1,8699.26,2026-02-04
acct_00609,tenant_017,retail,17,5830.12,418,86.5,1,174,2025-12-09,0,0.0,
acct_00610,tenant_018,saas,3,2786.14,144,12.5,2,153,2025-12-16,0,0.0,
acct_00611,tenant_019,manufacturing,10,5022.46,304,46.2,0,200,2025-12-13,0,0.0,
acct_00612,tenant_020,manufacturing,5,3630.14,157,69.9,2,345,2026-01-05,0,0.0,
acct_00613,tenant_021,finance,5,16143.77,183,29.9,2,192,2025-12-21,0,0.0,
acct_00614,tenant_022,saas,14,21658.13,279,84.4,1,101,2026-01-03,1,19857.93,2026-02-25
acct_00615,tenant_023,saas,13,7273.77,297,77.4,0,121,2025-12-18,1,5820.01,2026-01-06
acct_00616,tenant_024,saas,27,27438.79,179,88.4,1,223,2025-12-17,1,24276.62,2026-01-21
acct_00617,tenant_025,saas,2,11445.2,159,52.8,3,303,2025-12-14,0,0.0,
acct_00618,tenant_026,manufacturing,10,12276.96,1151,81.7,1,172,2025-12-14,1,34044.0,2026-01-26
acct_00619,tenant_027,saas,47,155294.59,1905,100.0,0,249,2025-12-20,1,105691.85,2026-02-20
acct_00620,tenant_028,healthcare,9,2517.31,137,59.8,2,194,2025-12-31,0,0.0,
acct_00621,tenant_029,healthcare,2,4227.0,536,40.6,2,190,2025-12-27,0,0.0,
acct_00622,tenant_030,saas,2,1384.6,121,21.4,1,58,2025-12-16,0,0.0,
acct_00623,tenant_031,saas,9,3589.77,57,63.7,0,152,2026-01-04,1,16807.28,2026-03-29
acct_00624,tenant_032,retail,6,3906.31,217,34.5,0,317,2026-01-02,0,0.0,
acct_00625,tenant_033,manufacturing,2,8135.28,413,50.2,1,17,2025-12-20,0,0.0,
acct_00626,tenant_034,manufacturing,3,15301.48,382,44.0,2,156,2026-01-01,0,0.0,
acct_00627,tenant_035,healthcare,11,7332.93,160,69.6,0,108,2025-12-25,1,8888.62,2026-02-02
acct_00628,tenant_036,healthcare,4,9637.33,331,46.9,2,358,2025-12-12,0,0.0,
acct_00629,tenant_000,healthcare,5,4947.09,353,38.5,2,336,2026-01-04,0,0.0,
acct_00630,tenant_001,manufacturing,4,1613.27,214,25.3,0,9,2025-12-09,0,0.0,
acct_00631,tenant_002,saas,2,8880.84,162,27.4,4,272,2026-01-03,0,0.0,
acct_00632,tenant_003,saas,14,19575.01,280,56.3,1,175,2025-12-20,0,0.0,
acct_00633,tenant_004,retail,8,698.49,264,31.7,4,329,2025-12-19,0,0.0,
acct_00634,tenant_005,saas,14,21218.5,1412,49.5,0,80,2026-01-05,1,15484.12,2026-03-31
acct_00635,tenant_006,saas,8,4800.37,276,46.7,1,159,2025-12-13,0,0.0,
acct_00636,tenant_007,finance,12,10961.62,71,52.2,3,168,2025-12-19,0,0.0,
acct_00637,tenant_008,manufacturing,6,9788.85,321,54.4,1,103,2025-12-26,0,0.0,
acct_00638,tenant_009,retail,13,1467.63,191,67.3,0,188,2025-12-10,0,0.0,
acct_00639,tenant_010,manufacturing,4,4127.5,279,17.4,2,38,2025-12-30,0,0.0,
acct_00640,tenant_011,manufacturing,5,7854.07,566,50.7,0,331,2026-01-01,1,17592.49,2026-01-17
acct_00641,tenant_012,healthcare,9,11135.63,621,52.0,1,205,2026-01-03,0,0.0,
acct_00642,tenant_013,manufacturing,21,25343.45,538,90.8,0,53,2026-01-01,1,28191.96,2026-02-22
acct_00643,tenant_014,saas,7,22754.08,607,57.0,2,186,2025-12-17,0,0.0,
acct_00644,tenant_015,finance,8,7229.37,455,58.6,1,213,2025-12-20,0,0.0,
acct_00645,tenant_016,finance,7,8768.38,143,41.2,0,91,2025-12-16,0,0.0,
acct_00646,tenant_017,saas,8,6396.13,400,44.9,3,153,2025-12-25,0,0.0,
acct_00647,tenant_018,saas,7,29564.96,532,60.0,1,151,2025-12-09,1,21893.06,2026-01-25
acct_00648,tenant_019,finance,6,33338.73,493,48.2,0,219,2025-12-17,1,66039.01,2026-03-07
acct_00649,tenant_020,finance,14,10691.74,369,56.4,1,342,2025-12-16,0,0.0,
acct_00650,tenant_021,manufacturing,9,13714.98,390,85.1,1,244,2025-12-20,0,0.0,
acct_00651,tenant_022,healthcare,16,4667.63,123,84.0,1,94,2025-12-09,0,0.0,
acct_00652,tenant_023,finance,4,7452.44,361,41.0,1,274,2025-12-10,0,0.0,
acct_00653,tenant_024,healthcare,15,13538.95,520,78.6,3,113,2025-12-29,1,12522.32,2026-01-21
acct_00654,tenant_025,manufacturing,3,33696.75,934,84.2,0,75,2025-12-25,1,51924.29,2026-02-19
acct_00655,tenant_026,retail,2,12072.6,2000,12.6,0,276,2026-01-03,0,0.0,
acct_00656,tenant_027,retail,6,5440.34,313,49.0,1,178,2025-12-21,0,0.0,
acct_00657,tenant_028,finance,16,19443.3,435,87.4,0,217,2025-12-18,1,22228.84,2026-01-23
acct_00658,tenant_029,manufacturing,3,2633.56,327,34.7,2,93,2025-12-13,1,1138.73,2026-02-02
acct_00659,tenant_030,manufacturing,15,7370.53,254,60.8,1,32,2025-12-16,0,0.0,
acct_00660,tenant_031,healthcare,2,1686.69,238,4.7,4,297,2026-01-02,0,0.0,
acct_00661,tenant_032,manufacturing,16,12521.21,347,54.1,0,60,2025-12-23,1,20968.32,2026-03-29
acct_00662,tenant_033,saas,7,10092.44,100,43.3,1,117,2025-12-14,1,12431.05,2026-03-29
acct_00663,tenant_034,retail,9,7869.39,219,61.1,2,103,2026-01-03,1,5664.92,2026-01-31
acct_00664,tenant_035,manufacturing,2,6519.59,151,45.1,2,349,2025-12-27,0,0.0,
acct_00665,tenant_036,manufacturing,15,9436.39,70,61.2,0,248,2025-12-21,0,0.0,
acct_00666,tenant_000,finance,11,20199.63,270,52.5,0,15,2025-12-27,1,13814.83,2026-01-25
acct_00667,tenant_001,healthcare,4,2682.71,98,45.6,0,193,2026-01-05,0,0.0,
acct_00668,tenant_002,retail,14,15184.24,757,71.1,1,244,2025-12-22,1,9859.86,2026-03-28
acct_00669,tenant_003,healthcare,1,1734.02,201,28.4,1,46,2025-12-30,0,0.0,
acct_00670,tenant_004,retail,5,5248.64,241,33.2,3,84,2026-01-01,0,0.0,
acct_00671,tenant_005,healthcare,8,14987.99,283,43.8,1,201,2025-12-13,0,0.0,
acct_00672,tenant_006,manufacturing,5,4641.22,664,31.4,1,102,2025-12-22,1,7054.86,2026-01-16
acct_00673,tenant_007,saas,14,14417.41,252,76.5,1,180,2025-12-23,0,0.0,
acct_00674,tenant_008,manufacturing,5,4289.89,491,44.0,2,37,2025-12-24,0,0.0,
acct_00675,tenant_009,manufacturing,6,14378.85,247,53.6,0,82,2025-12-26,1,22071.34,2026-02-13
acct_00676,tenant_010,finance,4,9459.46,88,51.3,0,357,2026-01-04,1,7718.03,2026-02-04
acct_00677,tenant_011,manufacturing,1,1798.21,530,4.4,2,328,2026-01-05,0,0.0,
acct_00678,tenant_012,manufacturing,4,4472.54,162,36.3,0,290,2025-12-14,0,0.0,
acct_00679,tenant_013,manufacturing,11,2067.48,112,54.2,1,141,2025-12-20,1,2831.78,2026-01-29
acct_00680,tenant_014,manufacturing,6,1039.7,71,18.6,0,78,2025-12-20,0,0.0,
acct_00681,tenant_015,manufacturing,11,2353.72,132,14.6,1,283,2025-12-23,0,0.0,
acct_00682,tenant_016,saas,6,5427.12,604,57.2,1,52,2025-12-20,1,7523.65,2026-03-21
acct_00683,tenant_017,manufacturing,11,12033.12,130,60.8,0,300,2025-12-23,0,0.0,
acct_00684,tenant_018,saas,4,18115.41,822,51.7,1,179,2025-12-29,0,0.0,
acct_00685,tenant_019,manufacturing,6,16302.97,708,37.5,3,258,2025-12-10,0,0.0,
acct_00686,tenant_020,finance,7,23522.17,567,55.7,2,293,2025-12-20,0,0.0,
acct_00687,tenant_021,healthcare,22,10276.51,88,72.1,0,38,2025-12-25,0,0.0,
acct_00688,tenant_022,manufacturing,2,11632.35,1461,10.1,2,110,2025-12-10,0,0.0,
acct_00689,tenant_023,finance,12,6978.3,179,59.1,0,26,2025-12-31,1,5472.34,2026-02-16
acct_00690,tenant_024,healthcare,24,38733.93,229,100.0,1,20,2025-12-15,1,56627.16,2026-02-07
acct_00691,tenant_025,finance,10,15158.97,221,65.0,2,159,2026-01-01,0,0.0,
acct_00692,tenant_026,manufacturing,7,4831.81,459,36.9,2,153,2026-01-05,0,0.0,
acct_00693,tenant_027,retail,9,5721.78,370,59.5,0,160,2025-12-19,0,0.0,
acct_00694,tenant_028,manufacturing,16,11553.95,42,68.9,0,243,2025-12-28,0,0.0,
acct_00695,tenant_029,finance,7,11826.21,1233,23.2,2,223,2025-12-30,0,0.0,
acct_00696,tenant_030,finance,13,2822.3,102,38.8,0,213,2025-12-09,0,0.0,
acct_00697,tenant_031,manufacturing,5,13125.86,576,51.0,1,100,2025-12-26,0,0.0,
acct_00698,tenant_032,saas,4,11908.53,380,63.0,0,9,2025-12-12,1,20067.41,2026-01-10
acct_00699,tenant_033,saas,7,6919.08,129,32.1,1,302,2025-12-08,0,0.0,
acct_00700,tenant_034,manufacturing,4,10645.6,379,51.8,2,270,2025-12-14,0,0.0,
acct_00701,tenant_035,manufacturing,2,2808.93,239,2.1,1,46,2025-12-21,0,0.0,
acct_00702,tenant_036,saas,5,1759.82,281,37.4,3,266,2025-12-15,0,0.0,
acct_00703,tenant_000,saas,15,18881.45,793,73.9,0,120,2025-12-13,1,28123.7,2026-01-16
acct_00704,tenant_001,saas,10,17432.99,537,64.4,2,26,2025-12-29,0,0.0,
acct_00705,tenant_002,healthcare,4,1983.14,99,27.3,0,102,2025-12-09,0,0.0,
acct_00706,tenant_003,saas,4,4933.14,216,20.6,2,74,2025-12-08,0,0.0,
acct_00707,tenant_004,manufacturing,3,4734.29,273,38.3,2,324,2025-12-08,0,0.0,
acct_00708,tenant_005,finance,5,11319.05,516,40.9,1,160,2025-12-21,0,0.0,
acct_00709,tenant_006,saas,12,1888.53,172,40.1,0,263,2026-01-03,1,2750.44,2026-04-01
acct_00710,tenant_007,finance,12,18494.81,662,76.1,0,175,2025-12-15,1,34912.93,2026-03-30
acct_00711,tenant_008,manufacturing,9,9420.81,194,86.7,1,106,2025-12-27,0,0.0,
acct_00712,tenant_009,manufacturing,11,10662.84,241,54.6,0,41,2025-12-10,0,0.0,
acct_00713,tenant_010,saas,1,1596.76,162,7.6,3,176,2025-12-20,0,0.0,
acct_00714,tenant_011,finance,7,5805.13,147,55.4,1,326,2025-12-30,0,0.0,
acct_00715,tenant_012,manufacturing,6,5188.36,529,18.3,2,354,2026-01-02,1,4835.28,2026-04-03
acct_00716,tenant_013,manufacturing,12,28887.27,568,72.0,0,76,2025-12-27,1,43721.13,2026-01-11
acct_00717,tenant_014,finance,2,8094.87,152,30.4,3,333,2025-12-31,0,0.0,
acct_00718,tenant_015,healthcare,7,2437.9,276,39.1,3,147,2026-01-01,0,0.0,
acct_00719,tenant_016,finance,11,14260.58,233,69.2,3,12,2025-12-17,0,0.0,
acct_00720,tenant_017,finance,10,32429.58,670,43.8,1,13,2025-12-14,1,25837.34,2026-02-07
acct_00721,tenant_018,healthcare,9,7059.87,317,48.3,0,11,2025-12-22,1,7006.96,2026-01-07
acct_00722,tenant_019,saas,9,5258.1,86,53.8,1,177,2025-12-26,0,0.0,
acct_00723,tenant_020,healthcare,16,10876.56,193,72.8,0,194,2025-12-16,0,0.0,
acct_00724,tenant_021,finance,12,19449.45,991,48.0,0,33,2025-12-24,0,0.0,
acct_00725,tenant_022,saas,9,7343.42,241,42.9,2,72,2025-12-27,0,0.0,
acct_00726,tenant_023,saas,6,5082.85,173,51.0,1,353,2025-12-11,0,0.0,
acct_00727,tenant_024,saas,5,3545.76,342,33.3,2,25,2025-12-12,0,0.0,
acct_00728,tenant_025,finance,5,18092.63,526,38.5,2,312,2025-12-31,0,0.0,
acct_00729,tenant_026,finance,4,2321.72,372,2.9,2,292,2025-12-22,0,0.0,
acct_00730,tenant_027,retail,3,2677.19,108,45.6,1,113,2025-12-27,0,0.0,
acct_00731,tenant_028,healthcare,25,19467.12,1259,95.2,0,191,2025-12-19,1,28845.73,2026-01-18
acct_00732,tenant_029,saas,2,2811.54,150,1.2,7,135,2025-12-12,0,0.0,
acct_00733,tenant_030,saas,13,38823.12,226,79.6,0,296,2026-01-03,0,0.0,
acct_00734,tenant_031,saas,5,4391.55,391,13.2,0,12,2026-01-02,0,0.0,
acct_00735,tenant_032,manufacturing,15,47546.55,313,93.8,0,183,2025-12-12,1,49692.95,2026-03-06
acct_00736,tenant_033,manufacturing,9,2256.02,125,33.8,1,28,2025-12-24,0,0.0,
acct_00737,tenant_034,saas,4,2530.84,151,0.0,7,149,2026-01-02,0,0.0,
acct_00738,tenant_035,healthcare,3,3164.2,261,44.7,0,241,2025-12-18,0,0.0,
acct_00739,tenant_036,saas,14,3031.52,177,51.4,0,15,2025-12-23,1,3100.39,2026-01-15
acct_00740,tenant_000,manufacturing,12,24945.27,138,94.9,0,143,2025-12-08,1,30863.69,2026-03-17
acct_00741,tenant_001,saas,7,9963.0,411,55.9,0,92,2025-12-14,1,16928.11,2026-02-19
acct_00742,tenant_002,saas,9,5782.12,342,52.5,0,159,2025-12-29,1,7905.86,2026-02-09
acct_00743,tenant_003,saas,8,18015.56,134,81.0,0,6,2025-12-11,1,50520.09,2026-03-15
acct_00744,tenant_004,manufacturing,12,19003.5,268,66.2,0,180,2025-12-25,1,23819.03,2026-02-15
acct_00745,tenant_005,manufacturing,10,16334.59,696,51.0,1,41,2025-12-24,0,0.0,
acct_00746,tenant_006,saas,9,10426.0,188,70.5,3,1,2026-01-02,1,14340.8,2026-03-27
acct_00747,tenant_007,retail,17,20616.25,260,93.9,1,216,2025-12-26,0,0.0,
acct_00748,tenant_008,healthcare,6,4256.38,705,26.9,1,318,2025-12-24,0,0.0,
acct_00749,tenant_009,retail,10,3842.12,349,41.4,4,72,2025-12-18,0,0.0,
acct_00750,tenant_010,retail,6,3914.82,201,34.4,2,355,2026-01-01,0,0.0,
acct_00751,tenant_011,finance,9,33744.46,403,59.3,1,207,2025-12-29,1,32114.1,2026-02-23
acct_00752,tenant_012,retail,10,5465.33,311,57.0,0,182,2025-12-09,0,0.0,
acct_00753,tenant_013,saas,7,1079.8,59,22.5,2,107,2025-12-08,0,0.0,
acct_00754,tenant_014,saas,21,43456.3,1553,97.7,0,172,2026-01-02,1,138631.9,2026-02-02
acct_00755,tenant_015,finance,5,7514.56,378,33.6,0,279,2025-12-19,0,0.0,
acct_00756,tenant_016,manufacturing,3,3263.97,363,30.6,1,244,2025-12-29,1,4887.39,2026-01-23
acct_00757,tenant_017,saas,13,9616.87,196,57.8,2,8,2025-12-09,0,0.0,
acct_00758,tenant_018,saas,9,3525.93,261,22.4,5,225,2026-01-03,0,0.0,
acct_00759,tenant_019,healthcare,9,50935.32,835,79.5,0,324,2026-01-04,1,83953.26,2026-01-20
acct_00760,tenant_020,finance,4,10399.52,1178,39.6,2,33,2025-12-22,0,0.0,
acct_00761,tenant_021,finance,15,12591.34,136,70.5,0,124,2025-12-24,1,10709.83,2026-01-24
acct_00762,tenant_022,manufacturing,17,32739.23,688,89.3,0,340,2025-12-19,0,0.0,
acct_00763,tenant_023,manufacturing,12,10319.28,151,76.4,0,233,2025-12-22,0,0.0,
acct_00764,tenant_024,finance,10,9242.22,121,44.2,0,249,2025-12-30,1,9927.06,2026-03-19
acct_00765,tenant_025,manufacturing,6,4962.35,151,32.1,2,4,2025-12-27,0,0.0,
acct_00766,tenant_026,healthcare,6,1252.77,85,1.9,1,2,2026-01-01,0,0.0,
acct_00767,tenant_027,saas,6,4791.15,354,17.3,2,360,2025-12-09,0,0.0,
acct_00768,tenant_028,saas,9,6983.47,140,59.3,0,216,2026-01-01,1,9606.69,2026-01-06
acct_00769,tenant_029,finance,11,9014.95,250,60.0,0,253,2026-01-05,1,8425.84,2026-01-31
acct_00770,tenant_030,manufacturing,9,6556.14,680,29.3,0,64,2026-01-02,1,6536.88,2026-03-08
acct_00771,tenant_031,manufacturing,4,1326.69,214,35.8,1,8,2025-12-18,0,0.0,
acct_00772,tenant_032,saas,18,42950.11,1223,89.2,2,71,2025-12-20,0,0.0,
acct_00773,tenant_033,healthcare,29,14890.25,79,88.4,1,189,2025-12-09,0,0.0,
acct_00774,tenant_034,saas,23,111496.12,704,87.0,0,326,2025-12-10,1,449510.02,2026-01-21
acct_00775,tenant_035,finance,8,31191.65,559,56.4,1,262,2026-01-01,0,0.0,
acct_00776,tenant_036,manufacturing,2,3629.45,401,45.8,1,133,2025-12-20,0,0.0,
acct_00777,tenant_000,saas,8,3733.87,187,44.9,0,356,2025-12-17,1,4378.27,2026-02-26
acct_00778,tenant_001,manufacturing,3,18048.28,75,62.7,2,96,2025-12-07,0,0.0,
acct_00779,tenant_002,saas,10,6959.41,392,29.7,2,128,2025-12-07,0,0.0,
acct_00780,tenant_003,retail,7,2060.16,398,44.2,2,86,2025-12-22,0,0.0,
acct_00781,tenant_004,saas,10,5452.11,207,54.2,1,26,2025-12-13,1,9582.75,2026-03-15
acct_00782,tenant_005,saas,2,6343.34,90,36.2,1,140,2025-12-18,0,0.0,
acct_00783,tenant_006,manufacturing,11,13805.79,212,60.8,2,351,2025-12-09,1,19303.69,2026-03-30
acct_00784,tenant_007,manufacturing,9,12004.39,285,78.9,0,83,2025-12-24,0,0.0,
acct_00785,tenant_008,finance,3,5902.86,820,13.3,2,305,2025-12-15,0,0.0,
acct_00786,tenant_009,finance,6,15027.55,659,66.6,2,122,2025-12-15,1,38056.0,2026-01-20
acct_00787,tenant_010,healthcare,12,3156.54,272,46.9,1,192,2025-12-29,0,0.0,
acct_00788,tenant_011,healthcare,5,39150.61,335,73.6,1,139,2025-12-30,1,43798.89,2026-02-05
acct_00789,tenant_012,finance,3,11359.21,223,48.1,0,154,2025-12-22,0,0.0,
acct_00790,tenant_013,healthcare,9,12458.22,124,79.1,0,257,2025-12-19,0,0.0,
acct_00791,tenant_014,saas,7,11228.14,72,55.7,0,303,2025-12-25,0,0.0,
acct_00792,tenant_015,saas,9,15564.79,329,51.5,3,200,2025-12-18,0,0.0,
acct_00793,tenant_016,manufacturing,4,7238.56,110,74.5,3,60,2025-12-17,0,0.0,
acct_00794,tenant_017,manufacturing,9,2117.05,217,31.0,2,66,2025-12-29,0,0.0,
acct_00795,tenant_018,finance,12,12083.76,601,40.9,3,271,2025-12-29,0,0.0,
acct_00796,tenant_019,healthcare,13,13124.18,1025,72.6,1,169,2025-12-15,0,0.0,
acct_00797,tenant_020,finance,4,4949.34,361,26.5,3,345,2025-12-26,0,0.0,
acct_00798,tenant_021,healthcare,7,11446.17,341,55.1,1,212,2025-12-22,0,0.0,
acct_00799,tenant_022,saas,11,22058.25,626,30.0,2,193,2026-01-02,0,0.0,
acct_00800,tenant_023,healthcare,6,2995.95,513,49.6,2,333,2025-12-28,0,0.0,
acct_00801,tenant_024,manufacturing,8,6628.71,64,56.1,1,62,2025-12-17,0,0.0,
acct_00802,tenant_025,manufacturing,4,3383.98,149,33.4,2,354,2026-01-01,0,0.0,
acct_00803,tenant_026,retail,12,3634.15,169,66.2,0,303,2025-12-20,1,5615.53,2026-03-04
acct_00804,tenant_027,healthcare,13,3352.58,171,63.8,3,49,2025-12-29,0,0.0,
acct_00805,tenant_028,saas,9,23749.85,861,54.5,0,326,2025-12-26,1,40553.33,2026-03-02
acct_00806,tenant_029,saas,10,21759.42,976,81.7,0,254,2025-12-26,1,13790.13,2026-03-11
acct_00807,tenant_030,manufacturing,6,6801.3,931,26.0,2,284,2025-12-27,0,0.0,
acct_00808,tenant_031,finance,9,3779.84,67,53.5,0,184,2026-01-04,0,0.0,
acct_00809,tenant_032,manufacturing,6,1228.06,282,54.6,4,68,2025-12-08,0,0.0,
acct_00810,tenant_033,retail,10,19788.99,929,62.8,0,184,2025-12-28,1,41088.16,2026-02-16
acct_00811,tenant_034,manufacturing,9,6115.73,117,67.9,0,126,2025-12-29,0,0.0,
acct_00812,tenant_035,manufacturing,6,7629.14,1255,27.8,0,297,2025-12-10,1,12490.01,2026-03-23
acct_00813,tenant_036,manufacturing,4,891.69,134,1.8,2,71,2025-12-20,0,0.0,
acct_00814,tenant_000,manufacturing,3,7356.21,470,52.5,0,23,2025-12-29,1,9940.47,2026-03-22
acct_00815,tenant_001,manufacturing,4,7710.03,184,39.1,1,243,2025-12-17,0,0.0,
acct_00816,tenant_002,saas,6,992.52,144,5.4,2,189,2026-01-04,0,0.0,
acct_00817,tenant_003,saas,21,25318.56,466,89.0,0,321,2026-01-02,1,28853.2,2026-01-26
acct_00818,tenant_004,healthcare,10,13664.69,390,56.0,0,345,2026-01-03,0,0.0,
acct_00819,tenant_005,manufacturing,25,26975.54,73,100.0,1,64,2025-12-07,1,43363.43,2026-01-22
acct_00820,tenant_006,finance,3,5510.06,504,29.8,1,80,2025-12-11,1,7268.48,2026-02-16
acct_00821,tenant_007,saas,5,5139.9,500,23.5,2,197,2025-12-21,1,14937.92,2026-03-26
acct_00822,tenant_008,manufacturing,19,5825.22,158,80.7,1,312,2025-12-28,0,0.0,
acct_00823,tenant_009,healthcare,6,5678.28,278,45.9,2,274,2025-12-16,0,0.0,
acct_00824,tenant_010,saas,19,71975.98,934,82.3,0,276,2025-12-09,1,46779.07,2026-03-30
acct_00825,tenant_011,manufacturing,16,40807.56,651,61.4,0,153,2025-12-09,1,70935.33,2026-01-17
acct_00826,tenant_012,manufacturing,8,5165.43,171,46.2,2,337,2025-12-30,1,7887.21,2026-02-26
acct_00827,tenant_013,manufacturing,13,12394.94,252,61.0,0,354,2026-01-04,0,0.0,
acct_00828,tenant_014,finance,10,11423.06,87,38.6,2,235,2025-12-16,0,0.0,
acct_00829,tenant_015,finance,6,42138.28,2000,53.7,0,326,2025-12-27,1,82045.15,2026-02-17
acct_00830,tenant_016,finance,0,1019.11,365,1.2,2,316,2025-12-20,0,0.0,
acct_00831,tenant_017,manufacturing,4,2317.13,188,26.7,1,169,2025-12-08,0,0.0,
acct_00832,tenant_018,healthcare,8,3146.57,311,22.4,0,148,2026-01-02,0,0.0,
acct_00833,tenant_019,healthcare,5,12546.53,368,54.3,1,149,2025-12-28,1,22125.58,2026-03-03
acct_00834,tenant_020,manufacturing,7,14445.9,500,43.2,1,307,2025-12-21,0,0.0,
acct_00835,tenant_021,retail,10,5859.59,234,48.1,2,11,2025-12-23,0,0.0,
acct_00836,tenant_022,retail,13,9112.74,800,61.0,2,212,2025-12-15,0,0.0,
acct_00837,tenant_023,manufacturing,6,6734.25,693,44.7,1,336,2025-12-31,1,7565.58,2026-03-03
acct_00838,tenant_024,healthcare,14,13697.14,114,66.0,1,219,2025-12-30,1,21834.39,2026-03-25
acct_00839,tenant_025,retail,6,8564.65,532,26.7,1,211,2025-12-10,0,0.0,
acct_00840,tenant_026,retail,18,16563.59,1392,89.5,0,75,2025-12-09,1,20898.26,2026-03-22
acct_00841,tenant_027,manufacturing,12,7521.57,514,48.2,1,167,2026-01-02,0,0.0,
acct_00842,tenant_028,manufacturing,9,2658.4,241,27.4,2,115,2025-12-16,0,0.0,
acct_00843,tenant_029,healthcare,4,2932.15,282,62.1,1,246,2026-01-04,0,0.0,
acct_00844,tenant_030,saas,7,4175.89,459,45.6,0,294,2025-12-10,0,0.0,
acct_00845,tenant_031,manufacturing,7,6088.2,260,54.8,1,288,2025-12-20,0,0.0,
acct_00846,tenant_032,manufacturing,4,8176.36,223,63.6,2,327,2025-12-11,0,0.0,
acct_00847,tenant_033,finance,18,8232.47,135,56.3,3,74,2025-12-25,1,9395.73,2026-04-01
acct_00848,tenant_034,manufacturing,10,4234.64,546,41.6,2,277,2026-01-04,0,0.0,
acct_00849,tenant_035,finance,8,10080.64,843,37.5,1,281,2025-12-12,0,0.0,
acct_00850,tenant_036,manufacturing,13,31436.89,173,73.2,0,186,2025-12-11,0,0.0,
acct_00851,tenant_000,saas,6,10991.33,176,65.8,1,17,2025-12-08,1,8758.93,2026-02-25
acct_00852,tenant_001,manufacturing,3,2803.86,603,10.9,4,94,2026-01-01,0,0.0,
acct_00853,tenant_002,retail,5,6984.6,290,66.7,0,115,2025-12-29,0,0.0,
acct_00854,tenant_003,saas,5,17168.58,528,50.3,0,80,2025-12-09,1,17170.28,2026-01-20
acct_00855,tenant_004,retail,7,6074.66,217,32.4,6,158,2025-12-11,0,0.0,
acct_00856,tenant_005,healthcare,9,20559.03,648,36.0,6,199,2025-12-19,0,0.0,
acct_00857,tenant_006,finance,5,3253.31,328,21.2,1,4,2025-12-24,0,0.0,
acct_00858,tenant_007,retail,8,7644.64,377,49.8,1,57,2025-12-14,0,0.0,
acct_00859,tenant_008,manufacturing,6,6349.62,995,56.6,0,283,2025-12-14,1,4814.22,2026-01-14
acct_00860,tenant_009,saas,11,28062.24,327,56.1,2,261,2025-12-23,0,0.0,
acct_00861,tenant_010,manufacturing,8,5991.81,119,38.2,0,322,2025-12-21,0,0.0,
acct_00862,tenant_011,saas,7,5501.37,385,37.3,3,58,2025-12-14,0,0.0,
acct_00863,tenant_012,manufacturing,9,13197.68,1025,47.1,0,140,2025-12-17,0,0.0,
acct_00864,tenant_013,manufacturing,5,12040.42,308,54.3,0,190,2025-12-21,1,8517.19,2026-01-18
acct_00865,tenant_014,manufacturing,9,19112.65,680,61.0,0,272,2025-12-22,1,41651.67,2026-02-07
acct_00866,tenant_015,healthcare,9,3367.42,857,7.7,3,67,2026-01-02,0,0.0,
acct_00867,tenant_016,manufacturing,3,13154.36,1159,51.6,0,297,2025-12-21,0,0.0,
acct_00868,tenant_017,finance,4,2237.28,186,12.8,3,327,2025-12-26,0,0.0,
acct_00869,tenant_018,retail,4,2499.23,154,22.3,0,257,2025-12-15,0,0.0,
acct_00870,tenant_019,saas,3,3334.23,117,20.8,2,5,2026-01-01,0,0.0,
acct_00871,tenant_020,retail,16,9133.88,222,66.0,1,219,2025-12-09,0,0.0,
acct_00872,tenant_021,finance,7,8451.5,139,65.8,1,200,2025-12-29,1,5552.9,2026-04-02
acct_00873,tenant_022,finance,4,6334.83,488,22.4,2,267,2025-12-29,0,0.0,
acct_00874,tenant_023,saas,9,5386.69,457,62.4,1,279,2025-12-30,1,6137.07,2026-02-17
acct_00875,tenant_024,retail,7,1828.78,76,5.6,4,139,2025-12-14,0,0.0,
acct_00876,tenant_025,manufacturing,6,3864.01,336,68.3,0,51,2025-12-18,1,4438.31,2026-02-07
acct_00877,tenant_026,saas,2,3676.11,397,13.2,2,137,2025-12-24,0,0.0,
acct_00878,tenant_027,saas,17,17071.6,150,62.5,1,85,2025-12-28,1,18999.6,2026-03-02
acct_00879,tenant_028,healthcare,4,1812.1,64,23.8,2,68,2025-12-26,0,0.0,
acct_00880,tenant_029,healthcare,3,1857.09,205,16.3,1,231,2025-12-26,0,0.0,
acct_00881,tenant_030,healthcare,4,3258.56,617,13.3,4,264,2025-12-23,0,0.0,
acct_00882,tenant_031,saas,5,5958.37,395,51.4,2,169,2025-12-14,0,0.0,
acct_00883,tenant_032,manufacturing,10,22549.05,664,60.4,0,251,2025-12-19,1,22965.52,2026-02-18
acct_00884,tenant_033,saas,7,6308.63,408,67.1,0,48,2025-12-13,1,9117.74,2026-03-27
acct_00885,tenant_034,saas,6,2891.51,169,24.6,3,107,2025-12-27,0,0.0,
acct_00886,tenant_035,saas,13,9723.31,560,65.2,0,155,2025-12-10,1,55146.43,2026-03-28
acct_00887,tenant_036,healthcare,2,3413.39,281,0.0,3,272,2025-12-29,0,0.0,
acct_00888,tenant_000,healthcare,4,8605.29,512,41.1,1,167,2025-12-30,0,0.0,
acct_00889,tenant_001,saas,15,28192.24,320,74.7,3,169,2025-12-20,0,0.0,
acct_00890,tenant_002,saas,8,1741.19,557,21.6,3,81,2025-12-16,0,0.0,
acct_00891,tenant_003,saas,5,488.36,246,17.2,3,289,2025-12-28,0,0.0,
acct_00892,tenant_004,manufacturing,3,1622.35,115,48.5,0,98,2025-12-25,0,0.0,
acct_00893,tenant_005,retail,3,2062.06,414,30.4,3,30,2025-12-29,0,0.0,
acct_00894,tenant_006,finance,11,15445.42,660,62.8,0,243,2025-12-17,1,16367.31,2026-03-31
acct_00895,tenant_007,healthcare,1,6809.95,353,32.4,0,49,2025-12-28,0,0.0,
acct_00896,tenant_008,retail,9,4573.88,258,39.8,4,14,2026-01-03,0,0.0,
acct_00897,tenant_009,retail,8,8165.64,869,59.0,0,101,2025-12-15,1,8992.82,2026-02-21
acct_00898,tenant_010,retail,9,9417.67,374,62.8,2,108,2025-12-13,0,0.0,
acct_00899,tenant_011,healthcare,17,16366.23,198,64.2,1,202,2026-01-02,1,16329.91,2026-03-06
acct_00900,tenant_012,manufacturing,4,3801.6,243,48.5,1,148,2025-12-19,0,0.0,
acct_00901,tenant_013,manufacturing,11,30348.31,721,91.0,0,288,2025-12-27,0,0.0,
acct_00902,tenant_014,saas,7,25425.66,279,48.3,3,256,2025-12-15,0,0.0,
acct_00903,tenant_015,saas,13,20038.77,389,67.3,1,235,2025-12-14,0,0.0,
acct_00904,tenant_016,retail,14,4333.57,244,58.5,0,189,2025-12-18,0,0.0,
acct_00905,tenant_017,healthcare,5,3026.89,747,22.8,3,131,2025-12-19,0,0.0,
acct_00906,tenant_018,finance,11,26313.32,332,52.7,1,184,2025-12-19,1,22253.71,2026-03-01
acct_00907,tenant_019,finance,4,6300.16,314,32.8,1,346,2025-12-18,0,0.0,
acct_00908,tenant_020,saas,4,3670.2,127,53.6,1,213,2025-12-19,0,0.0,
acct_00909,tenant_021,healthcare,3,1814.56,226,11.9,1,77,2026-01-04,0,0.0,
acct_00910,tenant_022,manufacturing,7,2096.42,259,41.8,1,177,2025-12-22,0,0.0,
acct_00911,tenant_023,healthcare,7,6436.2,138,48.7,2,27,2025-12-12,0,0.0,
acct_00912,tenant_024,finance,8,3279.87,179,27.2,1,68,2025-12-11,0,0.0,
acct_00913,tenant_025,manufacturing,3,2507.55,111,38.7,0,354,2025-12-21,0,0.0,
acct_00914,tenant_026,healthcare,7,6132.14,280,43.4,4,180,2025-12-16,0,0.0,
acct_00915,tenant_027,saas,0,1506.68,415,8.2,3,291,2026-01-02,0,0.0,
acct_00916,tenant_028,saas,9,88462.5,711,71.1,2,195,2025-12-22,1,46650.19,2026-03-09
acct_00917,tenant_029,healthcare,5,1958.85,482,9.5,2,101,2025-12-07,0,0.0,
acct_00918,tenant_030,retail,9,2963.21,156,56.4,2,290,2025-12-14,0,0.0,
acct_00919,tenant_031,retail,6,5245.43,288,42.5,1,57,2025-12-20,0,0.0,
acct_00920,tenant_032,finance,5,4488.27,1011,37.5,3,298,2025-12-19,0,0.0,
acct_00921,tenant_033,finance,14,3140.18,93,60.7,2,281,2026-01-04,0,0.0,
acct_00922,tenant_034,healthcare,16,5975.93,176,96.1,3,164,2026-01-04,1,4141.99,2026-03-07
acct_00923,tenant_035,manufacturing,7,12754.55,569,38.7,3,1,2025-12-28,0,0.0,
acct_00924,tenant_036,saas,6,4941.5,904,32.5,2,67,2025-12-17,1,6693.92,2026-01-23
acct_00925,tenant_000,manufacturing,5,3587.15,297,41.0,0,357,2025-12-19,0,0.0,
acct_00926,tenant_001,healthcare,12,23354.37,1023,64.2,2,2,2025-12-25,1,25968.36,2026-03-08
acct_00927,tenant_002,saas,5,8459.42,113,20.9,2,270,2025-12-28,0,0.0,
acct_00928,tenant_003,saas,1,2818.1,517,0.0,2,136,2025-12-08,0,0.0,
acct_00929,tenant_004,saas,3,13304.8,485,48.3,2,66,2025-12-17,0,0.0,
acct_00930,tenant_005,healthcare,15,5293.03,203,64.1,0,242,2025-12-28,0,0.0,
acct_00931,tenant_006,saas,16,17049.44,452,72.2,0,162,2025-12-10,1,23602.2,2026-03-17
acct_00932,tenant_007,healthcare,3,2538.68,114,24.0,3,341,2025-12-20,0,0.0,
acct_00933,tenant_008,manufacturing,1,1121.29,219,12.6,5,216,2025-12-22,0,0.0,
acct_00934,tenant_009,finance,6,11763.16,207,52.0,2,360,2025-12-19,0,0.0,
acct_00935,tenant_010,saas,11,18813.77,156,68.5,0,208,2025-12-24,1,37418.71,2026-02-02
acct_00936,tenant_011,retail,8,4470.86,553,49.3,1,52,2025-12-15,0,0.0,
acct_00937,tenant_012,manufacturing,12,6413.78,346,65.6,3,193,2025-12-13,0,0.0,
acct_00938,tenant_013,manufacturing,22,40082.64,126,87.0,0,324,2025-12-10,0,0.0,
acct_00939,tenant_014,healthcare,22,82818.74,803,88.0,0,305,2025-12-11,1,61159.91,2026-03-18
acct_00940,tenant_015,healthcare,1,7725.93,715,7.0,2,8,2025-12-28,0,0.0,
acct_00941,tenant_016,finance,9,9818.83,274,49.3,0,159,2025-12-13,0,0.0,
acct_00942,tenant_017,manufacturing,7,3004.55,217,25.2,7,291,2025-12-14,0,0.0,
acct_00943,tenant_018,manufacturing,5,5950.26,585,49.3,0,226,2025-12-23,0,0.0,
acct_00944,tenant_019,finance,4,7906.68,352,14.7,8,25,2025-12-10,0,0.0,
acct_00945,tenant_020,finance,20,24861.86,373,75.9,2,99,2025-12-24,0,0.0,
acct_00946,tenant_021,healthcare,7,2732.38,317,18.8,3,344,2025-12-26,0,0.0,
acct_00947,tenant_022,retail,3,4427.61,508,42.1,1,303,2026-01-01,0,0.0,
acct_00948,tenant_023,saas,10,41815.45,739,70.0,0,151,2025-12-20,0,0.0,
acct_00949,tenant_024,healthcare,7,12684.99,171,70.6,0,132,2025-12-08,1,10853.3,2026-02-23
acct_00950,tenant_025,manufacturing,9,9261.91,719,73.2,2,196,2025-12-08,0,0.0,
acct_00951,tenant_026,retail,18,13450.32,441,62.1,1,113,2025-12-21,1,13019.24,2026-03-14
acct_00952,tenant_027,healthcare,9,43441.02,1510,76.4,0,192,2025-12-13,1,68392.11,2026-03-24
acct_00953,tenant_028,manufacturing,7,9042.29,226,50.1,2,73,2025-12-24,0,0.0,
acct_00954,tenant_029,manufacturing,8,7085.76,587,46.1,0,146,2025-12-17,0,0.0,
acct_00955,tenant_030,finance,11,6715.7,83,64.5,0,345,2025-12-10,0,0.0,
acct_00956,tenant_031,saas,7,3711.41,236,15.5,2,83,2025-12-22,0,0.0,
acct_00957,tenant_032,saas,5,3620.36,208,26.9,0,238,2025-12-24,0,0.0,
acct_00958,tenant_033,retail,2,1533.02,214,4.0,2,327,2025-12-21,0,0.0,
acct_00959,tenant_034,healthcare,3,7806.75,512,24.1,5,54,2025-12-07,0,0.0,
acct_00960,tenant_035,manufacturing,10,11752.65,357,51.1,1,303,2026-01-03,1,16714.93,2026-03-20
acct_00961,tenant_036,saas,4,4823.88,209,31.8,6,52,2025-12-30,0,0.0,
acct_00962,tenant_000,saas,8,3048.37,111,52.6,0,15,2025-12-25,0,0.0,
acct_00963,tenant_001,saas,7,2883.5,460,19.7,1,311,2025-12-14,0,0.0,
acct_00964,tenant_002,saas,4,9060.3,1792,38.8,0,267,2025-12-30,1,7337.99,2026-01-27
acct_00965,tenant_003,saas,11,12559.25,307,46.5,1,208,2025-12-15,1,23311.47,2026-02-10
acct_00966,tenant_004,saas,12,4830.61,184,58.3,0,69,2026-01-03,0,0.0,
acct_00967,tenant_005,manufacturing,9,16130.16,81,65.0,0,137,2025-12-13,1,18986.49,2026-01-28
acct_00968,tenant_006,healthcare,20,10337.24,497,63.9,0,189,2025-12-22,1,4271.53,2026-03-23
acct_00969,tenant_007,finance,8,25674.56,852,40.2,1,359,2025-12-21,1,25103.98,2026-03-03
acct_00970,tenant_008,saas,7,5006.39,583,23.8,5,271,2026-01-04,0,0.0,
acct_00971,tenant_009,healthcare,4,1784.92,87,67.0,0,195,2026-01-05,1,2012.41,2026-02-13
acct_00972,tenant_010,healthcare,12,1796.92,275,47.9,3,352,2025-12-30,1,1782.39,2026-01-31
acct_00973,tenant_011,saas,20,18594.56,113,99.8,0,211,2026-01-04,1,42217.68,2026-01-22
acct_00974,tenant_012,saas,23,38745.26,871,90.3,2,75,2025-12-29,1,53183.23,2026-03-14
acct_00975,tenant_013,healthcare,7,1938.65,959,40.3,3,16,2025-12-20,0,0.0,
acct_00976,tenant_014,saas,11,16393.25,608,71.9,0,274,2025-12-07,1,14965.95,2026-02-09
acct_00977,tenant_015,healthcare,6,5145.43,159,49.1,2,47,2025-12-11,1,4352.11,2026-03-24
acct_00978,tenant_016,finance,4,5188.65,105,29.7,6,331,2025-12-09,0,0.0,
acct_00979,tenant_017,saas,9,18769.52,1169,25.1,5,68,2025-12-19,0,0.0,
acct_00980,tenant_018,saas,11,5980.08,306,43.8,1,273,2026-01-02,0,0.0,
acct_00981,tenant_019,manufacturing,17,13288.79,204,63.3,3,358,2025-12-29,1,29512.52,2026-01-08
acct_00982,tenant_020,finance,6,10439.82,278,44.9,0,44,2025-12-26,1,19769.25,2026-02-06
acct_00983,tenant_021,retail,16,8579.64,282,83.9,0,26,2025-12-26,1,9343.69,2026-02-17
acct_00984,tenant_022,finance,13,12621.87,2000,36.0,0,212,2025-12-26,0,0.0,
acct_00985,tenant_023,retail,18,7152.15,481,65.0,2,118,2025-12-20,1,7831.31,2026-01-11
acct_00986,tenant_024,manufacturing,3,6397.9,254,51.2,2,321,2025-12-29,0,0.0,
acct_00987,tenant_025,retail,9,7072.22,71,79.4,2,100,2026-01-03,0,0.0,
acct_00988,tenant_026,finance,7,11338.69,703,43.2,4,1,2025-12-10,0,0.0,
acct_00989,tenant_027,retail,20,6126.09,349,86.9,0,61,2025-12-24,1,5940.65,2026-03-13
acct_00990,tenant_028,manufacturing,8,1667.86,129,25.7,2,260,2025-12-09,0,0.0,
acct_00991,tenant_029,saas,9,7686.51,409,33.3,3,208,2026-01-05,0,0.0,
acct_00992,tenant_030,healthcare,3,1347.76,144,32.9,1,305,2026-01-04,0,0.0,
acct_00993,tenant_031,finance,3,3840.23,119,37.4,2,155,2025-12-09,0,0.0,
acct_00994,tenant_032,saas,2,7368.96,913,46.1,3,208,2025-12-10,0,0.0,
acct_00995,tenant_033,healthcare,15,4305.47,278,72.9,2,192,2025-12-24,1,6455.23,2026-04-02
acct_00996,tenant_034,retail,25,21840.92,104,100.0,0,229,2025-12-21,1,34791.19,2026-04-02
acct_00997,tenant_035,manufacturing,2,3335.32,449,10.8,3,21,2025-12-11,0,0.0,
acct_00998,tenant_036,finance,9,112035.47,503,60.7,0,146,2025-12-15,1,209295.95,2026-03-15
acct_00999,tenant_000,saas,3,3922.21,110,54.4,0,330,2025-12-17,1,4061.97,2026-02-04
acct_01000,tenant_001,finance,7,12281.4,374,35.3,1,93,2025-12-08,0,0.0,
acct_01001,tenant_002,saas,7,12113.24,155,58.7,2,115,2026-01-03,1,37977.46,2026-03-04
acct_01002,tenant_003,manufacturing,7,8190.99,190,61.3,1,78,2025-12-17,0,0.0,
acct_01003,tenant_004,finance,5,10725.19,203,56.5,1,113,2025-12-18,0,0.0,
acct_01004,tenant_005,manufacturing,8,3965.47,214,42.6,0,256,2026-01-03,0,0.0,
acct_01005,tenant_006,retail,10,1238.66,126,21.1,4,23,2025-12-07,0,0.0,
acct_01006,tenant_007,healthcare,10,9862.63,308,48.9,1,200,2025-12-11,0,0.0,
acct_01007,tenant_008,healthcare,9,4054.16,164,38.1,3,201,2025-12-12,0,0.0,
acct_01008,tenant_009,retail,3,472.14,269,0.0,2,332,2025-12-26,0,0.0,
acct_01009,tenant_010,finance,8,9175.69,359,35.2,2,101,2025-12-11,0,0.0,
acct_01010,tenant_011,saas,15,17389.05,439,64.1,3,20,2026-01-04,1,10305.27,2026-01-10
acct_01011,tenant_012,finance,3,9186.27,341,41.2,1,277,2025-12-19,1,7467.47,2026-02-15
acct_01012,tenant_013,finance,10,20241.04,357,57.0,0,258,2025-12-11,1,39561.01,2026-02-15
acct_01013,tenant_014,saas,4,19045.18,587,42.3,1,108,2026-01-05,1,27563.12,2026-01-28
acct_01014,tenant_015,manufacturing,7,6288.65,838,61.3,1,87,2025-12-11,0,0.0,
acct_01015,tenant_016,saas,9,17761.26,301,60.1,1,327,2025-12-07,0,0.0,
acct_01016,tenant_017,saas,16,14338.19,751,81.9,2,180,2026-01-03,1,13769.37,2026-03-01
acct_01017,tenant_018,saas,11,7740.74,198,59.6,0,231,2025-12-25,0,0.0,
acct_01018,tenant_019,manufacturing,12,6188.91,623,55.7,1,36,2025-12-20,1,5184.16,2026-01-06
acct_01019,tenant_020,saas,9,19102.45,153,61.3,3,279,2025-12-09,0,0.0,
acct_01020,tenant_021,manufacturing,8,7672.85,258,76.4,1,211,2026-01-03,0,0.0,
acct_01021,tenant_022,healthcare,2,4358.25,488,16.3,1,230,2025-12-27,0,0.0,
acct_01022,tenant_023,manufacturing,5,4962.33,183,39.8,2,12,2025-12-21,0,0.0,
acct_01023,tenant_024,manufacturing,8,4302.53,358,43.0,2,135,2025-12-31,0,0.0,
acct_01024,tenant_025,healthcare,6,16408.81,2000,34.2,0,226,2025-12-11,0,0.0,
acct_01025,tenant_026,manufacturing,18,24320.76,340,75.0,2,17,2025-12-15,0,0.0,
acct_01026,tenant_027,manufacturing,12,4571.53,471,68.6,2,50,2025-12-26,1,3175.18,2026-02-23
acct_01027,tenant_028,manufacturing,5,12317.52,370,47.0,2,137,2025-12-29,0,0.0,
acct_01028,tenant_029,manufacturing,14,5727.73,304,58.9,3,346,2025-12-18,0,0.0,
acct_01029,tenant_030,saas,3,3793.29,82,50.9,0,103,2025-12-16,0,0.0,
acct_01030,tenant_031,retail,1,1429.22,97,28.3,1,182,2025-12-07,0,0.0,
acct_01031,tenant_032,manufacturing,3,4218.4,125,61.4,0,278,2025-12-24,1,9029.8,2026-02-20
acct_01032,tenant_033,healthcare,6,2136.93,163,6.9,3,321,2025-12-10,0,0.0,
acct_01033,tenant_034,finance,9,40892.08,555,60.7,1,285,2025-12-27,1,40732.69,2026-04-04
acct_01034,tenant_035,manufacturing,7,3726.98,357,28.0,1,11,2025-12-14,0,0.0,
acct_01035,tenant_036,retail,11,12493.87,351,76.4,1,125,2026-01-05,1,19352.37,2026-02-20
acct_01036,tenant_000,saas,12,13844.88,283,91.4,0,201,2025-12-12,1,20084.65,2026-02-07
acct_01037,tenant_001,retail,9,20399.81,209,61.2,4,86,2025-12-30,0,0.0,
acct_01038,tenant_002,healthcare,7,7067.47,243,48.6,1,207,2025-12-14,0,0.0,
acct_01039,tenant_003,retail,6,1765.32,230,11.6,1,195,2025-12-27,0,0.0,
acct_01040,tenant_004,healthcare,4,4356.19,287,31.8,2,147,2025-12-14,0,0.0,
acct_01041,tenant_005,manufacturing,4,6195.21,149,60.7,0,349,2026-01-03,0,0.0,
acct_01042,tenant_006,healthcare,7,10377.93,445,55.1,1,361,2025-12-16,0,0.0,
acct_01043,tenant_007,finance,4,1540.44,552,11.2,3,205,2026-01-02,0,0.0,
acct_01044,tenant_008,saas,6,4197.06,227,39.2,0,227,2025-12-16,0,0.0,
acct_01045,tenant_009,saas,4,3684.09,423,28.5,3,50,2025-12-19,0,0.0,
acct_01046,tenant_010,manufacturing,9,6472.23,307,46.8,1,44,2025-12-30,0,0.0,
acct_01047,tenant_011,retail,11,15259.15,763,74.2,0,112,2025-12-11,1,11275.66,2026-02-20
acct_01048,tenant_012,retail,2,973.26,83,29.7,4,27,2025-12-13,0,0.0,
acct_01049,tenant_013,retail,6,2381.87,92,30.7,0,86,2025-12-10,0,0.0,
acct_01050,tenant_014,finance,7,24735.04,1279,35.8,0,204,2025-12-25,0,0.0,
acct_01051,tenant_015,healthcare,4,3285.6,38,41.6,2,33,2025-12-24,0,0.0,
acct_01052,tenant_016,saas,12,5523.94,273,47.5,1,214,2025-12-16,1,7463.76,2026-04-04
acct_01053,tenant_017,healthcare,5,2913.83,194,28.6,3,203,2025-12-15,0,0.0,
acct_01054,tenant_018,manufacturing,8,6232.77,200,65.9,3,228,2025-12-12,0,0.0,
acct_01055,tenant_019,retail,3,7327.31,231,46.0,5,151,2025-12-27,0,0.0,
acct_01056,tenant_020,retail,3,2524.07,674,46.7,1,341,2025-12-26,0,0.0,
acct_01057,tenant_021,finance,4,3257.48,141,22.7,4,192,2025-12-18,0,0.0,
acct_01058,tenant_022,finance,6,14799.29,236,68.1,1,288,2025-12-26,0,0.0,
acct_01059,tenant_023,finance,18,17204.96,310,99.1,0,125,2025-12-26,1,30750.58,2026-01-10
acct_01060,tenant_024,retail,9,1593.87,141,49.3,0,188,2025-12-12,0,0.0,
acct_01061,tenant_025,healthcare,16,3712.61,408,63.9,1,46,2025-12-27,1,3494.89,2026-01-09
acct_01062,tenant_026,saas,2,5717.71,255,34.7,1,347,2026-01-02,0,0.0,
acct_01063,tenant_027,manufacturing,7,13000.64,429,51.0,1,301,2026-01-01,0,0.0,
acct_01064,tenant_028,manufacturing,7,6374.0,298,57.4,1,182,2025-12-28,0,0.0,
acct_01065,tenant_029,manufacturing,4,1925.75,534,39.0,1,138,2025-12-11,1,1642.25,2026-01-13
acct_01066,tenant_030,healthcare,10,12092.78,145,52.0,1,275,2026-01-03,0,0.0,
acct_01067,tenant_031,manufacturing,20,17995.69,305,86.7,1,154,2025-12-30,1,14396.34,2026-01-28
acct_01068,tenant_032,retail,6,7599.32,913,35.6,2,147,2025-12-14,0,0.0,
acct_01069,tenant_033,saas,3,9744.98,408,49.1,1,91,2025-12-21,0,0.0,
acct_01070,tenant_034,manufacturing,19,91498.43,1088,81.6,0,5,2025-12-28,1,90883.65,2026-01-10
acct_01071,tenant_035,healthcare,6,12381.36,39,70.8,2,149,2025-12-17,1,9081.56,2026-01-23
acct_01072,tenant_036,saas,9,16118.24,714,47.7,1,70,2026-01-01,0,0.0,
acct_01073,tenant_000,saas,9,2046.5,159,16.2,6,142,2025-12-23,0,0.0,
acct_01074,tenant_001,finance,10,7705.56,176,70.5,4,272,2025-12-20,0,0.0,
acct_01075,tenant_002,saas,6,5760.44,214,53.5,2,240,2025-12-26,0,0.0,
acct_01076,tenant_003,manufacturing,2,3152.56,172,41.4,0,258,2025-12-23,0,0.0,
acct_01077,tenant_004,saas,13,11131.66,326,55.1,0,45,2025-12-28,0,0.0,
acct_01078,tenant_005,healthcare,8,5103.53,256,52.6,1,348,2025-12-23,0,0.0,
acct_01079,tenant_006,saas,1,10782.59,166,22.9,6,98,2025-12-09,0,0.0,
acct_01080,tenant_007,manufacturing,3,2638.91,75,12.3,3,232,2025-12-17,0,0.0,
acct_01081,tenant_008,saas,2,6205.12,127,29.4,3,116,2025-12-29,0,0.0,
acct_01082,tenant_009,healthcare,20,8317.26,62,66.7,3,334,2025-12-09,0,0.0,
acct_01083,tenant_010,finance,5,13554.73,407,40.7,0,149,2025-12-07,1,12978.39,2026-02-06
acct_01084,tenant_011,healthcare,3,7566.38,2000,0.0,1,301,2025-12-30,0,0.0,
acct_01085,tenant_012,saas,11,8673.8,181,41.5,0,272,2025-12-25,0,0.0,
acct_01086,tenant_013,retail,2,807.0,135,0.6,2,132,2025-12-19,0,0.0,
acct_01087,tenant_014,manufacturing,13,6853.31,687,68.2,1,113,2025-12-18,0,0.0,
acct_01088,tenant_015,finance,8,8177.75,204,57.9,0,141,2026-01-04,0,0.0,
acct_01089,tenant_016,finance,15,15516.0,402,46.6,1,58,2025-12-19,1,21712.45,2026-02-06
acct_01090,tenant_017,saas,6,18310.57,395,20.2,3,192,2026-01-03,0,0.0,
acct_01091,tenant_018,saas,11,4406.0,353,73.1,0,107,2025-12-13,1,6198.86,2026-03-02
acct_01092,tenant_019,finance,2,4714.04,292,27.8,2,46,2025-12-09,0,0.0,
acct_01093,tenant_020,saas,19,38260.53,726,88.4,0,42,2025-12-13,1,38196.73,2026-02-18
acct_01094,tenant_021,saas,12,8617.94,290,48.4,1,184,2025-12-23,1,17151.12,2026-02-06
acct_01095,tenant_022,saas,10,8375.24,119,49.6,1,184,2025-12-23,1,5336.39,2026-02-04
acct_01096,tenant_023,healthcare,7,9182.87,352,26.7,3,151,2025-12-23,0,0.0,
acct_01097,tenant_024,saas,10,16144.21,512,58.8,1,9,2025-12-20,0,0.0,
acct_01098,tenant_025,retail,18,8707.13,371,79.9,1,347,2025-12-09,0,0.0,
acct_01099,tenant_026,saas,13,13250.18,67,85.4,2,146,2026-01-01,0,0.0,
acct_01100,tenant_027,manufacturing,16,45682.2,1002,80.4,3,81,2025-12-29,1,45935.59,2026-03-21
acct_01101,tenant_028,healthcare,9,11827.45,550,40.1,1,130,2025-12-31,0,0.0,
acct_01102,tenant_029,saas,7,2468.16,86,52.1,1,62,2026-01-02,1,3247.05,2026-03-29
acct_01103,tenant_030,healthcare,22,54511.01,1463,86.7,1,166,2025-12-17,1,120386.76,2026-02-21
acct_01104,tenant_031,healthcare,4,5142.57,140,30.1,1,136,2025-12-23,0,0.0,
acct_01105,tenant_032,healthcare,9,7873.57,194,48.4,2,130,2026-01-03,1,33274.83,2026-02-15
acct_01106,tenant_033,saas,2,8997.87,119,51.3,1,61,2025-12-10,1,9563.83,2026-03-26
acct_01107,tenant_034,manufacturing,8,5247.48,577,60.2,0,304,2025-12-30,0,0.0,
acct_01108,tenant_035,saas,7,4757.13,124,31.2,2,127,2025-12-07,0,0.0,
acct_01109,tenant_036,healthcare,4,1184.26,83,32.8,3,186,2025-12-11,0,0.0,
acct_01110,tenant_000,saas,5,3767.05,698,16.0,2,324,2025-12-10,0,0.0,
acct_01111,tenant_001,saas,9,6592.5,762,34.1,1,17,2026-01-03,1,9171.62,2026-02-01
acct_01112,tenant_002,manufacturing,6,3030.04,899,49.4,0,184,2025-12-21,0,0.0,
acct_01113,tenant_003,healthcare,3,5100.01,1558,54.4,1,70,2025-12-08,0,0.0,
acct_01114,tenant_004,saas,4,4340.63,377,8.2,6,60,2026-01-01,0,0.0,
acct_01115,tenant_005,healthcare,6,1018.32,208,2.0,3,347,2025-12-21,0,0.0,
acct_01116,tenant_006,manufacturing,2,1702.79,94,48.2,2,151,2026-01-01,0,0.0,
acct_01117,tenant_007,healthcare,10,6505.64,364,57.5,0,239,2025-12-29,1,6986.24,2026-03-23
acct_01118,tenant_008,saas,5,4157.9,221,31.1,1,61,2025-12-28,0,0.0,
acct_01119,tenant_009,healthcare,10,14087.33,1122,55.8,1,233,2025-12-14,0,0.0,
acct_01120,tenant_010,manufacturing,3,1923.5,32,30.9,3,31,2025-12-23,0,0.0,
acct_01121,tenant_011,finance,7,6762.73,853,21.1,3,276,2026-01-04,0,0.0,
acct_01122,tenant_012,manufacturing,2,5170.73,907,4.1,1,187,2025-12-31,0,0.0,
acct_01123,tenant_013,saas,8,11167.2,130,66.7,0,319,2025-12-20,0,0.0,
acct_01124,tenant_014,retail,7,5015.95,244,74.6,2,236,2025-12-12,0,0.0,
acct_01125,tenant_015,manufacturing,11,9318.16,125,75.4,1,209,2026-01-01,0,0.0,
acct_01126,tenant_016,finance,11,9014.46,283,65.9,1,24,2025-12-22,1,13751.92,2026-01-23
acct_01127,tenant_017,healthcare,7,7273.64,174,33.2,1,251,2026-01-01,1,5152.43,2026-03-16
acct_01128,tenant_018,manufacturing,8,13299.54,337,45.9,2,302,2026-01-02,0,0.0,
acct_01129,tenant_019,manufacturing,19,28642.65,210,100.0,0,343,2025-12-18,1,25894.96,2026-03-18
acct_01130,tenant_020,saas,1,2326.69,271,0.0,1,54,2025-12-28,0,0.0,
acct_01131,tenant_021,saas,7,9621.6,677,65.6,0,115,2025-12-29,1,7488.29,2026-04-04
acct_01132,tenant_022,finance,14,23619.53,180,80.4,2,331,2025-12-15,0,0.0,
acct_01133,tenant_023,saas,11,8262.3,519,55.7,1,57,2026-01-01,0,0.0,
acct_01134,tenant_024,healthcare,9,10253.77,918,44.6,3,20,2025-12-13,0,0.0,
acct_01135,tenant_025,saas,6,12020.75,461,37.8,0,45,2025-12-25,1,9275.24,2026-04-01
acct_01136,tenant_026,manufacturing,8,4201.6,188,47.6,1,87,2025-12-16,1,6889.92,2026-03-16
acct_01137,tenant_027,manufacturing,2,3770.94,325,32.8,1,7,2025-12-13,0,0.0,
acct_01138,tenant_028,manufacturing,4,780.25,77,31.4,0,103,2025-12-17,0,0.0,
acct_01139,tenant_029,saas,5,11630.48,488,28.8,0,287,2025-12-22,0,0.0,
acct_01140,tenant_030,healthcare,5,6801.73,314,28.9,3,265,2026-01-03,0,0.0,
acct_01141,tenant_031,healthcare,2,2394.94,392,27.0,1,349,2025-12-12,0,0.0,
acct_01142,tenant_032,finance,8,12724.25,213,68.1,1,338,2025-12-26,0,0.0,
acct_01143,tenant_033,saas,10,2236.88,71,41.3,2,9,2026-01-04,0,0.0,
acct_01144,tenant_034,retail,4,422.74,135,13.1,3,163,2025-12-11,0,0.0,
acct_01145,tenant_035,healthcare,19,16151.04,218,57.1,1,215,2025-12-29,1,21170.12,2026-03-22
acct_01146,tenant_036,saas,21,4726.15,78,91.5,0,258,2026-01-02,1,11307.29,2026-03-03
acct_01147,tenant_000,finance,12,23397.02,354,52.9,1,199,2025-12-26,0,0.0,
acct_01148,tenant_001,finance,6,5764.63,128,52.0,1,210,2026-01-03,0,0.0,
acct_01149,tenant_002,healthcare,2,1108.24,148,0.0,5,160,2025-12-30,0,0.0,
acct_01150,tenant_003,retail,10,3816.89,808,54.6,0,87,2025-12-29,1,9583.84,2026-01-15
acct_01151,tenant_004,saas,7,8388.96,253,59.0,1,136,2025-12-28,0,0.0,
acct_01152,tenant_005,healthcare,5,2756.69,1166,7.9,4,184,2025-12-12,0,0.0,
acct_01153,tenant_006,finance,13,8324.4,125,55.6,3,60,2025-12-25,0,0.0,
acct_01154,tenant_007,saas,15,7961.25,442,52.3,0,322,2025-12-18,1,9880.9,2026-02-02
acct_01155,tenant_008,saas,13,12720.99,240,71.1,1,174,2025-12-22,0,0.0,
acct_01156,tenant_009,retail,5,945.37,181,21.7,2,299,2025-12-09,0,0.0,
acct_01157,tenant_010,retail,7,4343.65,235,29.1,3,153,2025-12-24,0,0.0,
acct_01158,tenant_011,finance,9,10311.43,326,58.6,0,291,2025-12-24,1,7084.15,2026-03-02
acct_01159,tenant_012,manufacturing,7,1752.91,139,56.1,4,66,2025-12-29,0,0.0,
acct_01160,tenant_013,manufacturing,5,947.79,455,7.2,1,269,2026-01-03,0,0.0,
acct_01161,tenant_014,manufacturing,4,1013.27,142,0.0,1,356,2025-12-20,0,0.0,
acct_01162,tenant_015,saas,6,2296.2,82,47.5,0,160,2025-12-22,1,940.46,2026-02-21
acct_01163,tenant_016,saas,20,53024.94,343,96.5,1,304,2025-12-11,0,0.0,
acct_01164,tenant_017,saas,4,14852.74,151,41.0,0,185,2026-01-04,1,28363.31,2026-01-20
acct_01165,tenant_018,healthcare,16,57823.71,468,95.8,0,311,2025-12-20,1,110386.01,2026-02-13
acct_01166,tenant_019,manufacturing,7,4165.21,133,45.7,1,125,2025-12-08,0,0.0,
acct_01167,tenant_020,finance,7,5424.4,273,63.0,1,237,2025-12-16,0,0.0,
acct_01168,tenant_021,manufacturing,5,4802.9,97,43.7,1,90,2025-12-30,0,0.0,
acct_01169,tenant_022,saas,5,10029.48,221,13.6,8,262,2025-12-13,0,0.0,
acct_01170,tenant_023,retail,3,2243.05,273,19.6,1,229,2026-01-05,0,0.0,
acct_01171,tenant_024,healthcare,9,3551.03,55,65.4,2,51,2025-12-18,0,0.0,
acct_01172,tenant_025,manufacturing,11,6768.71,199,53.4,2,62,2025-12-11,0,0.0,
acct_01173,tenant_026,healthcare,8,4810.28,361,55.3,1,156,2025-12-12,0,0.0,
acct_01174,tenant_027,finance,3,11606.67,375,39.5,1,112,2025-12-14,0,0.0,
acct_01175,tenant_028,finance,9,7181.71,694,42.8,1,338,2025-12-18,0,0.0,
acct_01176,tenant_029,finance,5,38999.12,1381,56.1,0,281,2025-12-11,1,61714.57,2026-03-30
acct_01177,tenant_030,saas,4,923.4,110,12.1,5,160,2026-01-04,0,0.0,
acct_01178,tenant_031,healthcare,3,1350.6,59,8.4,1,205,2025-12-22,0,0.0,
acct_01179,tenant_032,finance,5,7249.79,117,59.6,0,265,2025-12-08,1,8894.31,2026-03-03
acct_01180,tenant_033,manufacturing,2,4425.97,867,56.4,1,186,2025-12-26,0,0.0,
acct_01181,tenant_034,finance,5,15143.65,452,31.9,1,250,2025-12-12,0,0.0,
acct_01182,tenant_035,healthcare,11,17225.6,473,63.6,2,306,2025-12-08,0,0.0,
acct_01183,tenant_036,finance,2,3122.46,109,27.6,0,283,2025-12-09,0,0.0,
acct_01184,tenant_000,manufacturing,7,6551.31,220,39.5,1,8,2025-12-17,0,0.0,
acct_01185,tenant_001,retail,5,2265.88,202,39.7,0,173,2025-12-21,0,0.0,
acct_01186,tenant_002,saas,3,2832.8,192,8.2,1,296,2025-12-19,0,0.0,
acct_01187,tenant_003,saas,5,1963.27,558,8.3,1,357,2026-01-01,0,0.0,
acct_01188,tenant_004,saas,11,19132.38,91,74.2,1,358,2025-12-13,1,11746.94,2026-02-16
acct_01189,tenant_005,finance,19,13586.48,147,76.4,1,318,2025-12-07,1,9065.17,2026-02-18
acct_01190,tenant_006,saas,12,10849.46,833,60.4,2,236,2025-12-26,1,10002.41,2026-01-23
acct_01191,tenant_007,retail,10,2640.5,693,40.6,2,227,2025-12-21,0,0.0,
acct_01192,tenant_008,saas,7,10096.96,170,31.6,0,105,2025-12-21,0,0.0,
acct_01193,tenant_009,retail,13,5766.54,93,51.6,1,276,2025-12-22,0,0.0,
acct_01194,tenant_010,healthcare,5,9715.43,118,41.6,2,168,2025-12-23,0,0.0,
acct_01195,tenant_011,finance,11,6620.63,287,60.7,0,297,2025-12-28,0,0.0,
acct_01196,tenant_012,saas,9,7496.05,196,43.4,1,146,2025-12-31,1,20645.5,2026-02-03
acct_01197,tenant_013,healthcare,9,2600.84,310,27.1,0,84,2025-12-29,0,0.0,
acct_01198,tenant_014,retail,3,1501.38,66,23.4,1,35,2025-12-12,0,0.0,
acct_01199,tenant_015,retail,10,6555.87,735,91.0,1,107,2025-12-22,1,15535.56,2026-02-18
acct_01200,tenant_016,saas,17,29121.81,301,52.3,1,6,2025-12-21,1,58509.99,2026-02-06
acct_01201,tenant_017,saas,12,16611.07,187,52.8,0,332,2025-12-21,0,0.0,
acct_01202,tenant_018,retail,14,9529.35,723,82.9,0,98,2025-12-17,1,15756.74,2026-01-11
acct_01203,tenant_019,finance,9,42320.53,1135,66.2,0,300,2025-12-13,1,27392.98,2026-03-08
acct_01204,tenant_020,retail,9,5745.62,688,57.0,1,222,2025-12-08,0,0.0,
acct_01205,tenant_021,saas,10,18782.67,463,51.0,3,53,2026-01-05,0,0.0,
acct_01206,tenant_022,manufacturing,8,7264.02,109,57.2,2,313,2025-12-22,1,21015.73,2026-02-10
acct_01207,tenant_023,healthcare,11,4909.74,397,53.7,0,6,2025-12-07,0,0.0,
acct_01208,tenant_024,saas,13,7258.25,560,44.5,0,282,2025-12-31,1,9571.11,2026-02-23
acct_01209,tenant_025,finance,8,9990.26,1180,44.2,0,123,2026-01-01,1,8267.43,2026-02-13
acct_01210,tenant_026,saas,5,3705.12,143,61.1,1,210,2025-12-14,0,0.0,
acct_01211,tenant_027,finance,5,4696.5,205,49.7,1,118,2025-12-11,1,9975.07,2026-02-11
acct_01212,tenant_028,saas,13,13145.28,353,80.7,0,280,2025-12-16,1,56169.04,2026-01-30
acct_01213,tenant_029,saas,3,5136.11,552,26.9,3,294,2025-12-10,0,0.0,
acct_01214,tenant_030,retail,13,8969.65,501,72.2,1,284,2025-12-24,1,6279.8,2026-01-30
acct_01215,tenant_031,saas,7,11119.63,1185,39.8,1,260,2025-12-10,0,0.0,
acct_01216,tenant_032,finance,8,5452.93,161,66.9,0,354,2025-12-11,1,13525.96,2026-01-25
acct_01217,tenant_033,manufacturing,16,13588.81,285,100.0,0,47,2025-12-31,1,10969.24,2026-01-12
acct_01218,tenant_034,saas,4,11135.8,265,51.5,0,326,2025-12-11,1,16376.4,2026-01-20
acct_01219,tenant_035,retail,10,6515.65,510,41.9,1,60,2025-12-26,0,0.0,
acct_01220,tenant_036,finance,7,5224.58,192,38.5,1,160,2025-12-11,0,0.0,
acct_01221,tenant_000,saas,13,20379.58,520,83.2,0,12,2025-12-08,1,33445.96,2026-02-25
acct_01222,tenant_001,healthcare,5,4209.75,674,4.7,2,254,2025-12-12,0,0.0,
acct_01223,tenant_002,saas,11,23576.74,320,71.5,2,185,2025-12-21,1,35021.05,2026-03-09
acct_01224,tenant_003,healthcare,17,7269.4,154,62.5,0,343,2025-12-09,0,0.0,
acct_01225,tenant_004,saas,6,4583.76,223,43.0,2,38,2025-12-23,1,6191.56,2026-03-20
acct_01226,tenant_005,saas,5,7993.16,408,42.6,1,98,2025-12-19,0,0.0,
acct_01227,tenant_006,retail,5,2507.14,341,22.4,2,21,2025-12-10,0,0.0,
acct_01228,tenant_007,manufacturing,24,45691.37,660,86.3,0,288,2025-12-22,1,28704.99,2026-03-10
acct_01229,tenant_008,retail,3,23555.21,1752,45.7,1,82,2025-12-16,0,0.0,
acct_01230,tenant_009,retail,5,35093.42,1714,58.6,1,298,2025-12-18,0,0.0,
acct_01231,tenant_010,manufacturing,8,34368.67,1594,62.3,0,195,2025-12-13,1,25094.06,2026-01-21
acct_01232,tenant_011,saas,19,9211.11,223,74.7,2,99,2025-12-23,1,5963.45,2026-02-10
acct_01233,tenant_012,retail,15,27657.88,210,99.5,0,91,2025-12-20,1,51229.11,2026-03-13
acct_01234,tenant_013,saas,11,2952.86,108,39.1,3,19,2025-12-23,0,0.0,
acct_01235,tenant_014,saas,8,4667.28,180,68.0,1,206,2025-12-31,0,0.0,
acct_01236,tenant_015,manufacturing,7,2962.95,271,59.5,0,76,2026-01-04,1,4427.37,2026-01-07
acct_01237,tenant_016,finance,28,36879.74,185,100.0,2,49,2025-12-19,1,38482.55,2026-03-27
acct_01238,tenant_017,manufacturing,16,11620.33,412,72.7,2,310,2026-01-04,0,0.0,
acct_01239,tenant_018,finance,4,8865.67,262,43.7,0,76,2026-01-01,0,0.0,
acct_01240,tenant_019,healthcare,5,3342.33,46,21.6,4,28,2026-01-02,0,0.0,
acct_01241,tenant_020,finance,6,4120.98,147,26.6,2,232,2025-12-09,0,0.0,
acct_01242,tenant_021,manufacturing,5,7216.93,378,44.1,2,162,2026-01-03,0,0.0,
acct_01243,tenant_022,manufacturing,5,16079.28,647,63.3,0,254,2025-12-22,0,0.0,
acct_01244,tenant_023,healthcare,1,3926.29,228,19.1,4,152,2025-12-27,0,0.0,
acct_01245,tenant_024,finance,8,12773.41,231,66.6,1,292,2025-12-16,1,9138.01,2026-02-07
acct_01246,tenant_025,saas,6,5376.82,200,34.4,1,229,2025-12-23,0,0.0,
acct_01247,tenant_026,saas,6,3185.25,169,26.3,2,266,2025-12-25,0,0.0,
acct_01248,tenant_027,healthcare,5,5414.45,1179,18.2,7,350,2025-12-26,0,0.0,
acct_01249,tenant_028,saas,11,15117.13,293,41.8,2,297,2025-12-29,0,0.0,
acct_01250,tenant_029,saas,15,33701.15,232,95.1,0,199,2025-12-28,1,26164.1,2026-03-30
acct_01251,tenant_030,saas,7,2159.29,42,22.7,3,88,2025-12-07,0,0.0,
acct_01252,tenant_031,healthcare,8,16778.93,486,53.1,0,182,2025-12-31,0,0.0,
acct_01253,tenant_032,retail,9,11429.47,422,51.1,0,240,2025-12-10,0,0.0,
acct_01254,tenant_033,finance,21,20853.84,196,92.7,0,259,2025-12-08,1,42376.27,2026-03-30
acct_01255,tenant_034,saas,12,15109.34,214,93.3,1,232,2025-12-19,1,17935.3,2026-03-25
acct_01256,tenant_035,healthcare,6,7729.35,206,42.2,3,69,2025-12-24,0,0.0,
acct_01257,tenant_036,finance,3,4840.68,327,0.0,8,229,2025-12-25,0,0.0,
acct_01258,tenant_000,finance,3,14697.43,1132,24.8,1,267,2025-12-25,0,0.0,
acct_01259,tenant_001,saas,6,6824.6,148,33.2,1,267,2025-12-23,0,0.0,
acct_01260,tenant_002,manufacturing,8,3180.24,235,59.2,0,187,2025-12-28,1,5495.97,2026-02-25
acct_01261,tenant_003,finance,5,6893.15,386,50.8,4,293,2025-12-17,0,0.0,
acct_01262,tenant_004,healthcare,11,3741.54,47,57.8,1,252,2025-12-24,0,0.0,
acct_01263,tenant_005,healthcare,8,27670.77,286,64.6,1,257,2025-12-12,0,0.0,
acct_01264,tenant_006,manufacturing,3,950.56,206,19.6,0,24,2025-12-27,0,0.0,
acct_01265,tenant_007,retail,12,3631.6,145,66.0,2,102,2025-12-31,0,0.0,
acct_01266,tenant_008,saas,1,9801.89,264,19.2,3,361,2025-12-16,0,0.0,
acct_01267,tenant_009,saas,10,5863.1,205,59.6,0,48,2025-12-07,0,0.0,
acct_01268,tenant_010,healthcare,18,30964.01,369,84.1,0,275,2025-12-31,0,0.0,
acct_01269,tenant_011,saas,18,52108.78,1211,65.0,1,8,2025-12-09,0,0.0,
acct_01270,tenant_012,manufacturing,8,9959.67,148,53.5,0,141,2025-12-19,0,0.0,
acct_01271,tenant_013,healthcare,12,55247.6,877,74.3,0,99,2025-12-15,0,0.0,
acct_01272,tenant_014,healthcare,7,5989.74,2000,35.6,1,39,2025-12-28,1,8762.89,2026-03-08
acct_01273,tenant_015,finance,3,9544.6,347,43.1,0,190,2025-12-07,0,0.0,
acct_01274,tenant_016,manufacturing,7,4649.45,133,39.2,2,103,2025-12-07,1,5539.09,2026-03-18
acct_01275,tenant_017,manufacturing,4,24095.17,522,69.0,1,190,2025-12-31,0,0.0,
acct_01276,tenant_018,saas,7,11854.2,577,33.5,2,144,2025-12-07,0,0.0,
acct_01277,tenant_019,saas,6,29754.22,1869,50.0,0,196,2025-12-21,1,102182.3,2026-01-13
acct_01278,tenant_020,retail,9,2257.29,178,42.0,2,85,2026-01-02,0,0.0,
acct_01279,tenant_021,finance,14,12726.3,289,47.1,0,267,2025-12-18,1,27395.26,2026-01-19
acct_01280,tenant_022,finance,11,43192.91,1172,67.4,1,134,2025-12-27,1,69066.92,2026-02-18
acct_01281,tenant_023,finance,7,4934.36,145,39.3,3,276,2025-12-12,0,0.0,
acct_01282,tenant_024,saas,10,6627.42,540,65.1,2,197,2025-12-29,1,5539.29,2026-03-11
acct_01283,tenant_025,saas,11,15606.81,287,64.8,1,279,2025-12-27,1,70225.95,2026-01-25
acct_01284,tenant_026,healthcare,9,19312.01,626,64.1,0,57,2026-01-05,1,18880.33,2026-01-11
acct_01285,tenant_027,saas,5,2682.16,91,49.1,0,204,2026-01-01,1,2041.1,2026-03-31
acct_01286,tenant_028,saas,12,14053.79,562,60.7,0,286,2025-12-31,1,36993.18,2026-01-30
acct_01287,tenant_029,healthcare,10,31282.33,322,83.2,2,312,2025-12-07,0,0.0,
acct_01288,tenant_030,saas,0,1899.59,192,0.0,2,41,2025-12-12,0,0.0,
acct_01289,tenant_031,saas,3,3143.09,276,25.5,0,271,2025-12-13,1,4637.04,2026-03-07
acct_01290,tenant_032,healthcare,12,8488.38,199,75.4,0,197,2025-12-27,0,0.0,
acct_01291,tenant_033,saas,6,3188.05,114,37.6,1,82,2025-12-23,0,0.0,
acct_01292,tenant_034,healthcare,0,4909.55,355,30.7,2,219,2025-12-13,1,4472.7,2026-01-19
acct_01293,tenant_035,finance,3,2697.97,55,15.3,3,272,2025-12-26,0,0.0,
acct_01294,tenant_036,healthcare,7,4143.0,448,49.6,0,97,2025-12-10,0,0.0,
acct_01295,tenant_000,manufacturing,10,9477.04,280,68.8,1,285,2025-12-14,0,0.0,
acct_01296,tenant_001,manufacturing,9,12328.83,117,63.4,1,49,2025-12-14,1,20192.01,2026-02-16
acct_01297,tenant_002,manufacturing,15,18581.11,754,68.8,1,184,2026-01-05,0,0.0,
acct_01298,tenant_003,finance,12,8887.84,814,30.7,0,284,2025-12-31,0,0.0,
acct_01299,tenant_004,healthcare,7,3232.72,396,15.9,1,61,2026-01-04,0,0.0,
acct_01300,tenant_005,healthcare,5,3693.56,694,42.5,0,295,2025-12-17,1,3650.7,2026-02-07
acct_01301,tenant_006,retail,3,649.01,92,16.6,2,352,2025-12-10,0,0.0,
acct_01302,tenant_007,manufacturing,3,11654.11,835,56.6,0,311,2026-01-02,0,0.0,
acct_01303,tenant_008,retail,1,1352.82,249,1.5,3,333,2026-01-02,0,0.0,
acct_01304,tenant_009,retail,8,33514.07,518,64.4,0,169,2025-12-31,1,71890.96,2026-01-17
acct_01305,tenant_010,finance,8,3730.01,237,13.1,5,141,2025-12-07,0,0.0,
acct_01306,tenant_011,finance,2,6884.34,494,19.7,3,142,2026-01-03,0,0.0,
acct_01307,tenant_012,retail,9,8174.94,643,40.1,1,297,2025-12-24,0,0.0,
acct_01308,tenant_013,finance,5,6005.92,275,12.9,1,296,2025-12-15,0,0.0,
acct_01309,tenant_014,manufacturing,5,1893.78,280,47.8,0,329,2026-01-03,0,0.0,
acct_01310,tenant_015,healthcare,6,6700.55,389,54.8,0,84,2025-12-17,1,11724.09,2026-02-27
acct_01311,tenant_016,healthcare,9,10301.24,307,70.1,0,315,2025-12-26,0,0.0,
acct_01312,tenant_017,saas,10,20328.21,691,58.1,0,96,2026-01-01,1,57470.3,2026-02-24
acct_01313,tenant_018,manufacturing,17,10672.51,255,87.8,0,333,2025-12-17,1,11222.25,2026-03-01
acct_01314,tenant_019,retail,8,6842.49,506,64.2,0,308,2025-12-16,1,4714.14,2026-02-08
acct_01315,tenant_020,finance,9,6406.23,423,42.1,4,255,2025-12-08,0,0.0,
acct_01316,tenant_021,saas,8,2728.85,90,27.3,3,54,2025-12-16,0,0.0,
acct_01317,tenant_022,retail,8,6062.38,72,54.0,0,250,2025-12-21,1,6341.73,2026-03-17
acct_01318,tenant_023,saas,4,9125.75,797,44.5,2,86,2025-12-29,1,8860.93,2026-02-03
acct_01319,tenant_024,manufacturing,13,1979.62,115,46.8,1,210,2025-12-25,0,0.0,
acct_01320,tenant_025,saas,8,21066.18,414,63.4,1,314,2025-12-16,1,18423.46,2026-01-24
acct_01321,tenant_026,manufacturing,17,6307.56,557,74.8,1,253,2025-12-29,1,8180.33,2026-03-20
acct_01322,tenant_027,retail,4,926.41,104,31.9,0,323,2025-12-10,0,0.0,
acct_01323,tenant_028,saas,8,6572.27,476,55.0,0,216,2025-12-29,0,0.0,
acct_01324,tenant_029,manufacturing,15,12433.94,384,57.8,2,169,2025-12-11,0,0.0,
acct_01325,tenant_030,finance,25,59315.01,190,95.4,1,42,2025-12-18,1,134250.03,2026-02-14
acct_01326,tenant_031,retail,6,6423.58,229,36.6,2,63,2026-01-05,0,0.0,
acct_01327,tenant_032,manufacturing,4,10310.74,313,50.5,0,196,2025-12-20,0,0.0,
acct_01328,tenant_033,finance,7,4519.82,187,28.3,1,343,2025-12-18,0,0.0,
acct_01329,tenant_034,manufacturing,6,7181.17,1170,43.9,1,32,2025-12-13,0,0.0,
acct_01330,tenant_035,saas,11,17907.83,96,56.0,1,203,2026-01-04,0,0.0,
acct_01331,tenant_036,manufacturing,5,18414.68,1086,51.6,1,129,2025-12-14,0,0.0,
acct_01332,tenant_000,manufacturing,6,2598.27,410,11.5,2,62,2025-12-07,0,0.0,
acct_01333,tenant_001,finance,2,5555.78,607,0.0,1,217,2025-12-18,0,0.0,
acct_01334,tenant_002,healthcare,9,10560.4,245,37.6,1,238,2025-12-12,0,0.0,
acct_01335,tenant_003,manufacturing,11,7546.75,738,59.7,0,292,2025-12-27,1,10675.6,2026-01-16
acct_01336,tenant_004,saas,5,2970.6,60,25.7,1,18,2025-12-16,0,0.0,
acct_01337,tenant_005,manufacturing,3,1646.97,550,15.5,1,136,2025-12-25,0,0.0,
acct_01338,tenant_006,manufacturing,4,6280.91,94,47.9,3,276,2025-12-22,0,0.0,
acct_01339,tenant_007,retail,3,2099.57,1115,21.1,1,236,2025-12-09,0,0.0,
acct_01340,tenant_008,saas,12,12441.19,163,76.8,1,56,2026-01-05,1,15209.15,2026-03-07
acct_01341,tenant_009,retail,5,3905.81,581,36.4,3,131,2026-01-02,0,0.0,
acct_01342,tenant_010,saas,5,4655.23,456,40.7,2,135,2025-12-30,0,0.0,
acct_01343,tenant_011,healthcare,1,2245.84,381,7.8,3,305,2026-01-02,0,0.0,
acct_01344,tenant_012,healthcare,2,2272.34,486,9.6,4,55,2025-12-13,0,0.0,
acct_01345,tenant_013,retail,16,16827.47,841,67.6,1,98,2025-12-11,1,21372.11,2026-03-30
acct_01346,tenant_014,manufacturing,15,14536.4,227,58.9,1,244,2025-12-10,0,0.0,
acct_01347,tenant_015,saas,3,9570.44,635,8.3,3,211,2025-12-20,0,0.0,
acct_01348,tenant_016,saas,5,2749.52,192,14.3,3,51,2025-12-29,0,0.0,
acct_01349,tenant_017,healthcare,5,7614.24,1118,43.9,2,170,2025-12-25,0,0.0,
acct_01350,tenant_018,saas,4,3065.69,173,39.5,0,317,2025-12-16,0,0.0,
acct_01351,tenant_019,saas,16,32930.42,263,87.8,1,284,2025-12-19,1,16008.78,2026-02-03
acct_01352,tenant_020,saas,5,15818.69,446,51.9,3,284,2025-12-10,0,0.0,
acct_01353,tenant_021,saas,5,24849.78,313,70.5,1,224,2025-12-20,1,39127.57,2026-02-03
acct_01354,tenant_022,saas,9,2010.03,121,56.7,0,360,2026-01-01,0,0.0,
acct_01355,tenant_023,saas,9,3654.8,323,49.6,0,311,2025-12-21,0,0.0,
acct_01356,tenant_024,manufacturing,5,2719.92,371,23.6,2,234,2025-12-27,0,0.0,
acct_01357,tenant_025,manufacturing,9,8135.66,297,66.9,0,142,2025-12-07,0,0.0,
acct_01358,tenant_026,healthcare,17,6210.66,278,60.6,1,34,2025-12-13,0,0.0,
acct_01359,tenant_027,saas,6,2469.43,315,26.9,1,15,2025-12-28,0,0.0,
acct_01360,tenant_028,finance,11,24951.02,315,63.9,2,364,2025-12-18,0,0.0,
acct_01361,tenant_029,healthcare,3,1774.79,177,13.9,1,294,2025-12-18,0,0.0,
acct_01362,tenant_030,saas,13,15295.2,170,66.2,1,41,2025-12-29,1,5576.8,2026-02-15
acct_01363,tenant_031,retail,7,3724.89,674,56.4,2,117,2026-01-01,0,0.0,
acct_01364,tenant_032,manufacturing,8,14078.17,245,81.0,0,134,2026-01-02,1,25563.7,2026-01-20
acct_01365,tenant_033,manufacturing,3,2651.5,328,35.7,2,44,2025-12-27,0,0.0,
acct_01366,tenant_034,saas,11,5775.01,197,38.6,0,296,2025-12-21,0,0.0,
acct_01367,tenant_035,healthcare,13,57408.78,312,77.3,0,209,2025-12-28,1,103771.05,2026-03-21
acct_01368,tenant_036,saas,5,11149.26,438,29.7,2,121,2025-12-28,0,0.0,
acct_01369,tenant_000,saas,16,30666.39,1263,85.0,0,259,2025-12-10,1,27746.38,2026-02-09
acct_01370,tenant_001,retail,28,19454.54,320,100.0,0,146,2025-12-25,1,32747.16,2026-04-01
acct_01371,tenant_002,finance,6,9862.7,451,31.7,5,223,2025-12-27,1,16562.75,2026-03-15
acct_01372,tenant_003,manufacturing,5,3013.08,123,55.8,1,76,2025-12-31,0,0.0,
acct_01373,tenant_004,retail,6,3465.43,234,58.7,1,206,2025-12-27,0,0.0,
acct_01374,tenant_005,saas,6,3241.23,453,42.7,1,25,2025-12-13,1,3877.59,2026-01-12
acct_01375,tenant_006,saas,8,5602.53,413,30.5,1,168,2025-12-31,1,8515.61,2026-03-17
acct_01376,tenant_007,manufacturing,5,2748.84,248,27.4,0,86,2026-01-01,0,0.0,
acct_01377,tenant_008,retail,12,12479.33,738,79.4,0,205,2025-12-31,1,16797.81,2026-02-16
acct_01378,tenant_009,finance,5,13617.92,1033,55.6,0,20,2026-01-04,1,15097.07,2026-01-11
acct_01379,tenant_010,saas,1,3328.92,305,15.4,1,142,2025-12-30,0,0.0,
acct_01380,tenant_011,retail,12,9918.61,310,47.0,0,231,2026-01-03,0,0.0,
acct_01381,tenant_012,healthcare,6,9742.43,489,40.4,2,27,2025-12-15,0,0.0,
acct_01382,tenant_013,saas,23,53741.37,608,100.0,0,265,2025-12-30,1,55799.53,2026-02-07
acct_01383,tenant_014,saas,8,3863.4,400,50.8,1,245,2026-01-03,1,4920.28,2026-03-12
acct_01384,tenant_015,finance,6,5044.49,243,43.8,3,339,2025-12-23,1,4854.68,2026-01-17
acct_01385,tenant_016,manufacturing,15,10005.51,151,60.2,1,146,2025-12-12,0,0.0,
acct_01386,tenant_017,retail,7,4343.47,327,56.6,0,248,2025-12-24,0,0.0,
acct_01387,tenant_018,manufacturing,13,23238.52,241,81.0,0,308,2025-12-17,1,22187.97,2026-03-27
acct_01388,tenant_019,healthcare,7,4818.96,353,30.8,2,185,2025-12-13,0,0.0,
acct_01389,tenant_020,finance,7,19281.37,126,83.5,2,350,2025-12-24,1,15113.13,2026-02-25
acct_01390,tenant_021,retail,14,20720.17,985,54.9,0,158,2025-12-07,1,30953.06,2026-01-17
acct_01391,tenant_022,finance,8,1685.39,32,57.0,0,308,2025-12-08,0,0.0,
acct_01392,tenant_023,healthcare,7,9107.95,694,5.8,6,147,2025-12-14,0,0.0,
acct_01393,tenant_024,retail,9,5039.02,217,71.3,3,312,2025-12-14,0,0.0,
acct_01394,tenant_025,saas,9,3021.87,111,33.8,1,196,2025-12-27,0,0.0,
acct_01395,tenant_026,saas,9,12213.34,377,62.3,2,283,2025-12-09,0,0.0,
acct_01396,tenant_027,retail,6,11679.28,489,63.8,3,331,2025-12-21,0,0.0,
acct_01397,tenant_028,retail,8,3717.07,117,39.1,1,356,2025-12-14,0,0.0,
acct_01398,tenant_029,retail,4,1047.45,627,0.0,7,57,2025-12-14,0,0.0,
acct_01399,tenant_030,saas,4,3543.07,934,26.5,1,288,2025-12-31,0,0.0,
acct_01400,tenant_031,finance,10,5890.69,242,61.7,1,136,2025-12-19,0,0.0,
acct_01401,tenant_032,saas,6,21983.44,486,39.6,1,90,2025-12-15,0,0.0,
acct_01402,tenant_033,manufacturing,6,5506.98,349,24.8,0,147,2025-12-31,0,0.0,
acct_01403,tenant_034,healthcare,8,25357.82,266,60.5,1,337,2026-01-04,0,0.0,
acct_01404,tenant_035,manufacturing,3,1293.92,193,30.2,2,320,2025-12-24,0,0.0,
acct_01405,tenant_036,saas,19,17780.48,788,76.1,1,253,2025-12-22,1,27894.38,2026-01-25
acct_01406,tenant_000,retail,4,3980.28,236,40.3,0,6,2025-12-15,1,6497.3,2026-02-04
acct_01407,tenant_001,retail,12,2318.06,156,61.7,2,242,2026-01-04,0,0.0,
acct_01408,tenant_002,manufacturing,5,2102.27,156,19.4,2,109,2025-12-10,0,0.0,
acct_01409,tenant_003,finance,1,2898.76,151,26.5,3,365,2025-12-16,0,0.0,
acct_01410,tenant_004,finance,2,3464.81,508,0.0,2,113,2025-12-14,0,0.0,
acct_01411,tenant_005,saas,10,10313.55,120,46.8,2,34,2025-12-23,0,0.0,
acct_01412,tenant_006,saas,17,9696.08,103,100.0,0,65,2025-12-15,1,5443.56,2026-02-12
acct_01413,tenant_007,finance,12,15875.97,935,54.9,1,110,2025-12-12,0,0.0,
acct_01414,tenant_008,retail,8,1829.94,197,40.3,0,162,2025-12-24,0,0.0,
acct_01415,tenant_009,healthcare,11,7138.18,201,39.0,1,349,2026-01-05,0,0.0,
acct_01416,tenant_010,saas,2,8900.73,1147,38.5,3,291,2026-01-05,0,0.0,
acct_01417,tenant_011,saas,9,7222.95,231,45.0,3,222,2025-12-16,0,0.0,
acct_01418,tenant_012,finance,10,40528.81,716,65.4,1,348,2025-12-30,0,0.0,
acct_01419,tenant_013,finance,7,3835.61,203,44.3,1,141,2025-12-19,0,0.0,
acct_01420,tenant_014,saas,9,12747.35,1255,59.4,0,338,2025-12-21,0,0.0,
acct_01421,tenant_015,healthcare,16,18590.53,291,91.9,0,312,2025-12-12,1,12770.25,2026-03-11
acct_01422,tenant_016,saas,13,32310.23,1020,85.6,0,217,2025-12-10,1,50332.85,2026-02-09
acct_01423,tenant_017,saas,10,12974.92,581,56.4,2,329,2026-01-03,0,0.0,
acct_01424,tenant_018,saas,7,14705.09,633,54.8,1,165,2026-01-03,1,17107.17,2026-03-12
acct_01425,tenant_019,retail,13,5579.16,242,60.1,0,94,2025-12-22,1,4398.48,2026-01-11
acct_01426,tenant_020,retail,10,1892.05,153,47.1,2,323,2025-12-09,0,0.0,
acct_01427,tenant_021,retail,3,3933.5,372,44.3,1,270,2025-12-24,0,0.0,
acct_01428,tenant_022,saas,13,2563.68,169,64.5,0,65,2025-12-26,1,6471.81,2026-01-11
acct_01429,tenant_023,healthcare,8,15466.38,461,63.1,1,195,2026-01-02,0,0.0,
acct_01430,tenant_024,healthcare,1,3358.65,144,13.4,4,318,2025-12-09,0,0.0,
acct_01431,tenant_025,finance,6,32165.07,1024,48.1,0,212,2025-12-28,1,30959.63,2026-01-20
acct_01432,tenant_026,finance,5,11189.97,521,73.5,0,127,2025-12-19,0,0.0,
acct_01433,tenant_027,healthcare,5,5193.36,118,46.9,3,214,2025-12-23,0,0.0,
acct_01434,tenant_028,saas,26,39636.28,516,88.3,0,260,2025-12-29,1,48552.29,2026-02-26
acct_01435,tenant_029,manufacturing,10,7638.41,113,61.4,0,311,2025-12-22,0,0.0,
acct_01436,tenant_030,manufacturing,3,10008.11,426,37.2,4,241,2026-01-02,0,0.0,
acct_01437,tenant_031,manufacturing,7,12342.77,1402,55.3,0,118,2025-12-25,0,0.0,
acct_01438,tenant_032,manufacturing,7,3762.46,134,49.7,2,191,2026-01-04,0,0.0,
acct_01439,tenant_033,manufacturing,9,5457.25,259,24.8,4,67,2025-12-20,0,0.0,
acct_01440,tenant_034,healthcare,6,3824.41,433,16.4,2,45,2025-12-12,0,0.0,
acct_01441,tenant_035,manufacturing,17,5728.84,178,81.2,0,19,2025-12-15,1,5356.43,2026-03-03
acct_01442,tenant_036,healthcare,2,3936.34,605,13.6,0,207,2025-12-09,0,0.0,
acct_01443,tenant_000,saas,4,3459.82,229,25.2,3,198,2025-12-15,0,0.0,
acct_01444,tenant_001,saas,5,6118.98,66,51.0,2,274,2025-12-31,0,0.0,
acct_01445,tenant_002,retail,7,2036.28,361,23.5,0,284,2026-01-05,0,0.0,
acct_01446,tenant_003,saas,8,18769.1,977,55.5,2,12,2025-12-21,1,54785.15,2026-01-09
acct_01447,tenant_004,finance,6,17961.12,71,36.4,3,3,2025-12-22,0,0.0,
acct_01448,tenant_005,finance,5,10189.03,256,29.2,2,169,2025-12-10,0,0.0,
acct_01449,tenant_006,healthcare,25,24065.1,169,76.3,0,128,2025-12-30,1,41198.16,2026-03-26
acct_01450,tenant_007,healthcare,4,2840.23,46,30.0,1,147,2025-12-11,0,0.0,
acct_01451,tenant_008,manufacturing,8,14438.04,257,63.4,1,274,2025-12-15,0,0.0,
acct_01452,tenant_009,healthcare,9,5898.91,188,67.2,0,323,2025-12-12,0,0.0,
acct_01453,tenant_010,saas,12,22329.88,403,62.5,2,242,2026-01-04,1,13970.07,2026-02-03
acct_01454,tenant_011,saas,7,23151.64,258,55.9,2,297,2025-12-11,1,29669.66,2026-01-12
acct_01455,tenant_012,saas,8,14307.82,719,38.5,1,35,2025-12-27,1,20005.41,2026-02-16
acct_01456,tenant_013,saas,8,9585.91,172,42.1,2,15,2025-12-12,0,0.0,
acct_01457,tenant_014,manufacturing,9,7021.75,384,33.1,1,104,2026-01-01,0,0.0,
acct_01458,tenant_015,manufacturing,5,2457.7,266,44.0,1,138,2025-12-18,0,0.0,
acct_01459,tenant_016,saas,1,3325.78,300,30.8,1,15,2025-12-30,0,0.0,
acct_01460,tenant_017,healthcare,3,3020.06,660,16.8,2,190,2026-01-04,0,0.0,
acct_01461,tenant_018,retail,5,3214.12,287,25.8,2,287,2025-12-20,0,0.0,
acct_01462,tenant_019,healthcare,5,4019.55,336,61.9,0,168,2025-12-28,1,4958.44,2026-01-24
acct_01463,tenant_020,saas,18,18562.98,467,86.2,1,234,2025-12-08,1,13060.8,2026-02-24
acct_01464,tenant_021,retail,14,15165.89,699,97.0,1,8,2026-01-03,0,0.0,
acct_01465,tenant_022,manufacturing,7,3078.01,104,28.5,0,173,2025-12-09,0,0.0,
acct_01466,tenant_023,healthcare,5,7743.58,394,33.5,3,138,2025-12-22,0,0.0,
acct_01467,tenant_024,saas,9,17219.47,443,51.7,1,58,2025-12-19,1,17359.63,2026-03-16
acct_01468,tenant_025,healthcare,8,8725.26,333,52.9,1,63,2025-12-29,0,0.0,
acct_01469,tenant_026,manufacturing,4,5868.36,92,52.5,2,305,2025-12-07,0,0.0,
acct_01470,tenant_027,finance,6,4526.32,229,55.0,1,171,2026-01-01,0,0.0,
acct_01471,tenant_028,finance,6,7900.37,236,24.6,4,247,2025-12-08,0,0.0,
acct_01472,tenant_029,retail,13,19659.6,342,86.6,0,150,2025-12-25,1,22476.28,2026-01-26
acct_01473,tenant_030,finance,7,4567.44,167,24.6,2,231,2025-12-22,0,0.0,
acct_01474,tenant_031,saas,6,5015.25,279,27.2,0,129,2025-12-14,0,0.0,
acct_01475,tenant_032,saas,9,22394.76,765,54.9,3,233,2026-01-02,0,0.0,
acct_01476,tenant_033,saas,21,19388.62,386,79.7,1,104,2026-01-02,1,35401.4,2026-02-03
acct_01477,tenant_034,finance,6,10838.62,246,59.5,1,255,2025-12-18,0,0.0,
acct_01478,tenant_035,finance,4,18925.95,585,50.4,0,65,2025-12-13,1,24965.07,2026-03-15
acct_01479,tenant_036,manufacturing,16,3906.41,270,62.2,0,143,2026-01-01,1,5964.37,2026-01-11
acct_01480,tenant_000,saas,14,5360.49,394,67.2,0,45,2025-12-19,1,4002.7,2026-03-25
acct_01481,tenant_001,manufacturing,8,7048.07,800,54.8,0,1,2025-12-31,0,0.0,
acct_01482,tenant_002,retail,10,3302.93,396,48.6,0,18,2026-01-01,0,0.0,
acct_01483,tenant_003,finance,15,6721.3,294,46.1,1,100,2025-12-27,1,8243.34,2026-03-11
acct_01484,tenant_004,manufacturing,3,2154.43,311,42.9,1,8,2025-12-18,0,0.0,
acct_01485,tenant_005,saas,5,1718.43,52,16.1,1,236,2025-12-19,0,0.0,
acct_01486,tenant_006,retail,5,3803.96,831,51.9,3,174,2025-12-13,0,0.0,
acct_01487,tenant_007,healthcare,7,4119.41,637,41.0,1,263,2025-12-18,0,0.0,
acct_01488,tenant_008,manufacturing,13,3117.39,332,52.1,1,257,2025-12-23,0,0.0,
acct_01489,tenant_009,saas,13,16526.79,691,51.6,1,5,2025-12-18,1,15198.11,2026-03-24
acct_01490,tenant_010,retail,8,6670.14,318,58.9,0,221,2025-12-28,0,0.0,
acct_01491,tenant_011,saas,16,23679.98,290,94.9,1,119,2026-01-01,1,71804.03,2026-02-05
acct_01492,tenant_012,finance,11,10567.8,165,39.5,0,317,2025-12-10,0,0.0,
acct_01493,tenant_013,saas,15,10740.34,257,73.1,0,302,2026-01-01,1,14820.01,2026-02-27
acct_01494,tenant_014,saas,7,1769.83,264,32.0,3,252,2025-12-08,0,0.0,
acct_01495,tenant_015,finance,4,4605.33,369,2.4,1,21,2025-12-11,0,0.0,
acct_01496,tenant_016,manufacturing,6,14371.46,351,73.0,1,362,2025-12-14,1,11533.27,2026-02-11
acct_01497,tenant_017,finance,5,7451.62,256,40.4,0,10,2025-12-22,0,0.0,
acct_01498,tenant_018,manufacturing,9,11346.62,776,42.7,0,227,2025-12-28,1,5880.66,2026-01-24
acct_01499,tenant_019,saas,16,34708.05,507,87.5,0,56,2025-12-14,1,16762.98,2026-02-12
acct_01500,tenant_020,healthcare,17,14539.35,144,77.3,0,292,2026-01-04,1,39026.9,2026-03-22
acct_01501,tenant_021,saas,9,10415.53,642,44.2,1,340,2025-12-23,0,0.0,
acct_01502,tenant_022,healthcare,9,22602.45,604,50.8,0,192,2026-01-02,1,23378.66,2026-02-17
acct_01503,tenant_023,healthcare,8,6164.46,385,36.9,0,200,2025-12-26,1,9916.52,2026-01-19
acct_01504,tenant_024,saas,7,16181.35,503,23.6,3,152,2025-12-16,0,0.0,
acct_01505,tenant_025,finance,4,4738.25,99,33.4,1,327,2026-01-05,0,0.0,
acct_01506,tenant_026,healthcare,8,29424.58,608,59.2,1,364,2025-12-10,1,12339.64,2026-02-13
acct_01507,tenant_027,saas,11,4266.14,275,71.9,0,79,2025-12-11,1,11258.82,2026-02-02
acct_01508,tenant_028,manufacturing,2,1959.98,183,4.5,1,132,2026-01-05,0,0.0,
acct_01509,tenant_029,finance,9,9188.79,280,44.8,1,320,2025-12-29,0,0.0,
acct_01510,tenant_030,manufacturing,0,857.27,1138,0.0,4,80,2025-12-08,0,0.0,
acct_01511,tenant_031,saas,5,5458.71,248,55.9,1,43,2026-01-01,1,5970.44,2026-03-25
acct_01512,tenant_032,manufacturing,15,4454.84,49,74.0,0,274,2025-12-25,1,3144.23,2026-01-11
acct_01513,tenant_033,saas,22,22546.54,465,94.4,1,111,2025-12-26,1,36130.69,2026-02-28
acct_01514,tenant_034,retail,20,42973.22,508,80.8,1,235,2025-12-17,1,33785.35,2026-02-23
acct_01515,tenant_035,manufacturing,8,1744.64,269,9.7,4,272,2025-12-15,0,0.0,
acct_01516,tenant_036,retail,2,660.35,170,20.5,2,43,2025-12-13,0,0.0,
acct_01517,tenant_000,saas,2,2125.72,67,30.0,2,52,2026-01-02,0,0.0,
acct_01518,tenant_001,finance,9,8253.39,204,56.1,1,318,2025-12-08,0,0.0,
acct_01519,tenant_002,finance,11,5652.95,356,57.5,0,119,2025-12-17,0,0.0,
acct_01520,tenant_003,saas,10,23588.67,206,54.6,1,210,2025-12-15,0,0.0,
acct_01521,tenant_004,manufacturing,7,5870.88,116,57.4,1,229,2025-12-25,0,0.0,
acct_01522,tenant_005,saas,14,17794.73,173,83.2,0,199,2025-12-11,0,0.0,
acct_01523,tenant_006,saas,10,8465.9,62,70.5,0,273,2025-12-30,1,7150.32,2026-04-04
acct_01524,tenant_007,manufacturing,10,6703.91,909,41.7,0,293,2025-12-08,0,0.0,
acct_01525,tenant_008,healthcare,14,15304.1,344,58.8,0,148,2025-12-25,0,0.0,
acct_01526,tenant_009,healthcare,4,6899.65,644,38.0,1,122,2025-12-25,0,0.0,
acct_01527,tenant_010,finance,4,16079.74,985,32.0,1,241,2025-12-19,0,0.0,
acct_01528,tenant_011,retail,10,37285.28,493,75.0,0,5,2025-12-22,1,69998.14,2026-01-17
acct_01529,tenant_012,finance,10,10597.08,514,94.8,0,359,2026-01-05,1,7103.89,2026-01-19
acct_01530,tenant_013,retail,14,12554.59,335,64.3,0,117,2025-12-26,0,0.0,
acct_01531,tenant_014,saas,2,1984.9,139,12.6,0,240,2025-12-15,0,0.0,
acct_01532,tenant_015,healthcare,1,2122.78,215,7.3,2,165,2025-12-26,0,0.0,
acct_01533,tenant_016,healthcare,4,3571.88,217,29.3,1,290,2025-12-10,0,0.0,
acct_01534,tenant_017,healthcare,9,7603.64,257,62.7,0,95,2026-01-05,1,5755.93,2026-01-29
acct_01535,tenant_018,manufacturing,7,8699.85,253,63.0,0,355,2025-12-21,0,0.0,
acct_01536,tenant_019,saas,10,26114.58,247,72.3,2,313,2026-01-01,0,0.0,
acct_01537,tenant_020,saas,8,15467.64,355,49.8,0,91,2025-12-30,1,19682.4,2026-01-06
acct_01538,tenant_021,manufacturing,5,6010.93,325,55.3,0,359,2025-12-29,1,6753.58,2026-01-26
acct_01539,tenant_022,saas,3,10438.1,104,65.5,1,128,2025-12-25,0,0.0,
acct_01540,tenant_023,saas,12,37914.63,756,55.1,1,61,2025-12-22,1,34922.54,2026-01-23
acct_01541,tenant_024,manufacturing,1,4900.45,595,39.5,0,208,2026-01-04,0,0.0,
acct_01542,tenant_025,retail,4,1510.02,877,13.2,0,26,2025-12-25,0,0.0,
acct_01543,tenant_026,manufacturing,7,6009.03,248,55.9,1,17,2025-12-17,1,5013.36,2026-03-19
acct_01544,tenant_027,manufacturing,1,1161.81,89,27.1,2,177,2025-12-12,0,0.0,
acct_01545,tenant_028,retail,9,3481.12,375,60.5,2,68,2025-12-23,0,0.0,
acct_01546,tenant_029,retail,2,260.91,141,0.0,3,350,2025-12-16,0,0.0,
acct_01547,tenant_030,manufacturing,15,16666.69,397,73.7,0,13,2025-12-28,1,25081.12,2026-03-12
acct_01548,tenant_031,manufacturing,9,16766.79,1233,55.6,0,292,2025-12-08,1,19564.4,2026-01-25
acct_01549,tenant_032,saas,8,4348.95,149,70.5,1,320,2025-12-19,0,0.0,
acct_01550,tenant_033,saas,11,3168.28,218,53.8,1,85,2026-01-05,0,0.0,
acct_01551,tenant_034,healthcare,4,1791.92,31,47.6,4,181,2025-12-26,0,0.0,
acct_01552,tenant_035,retail,20,6250.46,300,91.3,0,152,2025-12-21,1,3192.37,2026-03-05
acct_01553,tenant_036,saas,5,1580.88,67,21.8,0,237,2025-12-09,0,0.0,
acct_01554,tenant_000,finance,9,19891.0,854,79.6,1,89,2025-12-22,1,29583.75,2026-01-21
acct_01555,tenant_001,saas,10,2806.25,372,54.3,1,131,2025-12-11,1,6200.07,2026-03-23
acct_01556,tenant_002,saas,3,9820.95,445,39.2,0,138,2025-12-26,1,10897.55,2026-02-16
acct_01557,tenant_003,retail,18,8273.01,73,100.0,0,160,2026-01-02,0,0.0,
acct_01558,tenant_004,retail,2,3882.41,827,10.3,3,81,2025-12-23,0,0.0,
acct_01559,tenant_005,manufacturing,3,5676.84,242,42.3,1,233,2025-12-19,0,0.0,
acct_01560,tenant_006,finance,11,16726.8,285,74.2,0,328,2025-12-24,1,9885.99,2026-02-26
acct_01561,tenant_007,saas,18,17733.83,694,69.0,0,100,2025-12-16,1,22610.56,2026-01-28
acct_01562,tenant_008,healthcare,7,8530.83,308,52.9,0,145,2026-01-02,1,17234.27,2026-02-16
acct_01563,tenant_009,saas,4,24441.6,392,56.5,3,83,2025-12-17,0,0.0,
acct_01564,tenant_010,manufacturing,6,16302.68,951,33.2,2,239,2025-12-11,0,0.0,
acct_01565,tenant_011,retail,13,20868.23,982,62.6,1,65,2025-12-26,1,32332.67,2026-02-18
acct_01566,tenant_012,healthcare,18,16348.32,740,79.7,0,29,2025-12-09,1,17816.83,2026-01-19
acct_01567,tenant_013,saas,14,13019.28,159,91.2,0,93,2026-01-02,1,14093.5,2026-02-14
acct_01568,tenant_014,healthcare,3,1815.74,425,5.1,1,268,2025-12-25,0,0.0,
acct_01569,tenant_015,finance,21,78216.25,2000,72.3,0,341,2026-01-01,1,58470.84,2026-03-17
acct_01570,tenant_016,saas,26,17112.35,143,100.0,0,49,2025-12-25,1,27737.64,2026-03-31
acct_01571,tenant_017,healthcare,10,7329.02,571,48.6,1,365,2025-12-15,0,0.0,
acct_01572,tenant_018,manufacturing,6,9525.01,361,42.4,3,349,2025-12-16,0,0.0,
acct_01573,tenant_019,healthcare,5,4748.13,90,34.5,6,159,2025-12-20,0,0.0,
acct_01574,tenant_020,saas,3,2439.1,156,38.5,0,273,2025-12-10,0,0.0,
acct_01575,tenant_021,manufacturing,4,8901.68,124,81.5,0,156,2025-12-27,0,0.0,
acct_01576,tenant_022,saas,5,2404.59,166,46.7,3,232,2025-12-16,0,0.0,
acct_01577,tenant_023,healthcare,8,9805.16,239,69.6,1,14,2025-12-17,1,4783.03,2026-03-06
acct_01578,tenant_024,finance,11,47041.59,709,80.9,1,363,2025-12-18,1,60943.41,2026-01-10
acct_01579,tenant_025,saas,7,6156.1,111,42.6,2,112,2025-12-31,0,0.0,
acct_01580,tenant_026,manufacturing,10,4819.77,81,42.1,2,357,2025-12-18,0,0.0,
acct_01581,tenant_027,saas,11,3143.63,380,50.8,2,286,2025-12-26,0,0.0,
acct_01582,tenant_028,manufacturing,11,13629.36,254,68.3,1,3,2025-12-11,0,0.0,
acct_01583,tenant_029,healthcare,9,6898.24,434,39.2,2,17,2026-01-02,0,0.0,
acct_01584,tenant_030,saas,6,5361.84,159,16.4,2,113,2025-12-13,0,0.0,
acct_01585,tenant_031,retail,15,5058.51,234,53.0,1,261,2025-12-20,0,0.0,
acct_01586,tenant_032,saas,9,3947.62,113,38.9,1,67,2025-12-19,1,2682.27,2026-03-20
acct_01587,tenant_033,manufacturing,3,1289.81,282,3.9,0,52,2025-12-22,1,706.65,2026-03-22
acct_01588,tenant_034,retail,7,1539.47,105,14.4,1,198,2026-01-02,0,0.0,
acct_01589,tenant_035,saas,8,4827.86,268,26.3,1,225,2025-12-07,0,0.0,
acct_01590,tenant_036,retail,5,8596.22,1078,46.7,1,249,2025-12-28,0,0.0,
acct_01591,tenant_000,healthcare,17,8758.45,124,62.9,0,271,2025-12-23,1,9442.45,2026-02-01
acct_01592,tenant_001,healthcare,19,7683.13,154,82.3,0,341,2025-12-25,1,6907.29,2026-02-08
acct_01593,tenant_002,saas,5,10744.09,144,43.2,0,245,2025-12-12,1,16508.85,2026-04-03
acct_01594,tenant_003,saas,19,20433.34,206,94.2,1,74,2025-12-22,1,23649.93,2026-01-17
acct_01595,tenant_004,retail,15,24518.45,1227,99.8,1,291,2026-01-04,0,0.0,
acct_01596,tenant_005,saas,5,4131.33,206,26.2,1,147,2025-12-26,0,0.0,
acct_01597,tenant_006,saas,11,13032.73,246,47.4,2,63,2026-01-04,1,20422.33,2026-03-12
acct_01598,tenant_007,finance,10,22747.72,542,57.6,3,17,2025-12-24,0,0.0,
acct_01599,tenant_008,saas,7,3369.64,443,53.1,4,336,2025-12-22,0,0.0,
acct_01600,tenant_009,saas,9,6958.3,311,61.5,1,51,2025-12-28,1,30943.7,2026-02-24
acct_01601,tenant_010,manufacturing,5,2046.24,131,34.3,1,206,2025-12-11,0,0.0,
acct_01602,tenant_011,finance,4,1711.02,245,4.8,3,83,2025-12-07,0,0.0,
acct_01603,tenant_012,finance,4,9423.01,161,34.3,0,137,2025-12-07,0,0.0,
acct_01604,tenant_013,healthcare,1,2102.98,160,16.6,4,171,2025-12-30,0,0.0,
acct_01605,tenant_014,finance,9,8571.49,121,35.9,4,219,2025-12-08,0,0.0,
acct_01606,tenant_015,retail,5,3935.49,426,39.2,1,41,2025-12-14,0,0.0,
acct_01607,tenant_016,retail,13,8596.8,377,41.0,1,275,2025-12-14,0,0.0,
acct_01608,tenant_017,saas,16,16503.24,404,73.8,2,334,2026-01-05,0,0.0,
acct_01609,tenant_018,saas,8,14168.73,235,52.8,0,239,2025-12-15,1,16404.03,2026-02-19
acct_01610,tenant_019,retail,19,14435.1,167,60.3,0,219,2025-12-14,0,0.0,
acct_01611,tenant_020,saas,8,8345.54,546,25.2,2,71,2025-12-15,0,0.0,
acct_01612,tenant_021,manufacturing,5,7679.45,258,37.3,0,272,2026-01-03,0,0.0,
acct_01613,tenant_022,manufacturing,3,1978.51,93,15.4,6,214,2025-12-09,0,0.0,
acct_01614,tenant_023,finance,34,123892.76,175,100.0,0,329,2025-12-29,0,0.0,
acct_01615,tenant_024,saas,23,20527.88,294,83.5,2,336,2025-12-15,1,16645.85,2026-01-19
acct_01616,tenant_025,manufacturing,9,13750.08,1222,46.8,0,318,2025-12-22,0,0.0,
acct_01617,tenant_026,retail,10,5337.39,154,48.4,2,354,2025-12-07,0,0.0,
acct_01618,tenant_027,manufacturing,6,4278.92,238,28.5,0,67,2025-12-09,0,0.0,
acct_01619,tenant_028,finance,6,2917.72,210,10.8,3,10,2025-12-22,0,0.0,
acct_01620,tenant_029,retail,8,1906.72,372,46.5,0,54,2026-01-03,0,0.0,
acct_01621,tenant_030,saas,10,7727.97,252,62.9,0,310,2025-12-14,1,6923.52,2026-01-18
acct_01622,tenant_031,saas,4,7582.57,656,13.2,2,280,2025-12-28,1,2538.43,2026-03-28
acct_01623,tenant_032,manufacturing,7,8747.34,138,53.3,7,305,2025-12-17,0,0.0,
acct_01624,tenant_033,saas,8,40685.92,1183,71.3,0,105,2025-12-21,1,37501.86,2026-03-03
acct_01625,tenant_034,finance,10,15196.34,407,50.3,1,56,2025-12-14,0,0.0,
acct_01626,tenant_035,manufacturing,2,2714.58,382,39.5,2,324,2025-12-15,0,0.0,
acct_01627,tenant_036,finance,8,6073.49,316,68.4,2,240,2025-12-29,0,0.0,
acct_01628,tenant_000,healthcare,13,29430.4,316,78.5,1,36,2025-12-27,1,50932.25,2026-03-18
acct_01629,tenant_001,saas,7,10212.95,493,49.6,0,72,2025-12-11,1,15151.98,2026-01-13
acct_01630,tenant_002,manufacturing,4,2078.48,406,21.8,1,71,2026-01-01,0,0.0,
acct_01631,tenant_003,manufacturing,8,4818.76,214,44.2,0,64,2025-12-08,0,0.0,
acct_01632,tenant_004,saas,15,4861.28,331,54.8,1,316,2026-01-04,1,1993.13,2026-01-24
acct_01633,tenant_005,healthcare,12,52933.86,372,87.3,0,40,2025-12-26,0,0.0,
acct_01634,tenant_006,manufacturing,12,11915.97,341,65.9,0,178,2025-12-10,1,27515.03,2026-03-10
acct_01635,tenant_007,healthcare,6,1546.32,135,16.6,3,10,2025-12-19,0,0.0,
acct_01636,tenant_008,saas,3,2187.99,301,24.7,0,316,2026-01-01,0,0.0,
acct_01637,tenant_009,finance,3,1142.83,111,0.0,2,202,2025-12-22,0,0.0,
acct_01638,tenant_010,healthcare,9,3684.45,676,46.8,2,134,2025-12-16,0,0.0,
acct_01639,tenant_011,healthcare,2,5234.18,267,50.3,0,214,2025-12-08,0,0.0,
acct_01640,tenant_012,manufacturing,7,5905.97,414,26.2,3,66,2025-12-26,0,0.0,
acct_01641,tenant_013,healthcare,6,5165.15,268,37.8,3,26,2025-12-30,0,0.0,
acct_01642,tenant_014,finance,3,21039.08,660,54.7,1,1,2025-12-09,1,23132.86,2026-02-20
acct_01643,tenant_015,saas,7,4206.31,270,5.1,5,339,2025-12-15,0,0.0,
acct_01644,tenant_016,finance,4,6813.52,268,50.6,2,52,2025-12-17,0,0.0,
acct_01645,tenant_017,healthcare,4,10105.17,388,45.0,5,196,2025-12-09,0,0.0,
acct_01646,tenant_018,manufacturing,1,1645.5,573,0.0,3,61,2026-01-04,0,0.0,
acct_01647,tenant_019,manufacturing,26,11400.71,298,100.0,1,359,2025-12-10,0,0.0,
acct_01648,tenant_020,retail,15,9749.07,302,70.5,1,274,2025-12-13,1,10649.32,2026-01-06
acct_01649,tenant_021,finance,15,38319.07,279,73.5,0,271,2025-12-23,1,68913.36,2026-03-23
acct_01650,tenant_022,manufacturing,16,25309.31,357,66.4,1,15,2025-12-19,0,0.0,
acct_01651,tenant_023,saas,5,2330.31,40,61.4,2,159,2026-01-01,1,1354.61,2026-03-26
acct_01652,tenant_024,retail,9,4151.05,214,42.9,0,119,2025-12-18,0,0.0,
acct_01653,tenant_025,manufacturing,15,15998.89,317,85.6,0,300,2025-12-17,0,0.0,
acct_01654,tenant_026,healthcare,7,13195.8,1152,19.0,4,314,2025-12-14,0,0.0,
acct_01655,tenant_027,saas,8,9910.78,133,63.7,2,260,2025-12-17,0,0.0,
acct_01656,tenant_028,saas,6,7413.32,230,44.0,2,250,2025-12-30,0,0.0,
acct_01657,tenant_029,saas,10,37818.71,788,39.0,4,96,2025-12-26,0,0.0,
acct_01658,tenant_030,saas,3,7040.55,118,36.9,1,292,2025-12-23,0,0.0,
acct_01659,tenant_031,healthcare,3,1691.35,424,6.0,2,140,2025-12-28,0,0.0,
acct_01660,tenant_032,manufacturing,15,5207.66,637,42.1,0,231,2026-01-04,0,0.0,
acct_01661,tenant_033,finance,2,8224.23,597,3.2,3,349,2025-12-11,0,0.0,
acct_01662,tenant_034,manufacturing,5,4035.93,1199,55.5,0,153,2026-01-04,0,0.0,
acct_01663,tenant_035,finance,7,8773.67,366,47.8,0,315,2026-01-02,1,14717.92,2026-02-02
acct_01664,tenant_036,healthcare,3,6757.8,251,31.7,1,272,2025-12-30,0,0.0,
acct_01665,tenant_000,finance,3,5564.11,164,45.8,4,125,2025-12-12,0,0.0,
acct_01666,tenant_001,manufacturing,6,3598.25,132,31.9,2,148,2025-12-24,0,0.0,
acct_01667,tenant_002,saas,4,10700.88,890,25.2,2,48,2025-12-27,0,0.0,
acct_01668,tenant_003,manufacturing,8,6958.66,244,68.3,3,96,2025-12-24,0,0.0,
acct_01669,tenant_004,healthcare,8,5250.49,403,30.3,0,119,2025-12-12,0,0.0,
acct_01670,tenant_005,finance,14,32397.21,246,75.7,1,257,2025-12-20,1,22577.65,2026-03-23
acct_01671,tenant_006,healthcare,9,9237.44,229,43.6,1,135,2025-12-22,0,0.0,
acct_01672,tenant_007,manufacturing,4,2199.76,809,40.3,3,31,2026-01-05,0,0.0,
acct_01673,tenant_008,retail,15,5281.21,1126,60.6,1,39,2025-12-13,0,0.0,
acct_01674,tenant_009,healthcare,9,9118.18,231,35.1,0,115,2025-12-28,0,0.0,
acct_01675,tenant_010,saas,3,15349.16,155,48.2,4,186,2025-12-18,0,0.0,
acct_01676,tenant_011,saas,8,18416.44,483,70.2,0,8,2025-12-29,1,12130.01,2026-02-19
acct_01677,tenant_012,finance,4,6846.06,122,23.8,0,95,2025-12-11,0,0.0,
acct_01678,tenant_013,saas,3,2663.31,245,15.2,1,83,2025-12-26,0,0.0,
acct_01679,tenant_014,healthcare,16,5682.73,214,46.3,1,99,2026-01-02,1,5034.57,2026-02-15
acct_01680,tenant_015,saas,7,2013.95,94,38.2,1,74,2025-12-30,0,0.0,
acct_01681,tenant_016,saas,11,8083.22,485,74.9,0,363,2025-12-11,0,0.0,
acct_01682,tenant_017,healthcare,6,9420.21,1654,22.5,5,205,2025-12-23,0,0.0,
acct_01683,tenant_018,manufacturing,13,8457.77,159,66.9,0,100,2025-12-17,0,0.0,
acct_01684,tenant_019,healthcare,9,9140.26,108,76.0,1,296,2025-12-28,0,0.0,
acct_01685,tenant_020,finance,25,39518.38,159,88.1,0,301,2025-12-10,1,27331.75,2026-03-21
acct_01686,tenant_021,healthcare,10,11813.61,624,71.2,0,195,2025-12-30,1,9492.18,2026-01-24
acct_01687,tenant_022,manufacturing,4,5376.0,452,41.8,1,64,2025-12-17,0,0.0,
acct_01688,tenant_023,finance,10,11133.2,203,60.9,1,245,2025-12-25,0,0.0,
acct_01689,tenant_024,saas,12,3541.54,257,62.8,1,244,2025-12-08,1,7540.55,2026-01-20
acct_01690,tenant_025,healthcare,12,7467.34,552,52.0,1,7,2025-12-27,1,10245.76,2026-03-04
acct_01691,tenant_026,healthcare,14,4557.55,101,58.0,3,113,2025-12-17,0,0.0,
acct_01692,tenant_027,finance,11,4211.19,588,23.7,0,195,2026-01-03,0,0.0,
acct_01693,tenant_028,healthcare,10,5297.83,71,50.5,0,28,2025-12-17,0,0.0,
acct_01694,tenant_029,healthcare,21,7554.9,254,90.6,1,317,2025-12-15,0,0.0,
acct_01695,tenant_030,finance,7,3824.46,277,40.7,2,66,2025-12-07,0,0.0,
acct_01696,tenant_031,finance,6,17326.91,420,47.5,1,94,2025-12-17,0,0.0,
acct_01697,tenant_032,manufacturing,13,10298.59,660,63.5,2,56,2025-12-29,1,8219.22,2026-01-15
acct_01698,tenant_033,healthcare,10,21562.28,178,66.0,0,43,2025-12-08,1,59507.49,2026-01-11
acct_01699,tenant_034,finance,14,23454.58,229,100.0,2,202,2025-12-14,1,14365.31,2026-01-06
acct_01700,tenant_035,saas,12,49914.78,1502,85.7,1,299,2025-12-24,0,0.0,
acct_01701,tenant_036,retail,3,1102.89,467,13.8,1,70,2025-12-16,0,0.0,
acct_01702,tenant_000,saas,5,4435.72,378,15.1,0,231,2025-12-11,0,0.0,
acct_01703,tenant_001,retail,11,21758.84,219,74.8,1,248,2025-12-29,0,0.0,
acct_01704,tenant_002,retail,9,5426.74,848,49.4,0,350,2025-12-09,0,0.0,
acct_01705,tenant_003,retail,4,1071.36,386,0.0,1,195,2025-12-26,0,0.0,
acct_01706,tenant_004,retail,4,5727.17,695,50.7,0,27,2025-12-17,0,0.0,
acct_01707,tenant_005,healthcare,5,913.59,112,3.0,2,360,2025-12-25,0,0.0,
acct_01708,tenant_006,saas,9,2356.84,113,61.3,0,30,2025-12-26,1,3433.68,2026-02-07
acct_01709,tenant_007,manufacturing,18,10402.36,149,97.2,1,337,2025-12-18,1,11152.17,2026-02-11
acct_01710,tenant_008,saas,3,1225.16,312,0.0,3,195,2025-12-29,0,0.0,
acct_01711,tenant_009,manufacturing,8,4716.13,335,63.1,1,344,2025-12-25,0,0.0,
acct_01712,tenant_010,finance,13,34578.64,223,100.0,1,3,2025-12-09,1,41473.15,2026-02-16
acct_01713,tenant_011,healthcare,15,34791.07,1041,62.8,0,314,2026-01-02,0,0.0,
acct_01714,tenant_012,healthcare,7,5750.15,219,47.6,4,195,2025-12-21,0,0.0,
acct_01715,tenant_013,manufacturing,3,10425.41,454,46.6,1,239,2025-12-20,0,0.0,
acct_01716,tenant_014,finance,9,11156.24,54,51.9,1,287,2026-01-03,0,0.0,
acct_01717,tenant_015,saas,6,3794.39,256,21.1,5,318,2025-12-11,0,0.0,
acct_01718,tenant_016,retail,7,12245.33,701,57.1,2,101,2025-12-26,0,0.0,
acct_01719,tenant_017,finance,12,7484.52,667,63.9,5,2,2025-12-25,1,10084.63,2026-01-21
acct_01720,tenant_018,healthcare,4,6913.58,371,41.8,3,71,2025-12-19,0,0.0,
acct_01721,tenant_019,finance,7,13382.41,484,49.8,2,295,2025-12-13,0,0.0,
acct_01722,tenant_020,manufacturing,11,15961.46,607,58.3,0,83,2025-12-28,1,6646.84,2026-02-25
acct_01723,tenant_021,healthcare,13,7445.57,571,53.2,1,95,2026-01-02,0,0.0,
acct_01724,tenant_022,finance,7,6453.7,2000,40.8,0,343,2025-12-07,0,0.0,
acct_01725,tenant_023,healthcare,3,14380.04,1058,27.7,1,226,2025-12-16,0,0.0,
acct_01726,tenant_024,retail,11,10444.8,898,25.7,1,315,2026-01-04,1,14693.71,2026-01-12
acct_01727,tenant_025,healthcare,6,7860.24,384,34.7,2,187,2025-12-31,0,0.0,
acct_01728,tenant_026,manufacturing,14,3284.06,168,69.7,1,268,2025-12-26,0,0.0,
acct_01729,tenant_027,manufacturing,14,40142.21,550,93.6,0,152,2026-01-05,1,55251.83,2026-03-24
acct_01730,tenant_028,saas,9,4792.05,263,46.6,1,157,2025-12-29,1,7327.26,2026-01-27
acct_01731,tenant_029,retail,7,7579.17,588,52.2,1,134,2025-12-08,0,0.0,
acct_01732,tenant_030,retail,4,5592.03,1416,37.7,1,146,2026-01-02,0,0.0,
acct_01733,tenant_031,finance,23,53836.01,193,89.1,0,40,2025-12-17,1,69565.8,2026-01-23
acct_01734,tenant_032,retail,7,11733.09,1055,66.2,0,73,2025-12-19,1,18239.06,2026-01-10
acct_01735,tenant_033,retail,6,28172.82,441,93.8,2,239,2025-12-13,1,30784.38,2026-01-23
acct_01736,tenant_034,saas,9,1926.82,241,40.6,2,255,2025-12-20,0,0.0,
acct_01737,tenant_035,manufacturing,10,15487.87,350,72.9,0,335,2025-12-13,0,0.0,
acct_01738,tenant_036,retail,5,2860.02,148,45.3,0,249,2025-12-19,0,0.0,
acct_01739,tenant_000,finance,19,11958.78,362,65.7,3,325,2025-12-10,0,0.0,
acct_01740,tenant_001,manufacturing,9,3010.66,204,55.8,1,205,2025-12-12,0,0.0,
acct_01741,tenant_002,saas,3,13347.31,305,46.1,2,141,2025-12-23,0,0.0,
acct_01742,tenant_003,finance,12,5939.17,152,55.3,0,89,2025-12-22,1,7205.19,2026-03-28
acct_01743,tenant_004,healthcare,3,5382.32,1664,4.8,3,217,2025-12-16,0,0.0,
acct_01744,tenant_005,saas,5,8488.42,507,25.4,1,321,2025-12-21,0,0.0,
acct_01745,tenant_006,saas,7,2709.36,285,50.4,4,147,2025-12-22,0,0.0,
acct_01746,tenant_007,retail,7,6323.09,184,46.5,0,313,2025-12-27,0,0.0,
acct_01747,tenant_008,healthcare,6,10227.02,463,36.9,1,104,2025-12-08,0,0.0,
acct_01748,tenant_009,manufacturing,5,4429.55,233,29.5,1,160,2025-12-30,0,0.0,
acct_01749,tenant_010,healthcare,6,4667.1,235,40.3,1,214,2025-12-16,0,0.0,
acct_01750,tenant_011,healthcare,12,119507.43,950,77.3,0,250,2025-12-19,1,190616.05,2026-02-07
acct_01751,tenant_012,healthcare,9,3417.72,139,52.4,3,343,2025-12-26,0,0.0,
acct_01752,tenant_013,manufacturing,21,15085.71,382,100.0,0,311,2025-12-10,1,18744.88,2026-03-13
acct_01753,tenant_014,saas,3,12078.18,991,47.0,0,88,2025-12-16,0,0.0,
acct_01754,tenant_015,finance,16,20743.09,494,63.0,1,212,2025-12-26,1,17339.1,2026-01-17
acct_01755,tenant_016,healthcare,5,4429.75,88,55.6,0,167,2025-12-28,0,0.0,
acct_01756,tenant_017,healthcare,7,20131.36,565,56.6,2,235,2025-12-27,0,0.0,
acct_01757,tenant_018,manufacturing,6,9055.53,183,43.2,4,211,2026-01-03,0,0.0,
acct_01758,tenant_019,saas,4,7170.23,222,51.7,0,136,2025-12-10,0,0.0,
acct_01759,tenant_020,retail,4,8008.11,1281,49.4,2,84,2025-12-31,0,0.0,
acct_01760,tenant_021,finance,2,881.79,47,32.6,2,296,2025-12-22,0,0.0,
acct_01761,tenant_022,healthcare,7,9325.06,198,41.8,1,331,2026-01-04,0,0.0,
acct_01762,tenant_023,retail,6,2848.83,303,59.5,1,132,2025-12-27,0,0.0,
acct_01763,tenant_024,finance,28,68123.94,157,93.3,0,83,2025-12-25,1,62614.38,2026-02-20
acct_01764,tenant_025,healthcare,4,1457.35,312,25.8,4,50,2025-12-18,0,0.0,
acct_01765,tenant_026,manufacturing,5,4884.5,402,20.7,1,365,2025-12-27,0,0.0,
acct_01766,tenant_027,finance,20,11463.47,338,67.1,1,320,2025-12-13,0,0.0,
acct_01767,tenant_028,finance,22,54568.9,292,78.3,1,132,2025-12-20,1,119476.07,2026-03-06
acct_01768,tenant_029,finance,3,6457.33,649,45.5,0,313,2025-12-22,1,3133.87,2026-03-22
acct_01769,tenant_030,saas,14,47734.88,325,60.3,1,53,2025-12-15,1,65328.78,2026-02-03
acct_01770,tenant_031,saas,7,7285.93,339,37.9,2,248,2025-12-16,1,13446.63,2026-03-16
acct_01771,tenant_032,finance,3,11005.85,367,31.5,1,20,2025-12-08,0,0.0,
acct_01772,tenant_033,retail,2,1349.07,363,19.7,1,275,2026-01-04,0,0.0,
acct_01773,tenant_034,manufacturing,16,13285.58,256,74.6,0,20,2025-12-21,1,24761.52,2026-01-27
acct_01774,tenant_035,healthcare,15,11283.43,412,50.5,0,71,2025-12-16,0,0.0,
acct_01775,tenant_036,finance,21,18578.77,143,70.7,1,22,2025-12-30,1,54573.74,2026-01-30
acct_01776,tenant_000,saas,6,1419.23,44,19.8,3,93,2025-12-26,0,0.0,
acct_01777,tenant_001,finance,1,1795.22,212,11.6,1,110,2025-12-30,0,0.0,
acct_01778,tenant_002,healthcare,9,4120.72,586,37.8,1,249,2025-12-27,0,0.0,
acct_01779,tenant_003,retail,5,3527.65,194,17.4,1,312,2026-01-04,0,0.0,
acct_01780,tenant_004,retail,23,7113.12,209,91.3,0,258,2025-12-12,0,0.0,
acct_01781,tenant_005,finance,11,23408.37,342,54.5,4,40,2025-12-20,0,0.0,
acct_01782,tenant_006,manufacturing,13,1509.06,109,35.6,2,22,2025-12-23,0,0.0,
acct_01783,tenant_007,saas,8,7081.1,166,27.8,2,299,2025-12-12,0,0.0,
acct_01784,tenant_008,saas,16,18402.4,467,61.6,2,83,2025-12-08,1,43843.58,2026-01-26
acct_01785,tenant_009,retail,19,20978.11,426,100.0,2,159,2025-12-15,1,32724.59,2026-03-15
acct_01786,tenant_010,retail,3,1024.68,198,8.1,4,164,2025-12-26,0,0.0,
acct_01787,tenant_011,saas,4,4518.51,192,63.7,0,87,2025-12-19,1,2996.4,2026-03-30
acct_01788,tenant_012,manufacturing,4,3503.67,294,28.9,2,216,2025-12-09,0,0.0,
acct_01789,tenant_013,manufacturing,19,14612.26,475,80.7,0,173,2025-12-07,0,0.0,
acct_01790,tenant_014,healthcare,7,4063.4,271,53.8,0,39,2025-12-24,0,0.0,
acct_01791,tenant_015,manufacturing,4,4085.19,222,26.7,1,173,2025-12-16,0,0.0,
acct_01792,tenant_016,saas,3,3820.7,95,34.5,0,132,2025-12-21,0,0.0,
acct_01793,tenant_017,saas,2,1659.8,135,41.3,2,183,2025-12-14,0,0.0,
acct_01794,tenant_018,saas,6,6705.46,374,49.6,1,78,2025-12-24,1,8140.72,2026-02-05
acct_01795,tenant_019,saas,3,10718.19,521,53.2,0,179,2025-12-08,0,0.0,
acct_01796,tenant_020,retail,9,6410.82,576,52.9,0,47,2025-12-20,0,0.0,
acct_01797,tenant_021,finance,14,10182.18,118,61.3,1,276,2025-12-19,1,7459.58,2026-03-31
acct_01798,tenant_022,saas,4,2759.19,57,47.1,0,205,2025-12-29,1,4174.1,2026-01-06
acct_01799,tenant_023,finance,10,27263.26,791,83.0,0,161,2026-01-04,1,24498.5,2026-02-15
acct_01800,tenant_024,saas,19,15316.92,234,71.4,0,237,2025-12-24,1,30375.73,2026-01-22
acct_01801,tenant_025,finance,24,30914.54,338,82.9,0,292,2025-12-29,1,49449.83,2026-01-19
acct_01802,tenant_026,healthcare,9,10261.25,431,41.1,1,48,2025-12-24,0,0.0,
acct_01803,tenant_027,saas,6,4572.82,339,47.1,0,329,2025-12-08,0,0.0,
acct_01804,tenant_028,saas,7,1826.58,207,43.7,1,31,2025-12-12,0,0.0,
acct_01805,tenant_029,manufacturing,8,34916.42,640,78.7,0,51,2025-12-10,0,0.0,
acct_01806,tenant_030,retail,3,5162.61,101,71.2,1,271,2026-01-02,0,0.0,
acct_01807,tenant_031,retail,13,13041.43,193,63.2,1,6,2025-12-08,0,0.0,
acct_01808,tenant_032,finance,30,18287.04,206,100.0,0,320,2025-12-14,1,8709.09,2026-01-28
acct_01809,tenant_033,healthcare,12,4431.62,396,50.4,0,345,2025-12-15,0,0.0,
acct_01810,tenant_034,saas,10,39596.78,429,92.1,0,305,2025-12-24,1,46361.35,2026-03-22
acct_01811,tenant_035,healthcare,8,11840.45,907,52.8,0,258,2025-12-26,0,0.0,
acct_01812,tenant_036,saas,12,13033.57,245,67.8,0,356,2025-12-17,0,0.0,
acct_01813,tenant_000,healthcare,3,2329.95,200,8.4,1,234,2025-12-26,0,0.0,
acct_01814,tenant_001,manufacturing,6,3178.48,446,32.1,0,157,2025-12-28,0,0.0,
acct_01815,tenant_002,retail,7,4400.21,360,51.1,0,344,2025-12-11,0,0.0,
acct_01816,tenant_003,manufacturing,10,8775.8,323,41.1,0,131,2025-12-15,1,10345.27,2026-03-06
acct_01817,tenant_004,manufacturing,3,6177.44,945,22.3,1,186,2025-12-18,0,0.0,
acct_01818,tenant_005,saas,14,20534.37,811,84.5,1,42,2025-12-11,1,22676.4,2026-01-22
acct_01819,tenant_006,retail,32,18939.04,245,97.5,1,77,2026-01-02,1,12857.43,2026-02-26
acct_01820,tenant_007,retail,7,5700.09,766,62.4,0,314,2025-12-30,1,5880.92,2026-01-19
acct_01821,tenant_008,healthcare,7,4857.63,240,56.3,0,185,2025-12-12,1,5156.08,2026-04-01
acct_01822,tenant_009,retail,15,7541.6,270,74.4,0,289,2025-12-12,0,0.0,
acct_01823,tenant_010,manufacturing,4,7834.5,1850,44.6,1,149,2025-12-22,0,0.0,
acct_01824,tenant_011,retail,24,6652.94,393,85.1,0,354,2025-12-27,1,8290.4,2026-03-06
acct_01825,tenant_012,manufacturing,13,12502.61,332,74.8,1,56,2026-01-02,1,14236.81,2026-01-06
acct_01826,tenant_013,retail,3,2304.1,527,13.8,2,125,2025-12-25,0,0.0,
acct_01827,tenant_014,manufacturing,7,5778.59,431,13.3,3,300,2025-12-07,0,0.0,
acct_01828,tenant_015,finance,8,5619.35,183,52.4,0,13,2025-12-25,1,7556.74,2026-02-14
acct_01829,tenant_016,healthcare,11,3976.96,207,51.9,3,6,2026-01-02,0,0.0,
acct_01830,tenant_017,finance,4,3018.83,58,39.3,1,362,2026-01-05,0,0.0,
acct_01831,tenant_018,saas,7,12326.9,220,51.4,3,269,2025-12-25,0,0.0,
acct_01832,tenant_019,retail,8,3475.42,529,33.9,3,213,2025-12-12,0,0.0,
acct_01833,tenant_020,healthcare,7,7696.43,84,56.6,1,237,2025-12-09,0,0.0,
acct_01834,tenant_021,finance,7,37842.29,570,60.5,0,10,2026-01-02,0,0.0,
acct_01835,tenant_022,manufacturing,20,11241.77,326,89.1,1,363,2025-12-16,1,14018.82,2026-03-03
acct_01836,tenant_023,saas,14,3169.27,174,37.7,0,238,2025-12-31,0,0.0,
acct_01837,tenant_024,saas,25,12644.9,451,100.0,2,192,2026-01-05,1,8928.2,2026-03-16
acct_01838,tenant_025,saas,10,9125.8,168,70.3,1,325,2025-12-10,1,9869.53,2026-02-24
acct_01839,tenant_026,healthcare,8,7328.61,201,51.0,0,278,2025-12-23,1,6129.12,2026-01-15
acct_01840,tenant_027,saas,18,45163.72,606,82.4,1,134,2025-12-21,1,31836.37,2026-03-09
acct_01841,tenant_028,saas,5,8040.6,236,31.5,0,319,2025-12-09,0,0.0,
acct_01842,tenant_029,healthcare,7,10479.14,404,56.2,1,241,2025-12-24,0,0.0,
acct_01843,tenant_030,manufacturing,9,18583.13,341,55.4,2,317,2025-12-29,0,0.0,
acct_01844,tenant_031,retail,6,6475.95,782,28.7,2,277,2025-12-23,0,0.0,
acct_01845,tenant_032,manufacturing,10,17254.71,812,81.7,1,230,2026-01-02,1,11118.25,2026-04-03
acct_01846,tenant_033,finance,5,25286.07,374,61.6,1,258,2025-12-07,0,0.0,
acct_01847,tenant_034,manufacturing,9,6261.23,337,45.3,2,299,2025-12-26,0,0.0,
acct_01848,tenant_035,finance,9,46626.24,480,76.1,0,271,2025-12-22,0,0.0,
acct_01849,tenant_036,saas,3,9283.93,372,59.3,0,30,2025-12-24,1,19375.1,2026-01-23
acct_01850,tenant_000,manufacturing,28,29310.94,272,100.0,0,311,2025-12-09,1,44748.24,2026-01-26
acct_01851,tenant_001,saas,10,2890.9,270,33.8,1,50,2026-01-03,0,0.0,
acct_01852,tenant_002,healthcare,5,6749.23,283,36.9,1,144,2026-01-04,0,0.0,
acct_01853,tenant_003,finance,4,4722.33,309,33.0,2,176,2025-12-27,0,0.0,
acct_01854,tenant_004,finance,9,3584.97,234,56.6,0,192,2025-12-20,0,0.0,
acct_01855,tenant_005,finance,18,23109.31,355,88.2,1,106,2025-12-27,1,38755.97,2026-01-31
acct_01856,tenant_006,saas,6,16252.76,900,48.4,1,61,2025-12-09,1,14400.82,2026-03-01
acct_01857,tenant_007,retail,15,13674.4,570,77.1,6,69,2025-12-10,0,0.0,
acct_01858,tenant_008,healthcare,14,21757.3,179,100.0,0,91,2025-12-11,0,0.0,
acct_01859,tenant_009,manufacturing,11,7302.03,492,50.9,0,342,2025-12-31,1,20727.84,2026-02-26
acct_01860,tenant_010,finance,5,1881.14,196,19.2,5,70,2026-01-04,0,0.0,
acct_01861,tenant_011,saas,8,1026.2,162,1.8,1,123,2025-12-20,0,0.0,
acct_01862,tenant_012,manufacturing,9,12635.47,230,43.5,2,52,2025-12-19,0,0.0,
acct_01863,tenant_013,manufacturing,13,8991.88,274,63.1,0,96,2025-12-15,1,10994.77,2026-02-22
acct_01864,tenant_014,finance,6,10074.48,1002,56.2,0,241,2025-12-08,1,6482.16,2026-01-15
acct_01865,tenant_015,manufacturing,14,7384.9,677,53.2,0,315,2025-12-16,0,0.0,
acct_01866,tenant_016,manufacturing,9,3333.9,167,53.6,0,3,2026-01-01,0,0.0,
acct_01867,tenant_017,saas,7,16782.41,556,63.5,2,20,2025-12-22,0,0.0,
acct_01868,tenant_018,saas,3,3404.79,1198,30.2,2,330,2025-12-24,1,7348.97,2026-01-21
acct_01869,tenant_019,healthcare,5,3859.0,805,35.8,2,213,2026-01-01,0,0.0,
acct_01870,tenant_020,healthcare,8,10027.39,450,34.0,4,135,2025-12-16,0,0.0,
acct_01871,tenant_021,manufacturing,9,2443.85,88,32.7,2,342,2025-12-26,0,0.0,
acct_01872,tenant_022,healthcare,4,1277.16,379,28.2,1,53,2026-01-02,0,0.0,
acct_01873,tenant_023,healthcare,8,1606.73,144,17.9,3,299,2025-12-07,0,0.0,
acct_01874,tenant_024,saas,4,4880.52,570,0.0,4,298,2026-01-02,0,0.0,
acct_01875,tenant_025,manufacturing,11,19524.31,484,81.0,0,78,2025-12-28,1,12283.26,2026-02-23
acct_01876,tenant_026,retail,7,6403.75,157,68.2,0,146,2025-12-25,1,6622.41,2026-01-09
acct_01877,tenant_027,healthcare,14,19379.25,230,86.8,0,336,2025-12-09,1,8334.24,2026-03-28
acct_01878,tenant_028,finance,16,10006.02,268,52.6,0,54,2025-12-27,0,0.0,
acct_01879,tenant_029,saas,13,11060.03,236,72.2,3,47,2025-12-08,0,0.0,
acct_01880,tenant_030,saas,7,8665.32,181,61.8,2,231,2025-12-15,1,8687.68,2026-03-16
acct_01881,tenant_031,manufacturing,12,16854.25,913,80.8,0,7,2025-12-16,1,29343.57,2026-03-13
acct_01882,tenant_032,saas,12,10345.55,476,39.8,0,139,2026-01-01,1,8729.9,2026-01-11
acct_01883,tenant_033,healthcare,18,29484.04,351,100.0,0,150,2025-12-18,1,25325.87,2026-01-30
acct_01884,tenant_034,finance,14,9973.46,188,80.0,1,95,2025-12-16,0,0.0,
acct_01885,tenant_035,finance,5,11416.08,396,46.9,0,246,2025-12-24,1,8676.06,2026-03-05
acct_01886,tenant_036,saas,19,10089.57,327,68.9,0,257,2026-01-02,1,12571.44,2026-01-24
acct_01887,tenant_000,retail,5,926.16,257,11.9,1,95,2025-12-14,0,0.0,
acct_01888,tenant_001,healthcare,2,6253.07,767,26.9,5,274,2025-12-25,0,0.0,
acct_01889,tenant_002,retail,10,4500.48,204,46.2,1,124,2025-12-20,0,0.0,
acct_01890,tenant_003,saas,6,10538.41,296,26.8,5,163,2025-12-28,0,0.0,
acct_01891,tenant_004,manufacturing,4,7903.16,67,48.9,1,59,2025-12-25,0,0.0,
acct_01892,tenant_005,manufacturing,5,6340.44,397,65.4,0,229,2026-01-04,0,0.0,
acct_01893,tenant_006,finance,7,39749.09,827,60.5,3,14,2025-12-26,0,0.0,
acct_01894,tenant_007,saas,19,28348.51,566,100.0,1,333,2025-12-21,1,56850.96,2026-03-03
acct_01895,tenant_008,saas,7,5972.38,258,36.9,0,66,2025-12-15,1,6781.72,2026-02-05
acct_01896,tenant_009,saas,7,4428.04,379,76.7,1,139,2026-01-02,0,0.0,
acct_01897,tenant_010,retail,19,63370.75,882,93.6,0,225,2026-01-01,1,162361.03,2026-01-12
acct_01898,tenant_011,retail,7,3452.46,689,43.7,0,305,2025-12-15,0,0.0,
acct_01899,tenant_012,healthcare,9,5066.37,257,52.0,2,130,2025-12-12,0,0.0,
acct_01900,tenant_013,saas,10,7329.22,248,64.1,1,74,2026-01-02,1,7216.95,2026-01-13
acct_01901,tenant_014,saas,4,8222.88,425,32.6,1,36,2025-12-09,0,0.0,
acct_01902,tenant_015,healthcare,8,18217.93,225,61.7,1,192,2025-12-16,0,0.0,
acct_01903,tenant_016,healthcare,12,71286.43,756,69.5,0,357,2025-12-24,1,80458.99,2026-02-10
acct_01904,tenant_017,manufacturing,16,6464.46,107,62.5,0,161,2025-12-26,1,5549.49,2026-03-05
acct_01905,tenant_018,saas,10,3489.29,105,23.3,3,5,2025-12-17,0,0.0,
acct_01906,tenant_019,healthcare,11,16202.28,315,52.5,1,40,2025-12-31,0,0.0,
acct_01907,tenant_020,finance,6,9543.48,267,26.1,3,63,2025-12-20,0,0.0,
acct_01908,tenant_021,healthcare,6,6387.15,341,65.5,3,48,2025-12-28,0,0.0,
acct_01909,tenant_022,healthcare,9,11547.41,609,62.9,1,115,2025-12-22,0,0.0,
acct_01910,tenant_023,manufacturing,10,8517.08,833,44.1,0,38,2025-12-23,1,14505.11,2026-03-04
acct_01911,tenant_024,saas,17,10189.81,192,85.9,1,116,2025-12-22,0,0.0,
acct_01912,tenant_025,finance,6,9432.39,325,57.9,0,306,2026-01-05,0,0.0,
acct_01913,tenant_026,retail,2,1326.83,389,14.0,4,329,2025-12-12,0,0.0,
acct_01914,tenant_027,saas,8,3032.01,111,39.2,1,313,2025-12-18,1,4863.92,2026-03-11
acct_01915,tenant_028,manufacturing,11,5908.87,463,66.9,1,200,2025-12-21,1,7873.33,2026-03-07
acct_01916,tenant_029,healthcare,15,7725.0,371,54.7,3,361,2025-12-16,0,0.0,
acct_01917,tenant_030,finance,7,5875.61,134,32.5,1,58,2025-12-16,0,0.0,
acct_01918,tenant_031,retail,12,8073.19,449,58.9,1,73,2025-12-24,0,0.0,
acct_01919,tenant_032,saas,7,5325.69,206,61.6,2,100,2025-12-17,1,5633.65,2026-03-27
acct_01920,tenant_033,retail,7,8018.59,936,45.1,1,161,2025-12-13,0,0.0,
acct_01921,tenant_034,healthcare,4,8823.83,564,65.2,1,117,2025-12-08,0,0.0,
acct_01922,tenant_035,saas,8,4138.82,167,46.5,0,361,2025-12-17,0,0.0,
acct_01923,tenant_036,finance,0,5189.33,204,16.0,2,72,2025-12-11,0,0.0,
acct_01924,tenant_000,manufacturing,9,30254.51,321,77.6,2,359,2025-12-16,0,0.0,
acct_01925,tenant_001,manufacturing,16,33060.63,754,75.7,2,236,2025-12-11,1,23716.09,2026-01-14
acct_01926,tenant_002,saas,11,9664.43,851,54.4,1,253,2025-12-30,1,19486.59,2026-02-20
acct_01927,tenant_003,manufacturing,34,21195.98,433,100.0,1,354,2025-12-17,0,0.0,
acct_01928,tenant_004,retail,14,12574.85,373,81.9,1,246,2025-12-17,0,0.0,
acct_01929,tenant_005,healthcare,15,45883.49,138,84.0,1,205,2025-12-12,0,0.0,
acct_01930,tenant_006,healthcare,12,19715.17,324,62.3,0,187,2025-12-22,1,19838.79,2026-02-22
acct_01931,tenant_007,healthcare,3,8037.94,532,31.3,2,274,2025-12-15,0,0.0,
acct_01932,tenant_008,manufacturing,7,7249.7,707,21.7,4,286,2026-01-01,0,0.0,
acct_01933,tenant_009,healthcare,2,5278.36,770,23.6,1,72,2025-12-10,0,0.0,
acct_01934,tenant_010,saas,9,10793.36,287,56.3,1,317,2025-12-23,0,0.0,
acct_01935,tenant_011,retail,1,998.64,110,13.0,0,125,2025-12-29,0,0.0,
acct_01936,tenant_012,retail,6,7601.47,139,61.2,0,261,2026-01-05,0,0.0,
acct_01937,tenant_013,healthcare,6,1952.27,162,43.0,0,99,2026-01-03,0,0.0,
acct_01938,tenant_014,manufacturing,7,6160.98,439,39.3,2,298,2025-12-27,0,0.0,
acct_01939,tenant_015,saas,6,4809.68,576,13.7,6,298,2025-12-16,0,0.0,
acct_01940,tenant_016,saas,15,6725.76,240,65.6,2,28,2025-12-08,1,5285.11,2026-03-09
acct_01941,tenant_017,saas,5,6921.24,166,50.9,4,2,2025-12-08,0,0.0,
acct_01942,tenant_018,saas,12,18774.36,306,62.1,0,113,2025-12-10,1,24430.69,2026-03-14
acct_01943,tenant_019,finance,6,6285.91,252,40.0,2,179,2025-12-07,1,7220.45,2026-03-29
acct_01944,tenant_020,manufacturing,4,3010.57,179,33.9,3,292,2025-12-28,0,0.0,
acct_01945,tenant_021,finance,1,2607.7,139,11.6,1,362,2026-01-02,0,0.0,
acct_01946,tenant_022,finance,10,10016.68,269,49.7,0,96,2025-12-26,1,16357.92,2026-01-31
acct_01947,tenant_023,saas,11,3651.04,243,30.6,0,34,2026-01-05,0,0.0,
acct_01948,tenant_024,saas,9,12395.73,195,66.9,0,308,2025-12-28,0,0.0,
acct_01949,tenant_025,saas,5,6204.04,176,28.3,0,60,2025-12-13,0,0.0,
acct_01950,tenant_026,retail,16,7104.15,388,66.9,2,181,2025-12-11,0,0.0,
acct_01951,tenant_027,healthcare,6,5196.7,137,28.3,1,36,2025-12-07,0,0.0,
acct_01952,tenant_028,finance,6,12701.8,790,51.3,0,35,2025-12-14,0,0.0,
acct_01953,tenant_029,retail,3,2499.91,203,21.6,0,331,2025-12-27,0,0.0,
acct_01954,tenant_030,finance,9,47073.87,2000,95.2,0,355,2025-12-24,1,41335.76,2026-01-26
acct_01955,tenant_031,manufacturing,7,7218.86,139,68.6,0,215,2025-12-13,0,0.0,
acct_01956,tenant_032,saas,5,2870.91,477,0.4,3,15,2025-12-21,0,0.0,
acct_01957,tenant_033,finance,7,5391.4,225,66.6,1,252,2026-01-05,0,0.0,
acct_01958,tenant_034,retail,13,11113.38,637,64.2,0,332,2025-12-23,0,0.0,
acct_01959,tenant_035,healthcare,15,17766.17,660,82.7,3,96,2025-12-15,1,28388.27,2026-01-30
acct_01960,tenant_036,manufacturing,7,2004.1,197,42.3,3,341,2025-12-25,0,0.0,
acct_01961,tenant_000,finance,11,8752.7,1044,67.1,2,72,2025-12-15,1,8417.41,2026-01-16
acct_01962,tenant_001,retail,11,10248.47,254,81.4,0,176,2025-12-07,0,0.0,
acct_01963,tenant_002,retail,13,15167.98,602,64.2,0,226,2026-01-01,1,20738.37,2026-02-19
acct_01964,tenant_003,saas,13,32624.82,206,66.3,1,96,2025-12-18,1,23618.16,2026-02-28
acct_01965,tenant_004,saas,12,12894.64,656,76.6,2,166,2025-12-26,1,17348.54,2026-03-29
acct_01966,tenant_005,saas,19,128428.3,112,87.7,0,176,2026-01-01,1,112429.87,2026-03-25
acct_01967,tenant_006,healthcare,19,9020.19,129,78.7,1,123,2025-12-22,1,15918.88,2026-03-25
acct_01968,tenant_007,healthcare,8,6499.22,558,47.6,2,332,2025-12-25,0,0.0,
acct_01969,tenant_008,healthcare,9,4595.78,213,50.0,0,170,2025-12-21,0,0.0,
acct_01970,tenant_009,retail,13,2809.84,259,46.7,1,319,2026-01-05,1,4938.68,2026-01-30
acct_01971,tenant_010,manufacturing,4,6781.56,167,44.6,2,253,2025-12-18,0,0.0,
acct_01972,tenant_011,saas,31,29694.49,413,89.7,1,110,2025-12-17,1,60048.37,2026-02-13
acct_01973,tenant_012,manufacturing,3,1622.17,60,30.5,1,342,2025-12-07,0,0.0,
acct_01974,tenant_013,finance,19,24167.45,442,81.5,0,43,2025-12-18,1,17869.33,2026-02-14
acct_01975,tenant_014,healthcare,2,3804.75,388,21.4,1,341,2025-12-31,0,0.0,
acct_01976,tenant_015,retail,3,1624.96,305,33.1,3,346,2025-12-27,0,0.0,
acct_01977,tenant_016,retail,8,4865.03,334,37.6,0,48,2025-12-08,1,8995.43,2026-02-09
acct_01978,tenant_017,manufacturing,8,18374.46,362,73.2,0,278,2025-12-25,0,0.0,
acct_01979,tenant_018,saas,7,12868.46,424,51.6,2,151,2025-12-19,0,0.0,
acct_01980,tenant_019,retail,7,4375.31,65,54.7,1,205,2025-12-26,0,0.0,
acct_01981,tenant_020,saas,2,1324.26,112,9.3,2,29,2026-01-03,0,0.0,
acct_01982,tenant_021,manufacturing,4,1533.75,959,0.0,4,56,2025-12-20,0,0.0,
acct_01983,tenant_022,saas,7,3560.56,197,15.1,2,319,2025-12-31,0,0.0,
acct_01984,tenant_023,saas,9,9690.92,313,72.9,0,65,2025-12-25,1,7065.74,2026-01-09
acct_01985,tenant_024,saas,4,6031.78,647,34.8,2,113,2025-12-14,0,0.0,
acct_01986,tenant_025,retail,11,2183.59,92,44.1,2,247,2025-12-23,0,0.0,
acct_01987,tenant_026,manufacturing,7,2037.43,219,39.8,1,251,2025-12-23,0,0.0,
acct_01988,tenant_027,saas,11,32054.09,2000,66.4,1,129,2025-12-26,1,14445.57,2026-01-07
acct_01989,tenant_028,manufacturing,5,4753.31,377,26.9,2,37,2026-01-05,0,0.0,
acct_01990,tenant_029,finance,11,78751.47,1424,88.4,1,202,2025-12-17,1,62581.79,2026-03-19
acct_01991,tenant_030,manufacturing,20,6604.4,176,82.8,1,288,2025-12-25,0,0.0,
acct_01992,tenant_031,manufacturing,9,3698.96,318,65.5,2,74,2025-12-11,0,0.0,
acct_01993,tenant_032,finance,12,19277.99,135,76.4,0,252,2025-12-25,1,27256.55,2026-01-15
acct_01994,tenant_033,healthcare,16,8754.28,124,52.4,1,213,2025-12-15,1,6770.94,2026-03-17
acct_01995,tenant_034,finance,7,22050.64,248,48.6,0,90,2025-12-20,0,0.0,
acct_01996,tenant_035,finance,12,2615.15,120,48.6,1,326,2025-12-24,0,0.0,
acct_01997,tenant_036,manufacturing,34,97263.63,1093,93.5,1,283,2025-12-20,1,165597.14,2026-01-15
acct_01998,tenant_000,finance,5,31739.8,1920,47.7,1,359,2025-12-08,1,33082.99,2026-03-15
acct_01999,tenant_001,manufacturing,7,3090.38,78,33.5,1,276,2025-12-26,0,0.0,
acct_02000,tenant_002,finance,8,25762.77,322,78.2,0,143,2025-12-10,1,24153.73,2026-03-16
acct_02001,tenant_003,saas,7,7401.54,972,56.9,1,52,2026-01-05,1,6448.24,2026-01-21
acct_02002,tenant_004,manufacturing,7,8612.95,137,44.3,1,339,2025-12-31,0,0.0,
acct_02003,tenant_005,manufacturing,7,1955.55,289,27.2,1,29,2025-12-15,0,0.0,
acct_02004,tenant_006,manufacturing,9,3839.99,197,42.3,0,175,2025-12-08,0,0.0,
acct_02005,tenant_007,manufacturing,30,11171.85,160,99.4,0,287,2025-12-10,1,6024.68,2026-03-09
acct_02006,tenant_008,manufacturing,10,7580.01,501,50.3,0,342,2026-01-05,0,0.0,
acct_02007,tenant_009,healthcare,23,34021.39,251,92.2,1,22,2025-12-12,1,37042.62,2026-02-12
acct_02008,tenant_010,saas,8,5172.19,216,53.1,0,200,2025-12-20,1,6850.59,2026-03-11
acct_02009,tenant_011,manufacturing,8,7003.12,1079,34.1,1,67,2025-12-16,0,0.0,
acct_02010,tenant_012,saas,27,34333.79,73,99.8,0,64,2025-12-13,1,34332.62,2026-03-06
acct_02011,tenant_013,retail,3,1481.3,255,42.9,0,171,2025-12-24,0,0.0,
acct_02012,tenant_014,saas,9,4642.76,120,58.5,0,180,2025-12-26,0,0.0,
acct_02013,tenant_015,finance,17,56884.65,291,100.0,2,61,2025-12-23,1,63446.23,2026-01-28
acct_02014,tenant_016,saas,8,7244.85,31,60.6,0,64,2026-01-05,0,0.0,
acct_02015,tenant_017,saas,16,30040.31,546,65.2,3,262,2025-12-25,0,0.0,
acct_02016,tenant_018,finance,11,2339.43,383,49.4,1,233,2025-12-13,0,0.0,
acct_02017,tenant_019,manufacturing,8,4921.6,184,53.6,1,255,2026-01-05,0,0.0,
acct_02018,tenant_020,saas,3,7181.96,82,47.7,0,211,2025-12-07,0,0.0,
acct_02019,tenant_021,saas,3,6423.67,772,20.6,2,249,2026-01-04,0,0.0,
acct_02020,tenant_022,manufacturing,9,10268.09,313,69.2,3,4,2026-01-03,0,0.0,
acct_02021,tenant_023,finance,7,24583.5,423,67.0,0,290,2025-12-18,1,19940.59,2026-01-08
acct_02022,tenant_024,finance,3,2100.37,213,33.3,4,60,2025-12-31,0,0.0,
acct_02023,tenant_025,finance,4,4121.57,169,28.3,4,25,2026-01-04,0,0.0,
acct_02024,tenant_026,manufacturing,25,123935.35,927,94.4,1,209,2025-12-22,1,133528.67,2026-03-03
acct_02025,tenant_027,healthcare,4,2548.72,87,17.7,2,183,2025-12-12,0,0.0,
acct_02026,tenant_028,manufacturing,11,17146.29,286,82.0,3,65,2025-12-08,0,0.0,
acct_02027,tenant_029,saas,6,3397.96,123,16.2,2,128,2025-12-20,0,0.0,
acct_02028,tenant_030,manufacturing,15,17430.68,702,45.0,1,242,2025-12-21,1,14969.52,2026-01-27
acct_02029,tenant_031,retail,16,2994.55,387,74.1,1,127,2025-12-22,0,0.0,
acct_02030,tenant_032,healthcare,5,18522.0,332,64.9,1,258,2025-12-26,0,0.0,
acct_02031,tenant_033,finance,2,13178.28,817,40.2,1,16,2025-12-10,1,6673.87,2026-01-27
acct_02032,tenant_034,retail,7,1551.16,464,47.5,2,344,2025-12-29,0,0.0,
acct_02033,tenant_035,finance,8,2032.13,92,41.3,2,178,2025-12-30,0,0.0,
acct_02034,tenant_036,saas,6,7050.31,296,64.5,0,16,2025-12-21,1,5973.12,2026-01-06
acct_02035,tenant_000,finance,5,1738.71,123,32.2,4,358,2025-12-18,0,0.0,
acct_02036,tenant_001,saas,2,4444.14,363,22.8,0,211,2025-12-19,0,0.0,
acct_02037,tenant_002,saas,8,14203.57,661,58.1,2,13,2025-12-07,0,0.0,
acct_02038,tenant_003,manufacturing,8,2817.02,131,34.6,0,290,2026-01-01,1,5850.83,2026-01-25
acct_02039,tenant_004,saas,8,9826.71,168,43.6,1,32,2025-12-20,0,0.0,
acct_02040,tenant_005,manufacturing,7,9615.42,144,68.3,0,199,2025-12-21,1,8394.82,2026-01-24
acct_02041,tenant_006,retail,7,9267.97,806,64.0,0,273,2025-12-28,0,0.0,
acct_02042,tenant_007,saas,8,16212.35,1959,49.4,2,231,2026-01-04,0,0.0,
acct_02043,tenant_008,retail,4,1215.25,112,29.1,6,54,2025-12-12,0,0.0,
acct_02044,tenant_009,healthcare,5,5581.82,128,35.0,1,152,2025-12-14,0,0.0,
acct_02045,tenant_010,manufacturing,7,5426.35,104,58.8,1,18,2025-12-16,1,3613.59,2026-02-06
acct_02046,tenant_011,healthcare,9,12005.31,577,66.0,0,175,2025-12-20,0,0.0,
acct_02047,tenant_012,retail,8,4734.04,136,21.6,2,227,2025-12-13,0,0.0,
acct_02048,tenant_013,saas,17,3742.75,42,99.8,0,184,2025-12-19,1,1423.52,2026-01-25
acct_02049,tenant_014,healthcare,11,17408.57,621,59.6,0,175,2025-12-13,1,17999.89,2026-01-20
acct_02050,tenant_015,saas,5,4089.94,205,38.5,0,286,2026-01-05,0,0.0,
acct_02051,tenant_016,saas,6,68361.95,1062,69.7,0,287,2026-01-03,1,77442.41,2026-02-06
acct_02052,tenant_017,saas,3,2723.43,233,45.0,0,296,2025-12-13,0,0.0,
acct_02053,tenant_018,manufacturing,3,736.29,111,36.6,1,358,2026-01-01,0,0.0,
acct_02054,tenant_019,retail,5,6844.62,308,40.8,0,137,2025-12-19,0,0.0,
acct_02055,tenant_020,finance,9,8482.99,279,51.3,4,176,2025-12-29,0,0.0,
acct_02056,tenant_021,manufacturing,2,3979.5,185,33.2,1,29,2025-12-19,1,4677.01,2026-02-21
acct_02057,tenant_022,saas,6,4321.15,255,35.7,2,86,2025-12-09,0,0.0,
acct_02058,tenant_023,manufacturing,5,3746.18,215,34.4,1,67,2025-12-26,0,0.0,
acct_02059,tenant_024,saas,7,24392.99,122,64.0,0,339,2026-01-01,0,0.0,
acct_02060,tenant_025,healthcare,6,5065.23,251,33.2,0,183,2025-12-26,0,0.0,
acct_02061,tenant_026,finance,12,21741.88,1314,41.5,3,56,2025-12-11,0,0.0,
acct_02062,tenant_027,saas,15,18808.87,307,57.2,1,106,2026-01-02,0,0.0,
acct_02063,tenant_028,manufacturing,10,9876.49,99,68.7,1,233,2026-01-01,0,0.0,
acct_02064,tenant_029,saas,8,13126.63,353,64.5,1,217,2025-12-25,1,27014.98,2026-02-28
acct_02065,tenant_030,manufacturing,13,43089.2,318,87.3,0,265,2026-01-02,1,24353.73,2026-04-02
acct_02066,tenant_031,manufacturing,12,14960.92,669,77.9,0,80,2026-01-01,1,15129.91,2026-03-05
acct_02067,tenant_032,saas,7,8742.71,508,50.6,1,178,2025-12-25,1,12677.39,2026-01-11
acct_02068,tenant_033,manufacturing,17,15042.21,232,69.9,0,14,2025-12-09,1,14975.92,2026-01-29
acct_02069,tenant_034,retail,9,2482.39,616,27.8,3,90,2025-12-09,0,0.0,
acct_02070,tenant_035,saas,6,3859.13,89,9.3,4,353,2025-12-17,0,0.0,
acct_02071,tenant_036,saas,10,18729.42,1106,58.7,0,322,2026-01-02,1,64503.36,2026-01-08
acct_02072,tenant_000,retail,2,1052.96,75,12.3,3,128,2026-01-02,0,0.0,
acct_02073,tenant_001,finance,11,17497.74,644,62.0,1,91,2025-12-20,0,0.0,
acct_02074,tenant_002,saas,11,13837.43,244,66.9,1,298,2025-12-31,1,16463.59,2026-03-20
acct_02075,tenant_003,saas,5,4221.03,493,36.9,1,197,2025-12-26,1,8413.56,2026-01-08
acct_02076,tenant_004,manufacturing,8,19937.88,748,66.7,1,196,2025-12-18,0,0.0,
acct_02077,tenant_005,healthcare,7,2853.34,186,52.7,1,120,2025-12-21,0,0.0,
acct_02078,tenant_006,manufacturing,5,3115.36,324,49.6,2,104,2025-12-10,0,0.0,
acct_02079,tenant_007,healthcare,7,3676.91,89,58.3,1,68,2025-12-09,0,0.0,
acct_02080,tenant_008,manufacturing,3,3594.09,722,50.3,0,119,2025-12-19,1,3887.6,2026-04-01
acct_02081,tenant_009,healthcare,16,8757.93,633,65.0,0,191,2025-12-27,0,0.0,
acct_02082,tenant_010,retail,5,2799.86,312,32.2,1,114,2025-12-07,0,0.0,
acct_02083,tenant_011,saas,24,12387.89,605,67.7,0,3,2025-12-29,1,32607.89,2026-04-03
acct_02084,tenant_012,saas,8,48989.16,334,56.9,1,235,2025-12-30,1,39935.62,2026-03-03
acct_02085,tenant_013,saas,5,2987.65,170,13.8,3,169,2025-12-10,0,0.0,
acct_02086,tenant_014,saas,7,15031.93,668,57.1,2,73,2025-12-23,1,23080.27,2026-03-27
acct_02087,tenant_015,retail,7,4309.71,167,53.4,0,196,2026-01-01,0,0.0,
acct_02088,tenant_016,retail,3,5551.07,483,11.7,5,148,2025-12-14,0,0.0,
acct_02089,tenant_017,saas,12,8904.27,199,72.2,1,323,2025-12-27,1,8352.3,2026-02-19
acct_02090,tenant_018,manufacturing,5,1169.98,121,33.5,2,303,2025-12-27,0,0.0,
acct_02091,tenant_019,saas,8,10989.28,220,80.9,0,248,2025-12-23,1,14679.11,2026-03-27
acct_02092,tenant_020,healthcare,9,33662.0,623,68.3,1,69,2025-12-21,1,43432.3,2026-03-08
acct_02093,tenant_021,healthcare,9,3503.27,202,58.2,2,279,2025-12-14,0,0.0,
acct_02094,tenant_022,retail,10,10954.6,615,58.4,2,93,2025-12-27,1,14081.9,2026-03-09
acct_02095,tenant_023,saas,3,10066.66,518,29.3,3,206,2025-12-11,0,0.0,
acct_02096,tenant_024,retail,22,6844.46,1242,68.7,1,5,2025-12-18,1,3423.57,2026-02-01
acct_02097,tenant_025,retail,9,3104.3,120,53.6,1,248,2025-12-19,0,0.0,
acct_02098,tenant_026,finance,9,9612.84,450,38.8,0,274,2025-12-26,1,12171.67,2026-01-30
acct_02099,tenant_027,saas,7,982.65,114,9.7,0,58,2025-12-18,0,0.0,
acct_02100,tenant_028,retail,2,3119.9,471,28.3,1,321,2025-12-26,0,0.0,
acct_02101,tenant_029,saas,13,6297.17,319,51.7,1,319,2025-12-17,0,0.0,
acct_02102,tenant_030,manufacturing,1,3496.16,463,0.7,4,365,2025-12-15,0,0.0,
acct_02103,tenant_031,saas,8,35952.51,600,56.9,1,235,2025-12-27,0,0.0,
acct_02104,tenant_032,retail,3,1061.75,232,20.3,2,49,2025-12-08,0,0.0,
acct_02105,tenant_033,finance,22,93787.49,359,97.2,1,108,2025-12-31,1,128051.35,2026-02-27
acct_02106,tenant_034,finance,14,30058.31,284,63.9,1,199,2025-12-21,1,28324.38,2026-01-06
acct_02107,tenant_035,saas,13,26618.72,143,82.6,0,303,2025-12-29,1,39460.35,2026-02-24
acct_02108,tenant_036,finance,10,6841.09,349,52.7,1,64,2025-12-10,1,8359.77,2026-02-27
acct_02109,tenant_000,retail,10,2991.11,194,53.2,2,182,2025-12-12,0,0.0,
acct_02110,tenant_001,saas,5,12272.76,780,56.4,0,154,2025-12-13,1,15496.94,2026-02-22
acct_02111,tenant_002,retail,10,16817.5,314,55.5,0,45,2026-01-03,1,13045.91,2026-03-31
acct_02112,tenant_003,manufacturing,9,11090.98,302,56.2,1,105,2025-12-12,0,0.0,
acct_02113,tenant_004,manufacturing,11,8292.07,385,54.0,4,316,2026-01-03,0,0.0,
acct_02114,tenant_005,saas,8,8540.44,498,56.9,2,205,2025-12-16,0,0.0,
acct_02115,tenant_006,healthcare,21,19821.04,176,98.5,0,156,2025-12-28,1,50071.99,2026-02-01
acct_02116,tenant_007,finance,5,5594.1,611,45.9,2,111,2025-12-09,0,0.0,
acct_02117,tenant_008,retail,11,6411.16,91,56.0,3,327,2025-12-26,0,0.0,
acct_02118,tenant_009,finance,4,11228.69,530,44.0,1,52,2025-12-26,1,10924.59,2026-02-04
acct_02119,tenant_010,finance,4,4601.86,333,30.5,0,354,2026-01-05,0,0.0,
acct_02120,tenant_011,healthcare,6,3545.2,963,9.4,4,329,2025-12-19,0,0.0,
acct_02121,tenant_012,healthcare,6,4619.9,203,11.2,2,334,2025-12-25,0,0.0,
acct_02122,tenant_013,manufacturing,27,46182.08,760,100.0,0,33,2025-12-10,1,99947.34,2026-02-14
acct_02123,tenant_014,manufacturing,11,12354.6,474,63.3,0,280,2025-12-23,0,0.0,
acct_02124,tenant_015,healthcare,9,33747.11,886,81.9,0,176,2026-01-03,1,32975.11,2026-02-09
acct_02125,tenant_016,retail,10,12825.75,236,68.5,1,72,2025-12-16,0,0.0,
acct_02126,tenant_017,saas,19,13916.4,127,62.7,3,230,2026-01-02,1,15825.35,2026-01-11
acct_02127,tenant_018,saas,12,6166.39,201,66.1,0,68,2025-12-09,1,4895.9,2026-01-25
acct_02128,tenant_019,healthcare,8,13077.83,913,37.5,1,305,2025-12-25,1,10401.38,2026-03-02
acct_02129,tenant_020,manufacturing,5,3067.84,1359,23.5,3,29,2025-12-13,0,0.0,
acct_02130,tenant_021,manufacturing,12,4475.63,182,61.6,0,285,2025-12-15,1,1994.64,2026-01-19
acct_02131,tenant_022,saas,4,11117.33,920,40.4,1,162,2026-01-02,1,10053.8,2026-03-24
acct_02132,tenant_023,manufacturing,6,3021.09,665,33.6,1,234,2025-12-16,0,0.0,
acct_02133,tenant_024,manufacturing,13,5520.39,132,79.4,1,125,2026-01-04,1,7121.64,2026-02-14
acct_02134,tenant_025,retail,13,5778.45,195,50.8,1,33,2025-12-27,0,0.0,
acct_02135,tenant_026,saas,10,12900.12,356,54.3,0,13,2025-12-12,1,8140.62,2026-01-14
acct_02136,tenant_027,healthcare,9,6013.39,121,77.9,0,308,2026-01-04,1,11431.56,2026-01-06
acct_02137,tenant_028,saas,19,23002.35,295,58.3,5,124,2025-12-14,0,0.0,
acct_02138,tenant_029,saas,8,8338.9,176,62.3,1,186,2025-12-16,1,11013.58,2026-02-21
acct_02139,tenant_030,healthcare,13,14221.23,132,80.1,0,170,2025-12-09,1,23078.66,2026-03-13
acct_02140,tenant_031,finance,6,6862.46,487,8.7,7,7,2025-12-18,0,0.0,
acct_02141,tenant_032,saas,10,25112.77,347,80.6,1,334,2026-01-05,1,39541.61,2026-03-31
acct_02142,tenant_033,healthcare,3,2124.14,137,22.8,6,220,2025-12-29,0,0.0,
acct_02143,tenant_034,manufacturing,3,1300.27,88,0.0,3,73,2025-12-21,0,0.0,
acct_02144,tenant_035,saas,2,1365.09,348,32.7,3,67,2025-12-12,0,0.0,
acct_02145,tenant_036,finance,2,2400.63,173,1.4,0,235,2025-12-09,0,0.0,
acct_02146,tenant_000,manufacturing,10,5424.65,196,34.1,0,149,2025-12-17,0,0.0,
acct_02147,tenant_001,finance,16,8215.49,316,87.5,1,71,2026-01-05,1,13962.97,2026-02-06
acct_02148,tenant_002,retail,10,4538.17,274,55.6,1,170,2025-12-19,0,0.0,
acct_02149,tenant_003,saas,14,49737.19,754,74.7,2,196,2025-12-13,1,145275.72,2026-02-22
acct_02150,tenant_004,saas,2,3276.02,648,11.6,1,69,2025-12-26,0,0.0,
acct_02151,tenant_005,finance,14,23965.4,66,93.5,0,106,2025-12-13,1,37638.62,2026-04-02
acct_02152,tenant_006,finance,16,7912.88,95,58.6,2,317,2025-12-28,0,0.0,
acct_02153,tenant_007,healthcare,2,2886.53,186,32.5,2,335,2025-12-25,0,0.0,
acct_02154,tenant_008,retail,9,8237.0,621,45.4,1,12,2025-12-30,1,5385.95,2026-03-05
acct_02155,tenant_009,retail,7,1661.67,130,22.0,3,298,2026-01-01,0,0.0,
acct_02156,tenant_010,manufacturing,7,3716.98,383,22.1,2,105,2025-12-10,0,0.0,
acct_02157,tenant_011,finance,9,26418.07,551,45.4,0,188,2025-12-17,1,29779.31,2026-02-08
acct_02158,tenant_012,finance,6,11890.93,167,58.4,1,205,2025-12-30,0,0.0,
acct_02159,tenant_013,saas,4,2339.3,256,1.6,2,58,2025-12-23,0,0.0,
acct_02160,tenant_014,manufacturing,24,86373.99,1590,100.0,0,171,2025-12-31,1,113238.14,2026-01-06
acct_02161,tenant_015,saas,18,20573.23,240,100.0,1,350,2026-01-01,1,27305.91,2026-02-18
acct_02162,tenant_016,finance,8,5217.02,444,33.8,3,205,2026-01-05,0,0.0,
acct_02163,tenant_017,manufacturing,22,14545.67,753,83.2,0,312,2025-12-13,0,0.0,
acct_02164,tenant_018,healthcare,4,7764.5,462,56.7,1,308,2025-12-15,0,0.0,
acct_02165,tenant_019,finance,7,22435.33,647,59.7,0,135,2025-12-27,1,35713.19,2026-02-01
acct_02166,tenant_020,healthcare,7,6016.93,276,61.2,2,135,2025-12-29,0,0.0,
acct_02167,tenant_021,retail,9,3924.17,138,58.7,3,318,2026-01-02,0,0.0,
acct_02168,tenant_022,saas,13,4694.89,225,33.3,3,270,2025-12-28,0,0.0,
acct_02169,tenant_023,healthcare,9,13051.63,263,52.2,0,34,2025-12-31,0,0.0,
acct_02170,tenant_024,retail,7,1578.45,117,30.4,2,125,2025-12-19,0,0.0,
acct_02171,tenant_025,manufacturing,11,2152.67,97,43.2,1,227,2025-12-10,0,0.0,
acct_02172,tenant_026,finance,19,25129.87,208,80.3,0,94,2025-12-18,1,40263.23,2026-02-17
acct_02173,tenant_027,manufacturing,3,4568.4,209,33.3,3,112,2025-12-16,0,0.0,
acct_02174,tenant_028,manufacturing,9,17143.42,249,61.5,0,195,2025-12-14,0,0.0,
acct_02175,tenant_029,retail,9,9045.46,1770,59.6,3,313,2025-12-08,0,0.0,
acct_02176,tenant_030,retail,7,8779.89,634,61.4,2,174,2026-01-02,0,0.0,
acct_02177,tenant_031,saas,12,15144.0,250,61.9,0,344,2025-12-26,0,0.0,
acct_02178,tenant_032,saas,6,6789.24,462,23.2,4,37,2025-12-13,0,0.0,
acct_02179,tenant_033,saas,13,4615.89,347,39.7,1,78,2025-12-07,0,0.0,
acct_02180,tenant_034,healthcare,4,5296.65,78,42.3,3,81,2025-12-31,0,0.0,
acct_02181,tenant_035,manufacturing,6,11470.84,368,53.0,0,232,2025-12-12,1,18972.95,2026-03-13
acct_02182,tenant_036,saas,10,12763.08,83,70.0,0,47,2026-01-01,0,0.0,
acct_02183,tenant_000,finance,15,3232.13,179,57.0,1,152,2025-12-13,1,1986.78,2026-01-29
acct_02184,tenant_001,saas,4,3583.53,205,0.0,5,132,2025-12-17,0,0.0,
acct_02185,tenant_002,retail,9,5562.16,358,46.2,0,34,2025-12-10,0,0.0,
acct_02186,tenant_003,saas,6,4704.8,276,42.6,0,75,2025-12-25,1,9751.29,2026-03-07
acct_02187,tenant_004,healthcare,16,5123.22,46,78.7,1,316,2026-01-05,0,0.0,
acct_02188,tenant_005,healthcare,13,12500.67,388,81.8,0,41,2026-01-05,1,18851.38,2026-01-31
acct_02189,tenant_006,retail,3,957.02,450,15.8,1,154,2025-12-16,0,0.0,
acct_02190,tenant_007,saas,6,6578.95,120,43.7,2,262,2025-12-12,0,0.0,
acct_02191,tenant_008,retail,10,2867.39,865,49.9,3,264,2025-12-14,0,0.0,
acct_02192,tenant_009,saas,12,8520.5,207,57.4,1,72,2025-12-12,0,0.0,
acct_02193,tenant_010,manufacturing,7,6733.77,252,16.4,2,339,2025-12-29,0,0.0,
acct_02194,tenant_011,manufacturing,6,9346.42,547,47.3,2,101,2026-01-04,0,0.0,
acct_02195,tenant_012,finance,3,9441.51,377,18.0,3,204,2025-12-12,0,0.0,
acct_02196,tenant_013,finance,4,17918.4,375,18.6,1,262,2025-12-08,0,0.0,
acct_02197,tenant_014,saas,3,4854.16,702,0.0,7,85,2025-12-28,0,0.0,
acct_02198,tenant_015,saas,4,2609.35,212,31.0,1,136,2025-12-10,0,0.0,
acct_02199,tenant_016,saas,6,24548.29,2000,62.3,0,56,2025-12-11,1,17482.71,2026-03-01
acct_02200,tenant_017,finance,17,20575.06,335,85.8,0,313,2025-12-30,1,74105.93,2026-01-11
acct_02201,tenant_018,healthcare,19,10430.07,352,80.2,1,249,2025-12-09,0,0.0,
acct_02202,tenant_019,saas,10,20869.44,183,74.0,0,85,2025-12-08,1,22286.97,2026-03-04
acct_02203,tenant_020,manufacturing,16,13373.04,371,78.1,0,79,2025-12-12,1,13966.6,2026-02-21
acct_02204,tenant_021,saas,6,11786.82,379,63.1,0,305,2025-12-07,0,0.0,
acct_02205,tenant_022,finance,4,22322.55,524,52.9,1,51,2025-12-22,1,22953.68,2026-03-07
acct_02206,tenant_023,healthcare,4,6787.02,110,54.4,1,216,2025-12-19,1,6941.6,2026-01-19
acct_02207,tenant_024,retail,9,7467.16,397,67.9,1,250,2025-12-08,0,0.0,
acct_02208,tenant_025,retail,10,4630.62,552,62.0,0,327,2025-12-10,0,0.0,
acct_02209,tenant_026,finance,8,30419.75,563,55.7,0,226,2025-12-08,0,0.0,
acct_02210,tenant_027,saas,11,6984.03,448,46.4,1,105,2025-12-13,0,0.0,
acct_02211,tenant_028,retail,14,4943.86,355,66.7,2,99,2025-12-20,0,0.0,
acct_02212,tenant_029,retail,7,5704.66,357,59.4,0,141,2025-12-20,0,0.0,
acct_02213,tenant_030,healthcare,14,26538.38,1547,77.2,2,42,2026-01-02,1,37351.9,2026-01-22
acct_02214,tenant_031,healthcare,15,10170.74,398,95.5,0,307,2025-12-22,1,23517.62,2026-02-26
acct_02215,tenant_032,manufacturing,8,2721.52,185,57.7,2,346,2025-12-19,0,0.0,
acct_02216,tenant_033,healthcare,12,16843.44,412,60.9,0,215,2025-12-16,1,30521.67,2026-01-09
acct_02217,tenant_034,saas,11,11956.96,832,77.9,0,193,2026-01-01,0,0.0,
acct_02218,tenant_035,manufacturing,2,3548.36,169,29.8,3,44,2025-12-31,0,0.0,
acct_02219,tenant_036,manufacturing,15,8347.38,168,68.2,3,308,2025-12-16,0,0.0,
acct_02220,tenant_000,manufacturing,2,2650.94,1061,0.0,7,212,2026-01-03,0,0.0,
acct_02221,tenant_001,manufacturing,3,4317.91,230,25.9,3,295,2025-12-31,0,0.0,
acct_02222,tenant_002,manufacturing,7,9091.48,792,49.8,2,297,2025-12-13,0,0.0,
acct_02223,tenant_003,saas,4,7633.38,383,37.2,2,302,2025-12-18,0,0.0,
acct_02224,tenant_004,saas,10,33395.17,750,55.1,3,287,2025-12-30,0,0.0,
acct_02225,tenant_005,healthcare,8,3021.69,83,64.5,1,26,2025-12-25,1,2052.68,2026-02-24
acct_02226,tenant_006,manufacturing,4,5863.48,460,30.2,0,61,2026-01-01,0,0.0,
acct_02227,tenant_007,manufacturing,6,9538.42,489,53.2,0,203,2025-12-28,0,0.0,
acct_02228,tenant_008,retail,5,1487.66,184,10.4,5,101,2025-12-29,0,0.0,
acct_02229,tenant_009,finance,6,23505.74,979,58.0,1,122,2025-12-25,1,16232.88,2026-01-14
acct_02230,tenant_010,manufacturing,4,3490.56,469,35.2,2,143,2026-01-04,0,0.0,
acct_02231,tenant_011,healthcare,3,3531.4,325,37.3,4,241,2025-12-13,1,4326.15,2026-01-10
acct_02232,tenant_012,healthcare,11,14347.75,513,79.0,0,332,2025-12-13,0,0.0,
acct_02233,tenant_013,manufacturing,1,4420.31,57,25.5,5,21,2025-12-14,0,0.0,
acct_02234,tenant_014,manufacturing,11,3942.11,94,59.4,0,307,2025-12-19,0,0.0,
acct_02235,tenant_015,healthcare,6,4518.4,419,55.2,2,170,2025-12-10,0,0.0,
acct_02236,tenant_016,manufacturing,10,5040.16,90,42.8,3,171,2025-12-27,0,0.0,
acct_02237,tenant_017,saas,21,21413.51,90,100.0,0,266,2025-12-13,1,27309.66,2026-02-01
acct_02238,tenant_018,finance,21,64834.07,443,88.1,1,299,2025-12-14,1,97103.76,2026-03-19
acct_02239,tenant_019,manufacturing,9,5830.82,195,62.7,5,258,2025-12-24,0,0.0,
acct_02240,tenant_020,retail,1,547.27,205,0.0,6,315,2025-12-17,0,0.0,
acct_02241,tenant_021,healthcare,7,3004.75,380,20.8,2,152,2025-12-17,0,0.0,
acct_02242,tenant_022,saas,14,4224.33,281,67.0,0,6,2025-12-30,1,2847.35,2026-01-16
acct_02243,tenant_023,retail,4,3899.84,371,42.0,0,279,2025-12-14,0,0.0,
acct_02244,tenant_024,finance,3,7258.43,516,27.5,3,111,2025-12-27,0,0.0,
acct_02245,tenant_025,retail,12,6208.19,219,78.2,1,263,2025-12-15,0,0.0,
acct_02246,tenant_026,healthcare,9,10996.58,279,34.9,1,67,2025-12-29,0,0.0,
acct_02247,tenant_027,finance,11,14830.18,163,79.6,0,360,2025-12-27,1,18383.56,2026-03-28
acct_02248,tenant_028,manufacturing,7,6431.61,465,50.0,0,179,2025-12-20,0,0.0,
acct_02249,tenant_029,healthcare,2,5091.68,100,28.3,1,203,2025-12-12,0,0.0,
acct_02250,tenant_030,manufacturing,9,4841.48,254,53.7,1,261,2025-12-21,0,0.0,
acct_02251,tenant_031,saas,10,51894.28,345,73.1,2,293,2026-01-05,1,44693.17,2026-01-08
acct_02252,tenant_032,retail,4,625.34,47,0.0,2,25,2025-12-08,0,0.0,
acct_02253,tenant_033,manufacturing,2,6436.06,349,30.4,3,303,2025-12-19,0,0.0,
acct_02254,tenant_034,saas,21,25023.12,390,97.1,0,170,2025-12-09,1,35798.61,2026-01-06
acct_02255,tenant_035,finance,3,8760.35,305,45.3,2,261,2025-12-24,1,9451.9,2026-03-30
acct_02256,tenant_036,manufacturing,9,9076.28,1297,49.5,2,142,2025-12-09,0,0.0,
acct_02257,tenant_000,healthcare,7,30768.14,979,39.8,1,39,2025-12-22,0,0.0,
acct_02258,tenant_001,manufacturing,16,12134.47,349,100.0,1,228,2026-01-04,1,19649.0,2026-03-10
acct_02259,tenant_002,healthcare,7,4354.1,143,41.8,0,101,2025-12-26,1,5892.42,2026-01-13
acct_02260,tenant_003,manufacturing,14,53733.4,655,100.0,0,18,2025-12-12,1,68309.94,2026-02-17
acct_02261,tenant_004,healthcare,6,10529.0,522,47.0,1,264,2025-12-29,0,0.0,
acct_02262,tenant_005,manufacturing,11,5403.22,126,48.4,3,291,2025-12-24,0,0.0,
acct_02263,tenant_006,manufacturing,3,2821.28,621,32.9,1,117,2025-12-12,0,0.0,
acct_02264,tenant_007,healthcare,6,4013.67,175,58.4,0,253,2025-12-27,1,7074.07,2026-03-18
acct_02265,tenant_008,healthcare,2,2078.98,81,28.7,1,27,2025-12-15,0,0.0,
acct_02266,tenant_009,healthcare,3,3964.05,904,48.8,0,320,2025-12-30,1,7703.44,2026-01-26
acct_02267,tenant_010,saas,9,10713.56,360,45.9,1,325,2025-12-15,0,0.0,
acct_02268,tenant_011,manufacturing,10,3334.21,98,69.6,2,18,2025-12-22,1,7758.97,2026-03-05
acct_02269,tenant_012,saas,13,8775.71,278,59.3,2,329,2025-12-12,1,6577.7,2026-02-27
acct_02270,tenant_013,finance,7,13104.35,884,51.2,0,297,2025-12-29,0,0.0,
acct_02271,tenant_014,finance,32,28235.26,475,100.0,0,258,2025-12-26,1,34440.93,2026-02-08
acct_02272,tenant_015,manufacturing,6,13819.05,1894,39.9,0,124,2025-12-17,0,0.0,
acct_02273,tenant_016,manufacturing,8,28449.07,374,58.5,0,194,2025-12-17,1,41684.51,2026-02-16
acct_02274,tenant_017,manufacturing,6,13015.55,122,47.1,1,344,2025-12-12,0,0.0,
acct_02275,tenant_018,manufacturing,5,1085.14,96,38.3,0,248,2025-12-19,0,0.0,
acct_02276,tenant_019,manufacturing,26,12365.9,78,68.6,1,52,2026-01-05,0,0.0,
acct_02277,tenant_020,finance,12,40279.47,1252,37.8,0,358,2026-01-02,1,32952.02,2026-01-27
acct_02278,tenant_021,manufacturing,8,24641.08,2000,48.5,2,245,2025-12-29,0,0.0,
acct_02279,tenant_022,retail,6,2186.3,94,57.4,3,330,2025-12-11,0,0.0,
acct_02280,tenant_023,finance,14,22763.68,1039,69.9,0,49,2025-12-09,1,14565.29,2026-01-18
acct_02281,tenant_024,saas,7,12895.94,259,78.4,2,329,2025-12-30,1,11295.01,2026-01-23
acct_02282,tenant_025,retail,12,6083.47,173,58.2,0,216,2026-01-05,1,14196.99,2026-02-23
acct_02283,tenant_026,manufacturing,1,1560.39,122,34.9,1,44,2025-12-13,0,0.0,
acct_02284,tenant_027,manufacturing,2,4817.91,459,11.5,1,47,2025-12-10,0,0.0,
acct_02285,tenant_028,retail,2,4722.05,153,28.2,5,44,2026-01-04,0,0.0,
acct_02286,tenant_029,finance,7,10276.48,198,41.7,2,177,2025-12-11,0,0.0,
acct_02287,tenant_030,healthcare,8,4875.94,274,37.4,1,133,2025-12-16,0,0.0,
acct_02288,tenant_031,finance,8,8956.5,426,43.8,0,292,2025-12-23,1,9584.06,2026-01-24
acct_02289,tenant_032,saas,7,3798.21,526,34.0,0,14,2025-12-25,1,5518.6,2026-03-13
acct_02290,tenant_033,manufacturing,15,13770.7,164,89.8,1,62,2025-12-22,1,26879.89,2026-02-27
acct_02291,tenant_034,finance,4,6597.87,131,30.4,1,79,2026-01-05,0,0.0,
acct_02292,tenant_035,saas,7,5022.32,1338,11.6,1,66,2026-01-02,0,0.0,
acct_02293,tenant_036,manufacturing,20,5387.05,171,73.8,0,221,2025-12-17,1,6753.97,2026-03-12
acct_02294,tenant_000,healthcare,9,15392.99,299,61.2,2,168,2026-01-05,1,20043.16,2026-02-18
acct_02295,tenant_001,manufacturing,6,7951.45,491,61.5,0,252,2026-01-05,0,0.0,
acct_02296,tenant_002,manufacturing,6,4037.16,127,16.1,2,149,2025-12-08,0,0.0,
acct_02297,tenant_003,saas,5,10840.4,176,45.2,1,264,2025-12-27,1,14944.73,2026-02-16
acct_02298,tenant_004,healthcare,7,1459.73,107,39.5,0,126,2025-12-10,0,0.0,
acct_02299,tenant_005,retail,7,5379.78,1929,36.2,1,189,2025-12-26,0,0.0,
acct_02300,tenant_006,finance,5,16081.07,1263,48.6,2,301,2025-12-21,0,0.0,
acct_02301,tenant_007,manufacturing,5,2791.34,203,36.3,3,240,2026-01-01,0,0.0,
acct_02302,tenant_008,finance,14,14383.15,391,65.6,2,217,2025-12-24,0,0.0,
acct_02303,tenant_009,finance,15,16203.82,80,67.9,0,89,2025-12-16,0,0.0,
acct_02304,tenant_010,manufacturing,2,7232.58,831,27.4,1,140,2025-12-12,0,0.0,
acct_02305,tenant_011,finance,11,8119.55,259,67.0,0,220,2025-12-25,1,7266.95,2026-01-19
acct_02306,tenant_012,manufacturing,7,7024.46,393,47.4,2,183,2025-12-27,0,0.0,
acct_02307,tenant_013,saas,7,7191.76,326,57.3,1,80,2025-12-25,0,0.0,
acct_02308,tenant_014,manufacturing,5,1357.78,236,14.7,0,154,2025-12-19,0,0.0,
acct_02309,tenant_015,retail,3,2807.14,224,42.7,0,293,2025-12-19,0,0.0,
acct_02310,tenant_016,healthcare,17,23574.67,637,78.0,2,257,2025-12-24,1,39897.99,2026-01-10
acct_02311,tenant_017,healthcare,7,6570.34,326,46.0,1,11,2025-12-13,0,0.0,
acct_02312,tenant_018,saas,15,4965.02,175,66.9,0,131,2026-01-01,1,3741.01,2026-01-19
acct_02313,tenant_019,manufacturing,4,1362.01,118,35.7,2,226,2025-12-20,0,0.0,
acct_02314,tenant_020,manufacturing,8,14288.37,390,71.4,0,188,2025-12-17,1,33318.36,2026-01-20
acct_02315,tenant_021,saas,7,8514.75,966,42.3,0,331,2025-12-31,1,6381.93,2026-01-22
acct_02316,tenant_022,finance,15,5229.22,89,64.8,4,321,2025-12-24,0,0.0,
acct_02317,tenant_023,healthcare,5,5446.11,559,48.4,3,258,2025-12-11,0,0.0,
acct_02318,tenant_024,finance,17,118051.51,691,93.3,0,310,2025-12-26,1,118541.41,2026-03-03
acct_02319,tenant_025,retail,6,3753.06,174,46.7,0,126,2025-12-07,0,0.0,
acct_02320,tenant_026,finance,5,6156.48,180,34.9,4,84,2025-12-23,0,0.0,
acct_02321,tenant_027,finance,3,5870.26,541,43.9,0,103,2025-12-18,1,5252.47,2026-01-18
acct_02322,tenant_028,finance,7,19319.12,418,66.3,3,78,2025-12-26,0,0.0,
acct_02323,tenant_029,manufacturing,4,7766.11,272,57.7,1,345,2025-12-30,0,0.0,
acct_02324,tenant_030,healthcare,2,6076.14,1090,11.4,0,94,2026-01-05,0,0.0,
acct_02325,tenant_031,finance,7,2921.59,51,41.0,1,88,2025-12-07,0,0.0,
acct_02326,tenant_032,healthcare,3,2933.12,103,41.7,3,66,2025-12-08,0,0.0,
acct_02327,tenant_033,manufacturing,13,7760.03,384,53.1,0,137,2025-12-18,0,0.0,
acct_02328,tenant_034,healthcare,3,4616.81,179,37.9,0,216,2025-12-13,0,0.0,
acct_02329,tenant_035,healthcare,4,5525.27,259,55.0,0,266,2025-12-29,0,0.0,
acct_02330,tenant_036,finance,15,16354.29,292,61.7,1,129,2025-12-19,0,0.0,
acct_02331,tenant_000,retail,8,1494.6,324,38.7,1,294,2025-12-19,0,0.0,
acct_02332,tenant_001,finance,5,7429.23,445,40.0,1,180,2025-12-15,1,6270.9,2026-01-28
acct_02333,tenant_002,manufacturing,7,1610.81,102,34.4,2,93,2025-12-24,0,0.0,
acct_02334,tenant_003,saas,5,12604.47,441,45.8,3,69,2025-12-17,0,0.0,
acct_02335,tenant_004,saas,7,2340.51,171,48.2,0,226,2025-12-09,0,0.0,
acct_02336,tenant_005,saas,9,6011.35,153,44.2,1,67,2025-12-29,0,0.0,
acct_02337,tenant_006,manufacturing,29,45371.79,1779,99.5,1,125,2025-12-28,1,89573.33,2026-01-27
acct_02338,tenant_007,retail,10,22754.67,710,71.7,0,153,2026-01-05,1,25863.39,2026-02-05
acct_02339,tenant_008,healthcare,4,3660.53,119,34.2,0,133,2025-12-22,0,0.0,
acct_02340,tenant_009,finance,14,14620.47,474,72.3,0,323,2025-12-26,1,14747.33,2026-03-26
acct_02341,tenant_010,healthcare,5,2668.12,468,3.5,6,35,2025-12-30,0,0.0,
acct_02342,tenant_011,retail,7,5452.82,262,59.4,0,18,2025-12-21,0,0.0,
acct_02343,tenant_012,healthcare,9,11652.62,668,60.7,0,145,2025-12-31,1,13331.47,2026-01-16
acct_02344,tenant_013,saas,17,21067.46,1527,64.8,0,285,2025-12-13,1,22621.15,2026-03-28
acct_02345,tenant_014,saas,16,37743.56,890,75.5,3,263,2025-12-13,1,50727.6,2026-03-20
acct_02346,tenant_015,manufacturing,7,5764.62,474,54.5,1,331,2026-01-05,0,0.0,
acct_02347,tenant_016,manufacturing,10,26103.96,1926,73.2,0,10,2025-12-08,1,19780.24,2026-03-04
acct_02348,tenant_017,saas,7,22085.32,98,41.0,1,141,2025-12-30,0,0.0,
acct_02349,tenant_018,finance,1,1655.09,370,19.3,0,226,2025-12-31,0,0.0,
acct_02350,tenant_019,saas,9,8912.11,131,63.8,2,100,2025-12-22,1,14087.23,2026-02-21
acct_02351,tenant_020,healthcare,10,8446.67,317,67.2,3,93,2025-12-13,0,0.0,
acct_02352,tenant_021,saas,13,15529.34,169,73.1,0,32,2025-12-15,1,18820.62,2026-03-26
acct_02353,tenant_022,healthcare,11,20556.33,315,53.9,1,245,2026-01-02,0,0.0,
acct_02354,tenant_023,retail,16,25628.66,264,73.0,2,338,2025-12-13,0,0.0,
acct_02355,tenant_024,retail,15,2474.45,127,85.4,0,288,2025-12-09,0,0.0,
acct_02356,tenant_025,retail,8,4402.64,372,33.2,0,330,2025-12-12,0,0.0,
acct_02357,tenant_026,healthcare,5,2234.06,270,17.7,1,307,2025-12-22,0,0.0,
acct_02358,tenant_027,healthcare,8,20493.26,166,50.7,0,148,2025-12-25,1,34591.34,2026-01-21
acct_02359,tenant_028,retail,17,8550.5,495,87.3,0,236,2026-01-05,0,0.0,
acct_02360,tenant_029,manufacturing,3,3615.66,280,24.4,2,115,2025-12-11,0,0.0,
acct_02361,tenant_030,saas,8,6813.91,249,64.1,0,100,2025-12-17,1,4801.37,2026-03-11
acct_02362,tenant_031,saas,0,4032.01,222,20.8,0,16,2025-12-16,0,0.0,
acct_02363,tenant_032,saas,19,22093.14,756,66.5,0,160,2025-12-21,1,54584.23,2026-01-08
acct_02364,tenant_033,saas,6,1951.7,354,15.3,4,138,2025-12-08,0,0.0,
acct_02365,tenant_034,healthcare,15,31241.03,208,69.8,1,110,2025-12-24,1,44801.71,2026-03-05
acct_02366,tenant_035,healthcare,30,16065.37,252,100.0,0,239,2025-12-25,1,23221.16,2026-03-30
acct_02367,tenant_036,manufacturing,7,4671.07,101,33.5,0,33,2025-12-24,0,0.0,
acct_02368,tenant_000,healthcare,2,11155.08,174,45.1,3,109,2025-12-16,0,0.0,
acct_02369,tenant_001,finance,23,19321.99,606,97.3,0,197,2025-12-08,1,22581.18,2026-01-30
acct_02370,tenant_002,manufacturing,10,4898.04,179,51.6,0,196,2025-12-19,0,0.0,
acct_02371,tenant_003,manufacturing,7,15924.35,523,44.8,1,48,2026-01-02,0,0.0,
acct_02372,tenant_004,manufacturing,9,8858.21,123,57.9,2,235,2025-12-29,0,0.0,
acct_02373,tenant_005,retail,3,1606.08,111,38.1,0,67,2025-12-23,0,0.0,
acct_02374,tenant_006,healthcare,4,3914.7,984,40.3,3,220,2025-12-18,0,0.0,
acct_02375,tenant_007,retail,3,3620.64,227,43.4,2,356,2025-12-31,1,4033.04,2026-03-10
acct_02376,tenant_008,saas,6,2702.48,408,33.7,3,271,2025-12-08,0,0.0,
acct_02377,tenant_009,finance,9,6180.03,218,49.7,0,5,2025-12-13,1,13088.67,2026-03-24
acct_02378,tenant_010,finance,18,27902.39,107,86.9,1,40,2025-12-27,1,44228.6,2026-02-28
acct_02379,tenant_011,finance,5,8407.72,142,38.6,1,79,2025-12-11,0,0.0,
acct_02380,tenant_012,retail,13,5754.82,240,55.8,1,359,2025-12-25,1,5988.94,2026-01-24
acct_02381,tenant_013,manufacturing,9,2439.29,234,63.1,4,48,2025-12-15,0,0.0,
acct_02382,tenant_014,finance,7,4506.99,267,43.7,2,182,2025-12-14,0,0.0,
acct_02383,tenant_015,manufacturing,7,3706.87,386,49.0,1,90,2025-12-14,0,0.0,
acct_02384,tenant_016,saas,13,35371.05,557,67.2,1,28,2026-01-02,1,20753.6,2026-03-31
acct_02385,tenant_017,finance,6,22523.51,401,73.7,0,70,2025-12-11,1,18820.75,2026-03-03
acct_02386,tenant_018,manufacturing,7,2314.0,62,41.6,3,187,2025-12-24,0,0.0,
acct_02387,tenant_019,manufacturing,5,2023.21,423,30.1,2,85,2025-12-09,0,0.0,
acct_02388,tenant_020,finance,3,3502.15,314,29.8,3,164,2025-12-22,0,0.0,
acct_02389,tenant_021,retail,8,6053.89,535,41.3,3,340,2025-12-29,0,0.0,
acct_02390,tenant_022,manufacturing,8,13014.48,304,65.8,2,245,2025-12-31,0,0.0,
acct_02391,tenant_023,saas,5,7162.58,95,39.6,2,170,2026-01-04,0,0.0,
acct_02392,tenant_024,saas,7,3233.44,90,67.3,1,207,2026-01-05,1,2375.66,2026-02-27
acct_02393,tenant_025,finance,12,10772.44,515,66.2,0,325,2025-12-09,1,7763.85,2026-03-29
acct_02394,tenant_026,saas,3,11370.18,375,37.4,2,219,2025-12-26,0,0.0,
acct_02395,tenant_027,manufacturing,14,13857.83,576,40.8,0,100,2025-12-18,0,0.0,
acct_02396,tenant_028,healthcare,18,35515.36,627,92.5,1,253,2026-01-05,1,41958.85,2026-01-11
acct_02397,tenant_029,finance,10,20225.14,347,45.2,0,257,2025-12-27,1,17208.42,2026-03-14
acct_02398,tenant_030,manufacturing,10,27663.02,605,85.4,1,271,2025-12-07,0,0.0,
acct_02399,tenant_031,healthcare,9,1630.26,220,24.8,1,186,2025-12-20,0,0.0,
acct_02400,tenant_032,saas,13,14363.88,808,52.5,1,12,2025-12-07,0,0.0,
acct_02401,tenant_033,finance,9,5908.06,734,41.5,2,261,2025-12-20,0,0.0,
acct_02402,tenant_034,saas,18,11847.32,682,63.0,2,291,2025-12-17,0,0.0,
acct_02403,tenant_035,finance,3,6686.21,258,21.8,1,143,2025-12-26,0,0.0,
acct_02404,tenant_036,manufacturing,22,17881.38,226,77.9,1,77,2025-12-27,1,30108.33,2026-03-24
acct_02405,tenant_000,retail,10,3962.78,117,54.4,0,143,2025-12-29,0,0.0,
acct_02406,tenant_001,finance,3,5229.61,212,7.2,5,274,2025-12-12,0,0.0,
acct_02407,tenant_002,manufacturing,10,10721.02,188,60.5,1,288,2026-01-01,0,0.0,
acct_02408,tenant_003,manufacturing,12,5233.44,148,81.9,0,235,2025-12-10,0,0.0,
acct_02409,tenant_004,manufacturing,5,2845.69,891,31.2,1,267,2025-12-26,0,0.0,
acct_02410,tenant_005,finance,6,5391.99,581,40.7,0,98,2025-12-18,0,0.0,
acct_02411,tenant_006,saas,5,6715.05,173,36.7,0,159,2025-12-15,0,0.0,
acct_02412,tenant_007,manufacturing,8,5061.4,1652,37.9,2,223,2025-12-22,0,0.0,
acct_02413,tenant_008,manufacturing,7,2260.39,215,23.7,2,299,2025-12-18,0,0.0,
acct_02414,tenant_009,saas,10,14260.61,107,84.7,0,323,2026-01-03,1,16744.92,2026-03-31
acct_02415,tenant_010,finance,4,12284.86,2000,40.3,5,275,2026-01-05,0,0.0,
acct_02416,tenant_011,finance,6,16002.89,380,40.4,1,260,2025-12-14,0,0.0,
acct_02417,tenant_012,healthcare,2,2819.1,241,16.9,3,261,2025-12-24,0,0.0,
acct_02418,tenant_013,saas,6,5201.45,375,50.5,0,148,2025-12-19,1,5877.3,2026-01-12
acct_02419,tenant_014,finance,8,41834.21,345,73.5,0,246,2025-12-31,1,73169.61,2026-01-22
acct_02420,tenant_015,retail,6,10672.47,439,56.6,1,95,2025-12-08,0,0.0,
acct_02421,tenant_016,saas,3,1569.54,158,14.7,4,43,2025-12-27,0,0.0,
acct_02422,tenant_017,manufacturing,6,2823.87,306,42.2,4,95,2025-12-09,0,0.0,
acct_02423,tenant_018,retail,13,19393.48,1771,50.5,2,199,2025-12-28,0,0.0,
acct_02424,tenant_019,finance,14,22397.54,366,85.2,1,137,2025-12-11,0,0.0,
acct_02425,tenant_020,manufacturing,0,1127.6,1049,0.0,6,342,2025-12-12,0,0.0,
acct_02426,tenant_021,healthcare,8,24322.61,317,69.8,0,329,2025-12-29,0,0.0,
acct_02427,tenant_022,saas,3,4286.68,333,1.3,0,165,2025-12-10,0,0.0,
acct_02428,tenant_023,manufacturing,5,1835.51,114,26.6,1,33,2025-12-22,0,0.0,
acct_02429,tenant_024,retail,9,13566.23,56,66.9,1,249,2025-12-18,0,0.0,
acct_02430,tenant_025,saas,10,6263.22,399,54.1,3,352,2026-01-02,0,0.0,
acct_02431,tenant_026,saas,4,1103.99,85,35.7,1,122,2025-12-24,0,0.0,
acct_02432,tenant_027,saas,11,14953.76,421,74.7,0,119,2025-12-28,1,13662.62,2026-01-09
acct_02433,tenant_028,manufacturing,10,7030.21,201,61.1,1,29,2025-12-22,0,0.0,
acct_02434,tenant_029,finance,13,7110.29,143,69.4,0,94,2025-12-12,1,6153.18,2026-02-14
acct_02435,tenant_030,manufacturing,1,5643.68,302,33.3,2,327,2025-12-21,0,0.0,
acct_02436,tenant_031,saas,11,7753.64,922,61.8,1,237,2025-12-29,1,9838.25,2026-02-10
acct_02437,tenant_032,manufacturing,5,12718.23,309,68.9,1,161,2025-12-27,0,0.0,
acct_02438,tenant_033,saas,4,4213.68,272,31.2,4,292,2025-12-29,0,0.0,
acct_02439,tenant_034,manufacturing,10,3483.07,179,49.6,0,328,2025-12-25,0,0.0,
acct_02440,tenant_035,finance,3,2692.15,233,0.0,1,348,2026-01-02,0,0.0,
acct_02441,tenant_036,healthcare,15,12514.91,1440,65.0,0,36,2025-12-19,1,14766.96,2026-01-13
acct_02442,tenant_000,manufacturing,3,8156.51,164,54.3,1,301,2025-12-19,0,0.0,
acct_02443,tenant_001,manufacturing,12,15366.17,469,59.8,0,313,2025-12-30,0,0.0,
acct_02444,tenant_002,saas,17,29779.56,443,100.0,0,178,2025-12-13,1,48544.38,2026-03-29
acct_02445,tenant_003,saas,31,70222.73,545,79.6,1,332,2025-12-18,1,69277.89,2026-03-03
acct_02446,tenant_004,saas,4,1682.54,70,32.9,1,246,2025-12-12,0,0.0,
acct_02447,tenant_005,finance,3,4467.93,304,28.5,0,40,2025-12-21,0,0.0,
acct_02448,tenant_006,manufacturing,8,5346.85,109,52.1,1,278,2026-01-04,1,6356.38,2026-02-21
acct_02449,tenant_007,saas,9,17177.2,223,69.2,0,245,2025-12-24,1,27618.77,2026-02-21
acct_02450,tenant_008,saas,7,3044.15,95,37.1,2,33,2025-12-17,0,0.0,
acct_02451,tenant_009,manufacturing,7,2388.86,206,48.6,0,280,2025-12-13,0,0.0,
acct_02452,tenant_010,healthcare,2,1488.0,225,2.2,5,121,2025-12-08,0,0.0,
acct_02453,tenant_011,retail,4,1781.13,906,17.3,1,353,2025-12-16,0,0.0,
acct_02454,tenant_012,saas,13,15750.82,119,93.0,0,275,2025-12-31,1,21843.28,2026-02-28
acct_02455,tenant_013,finance,18,16482.0,109,93.6,2,305,2025-12-31,1,23305.59,2026-01-08
acct_02456,tenant_014,healthcare,14,11085.96,59,73.2,0,120,2026-01-05,0,0.0,
acct_02457,tenant_015,finance,13,3800.02,89,67.1,0,303,2025-12-27,1,3760.35,2026-02-24
acct_02458,tenant_016,saas,2,1375.12,177,14.2,3,228,2025-12-21,0,0.0,
acct_02459,tenant_017,manufacturing,6,5717.19,173,49.0,0,210,2025-12-23,0,0.0,
acct_02460,tenant_018,saas,19,16898.61,867,76.9,0,279,2026-01-03,1,14053.31,2026-01-13
acct_02461,tenant_019,retail,9,8938.24,818,49.4,0,32,2025-12-13,0,0.0,
acct_02462,tenant_020,saas,7,8977.02,158,44.5,1,161,2025-12-27,0,0.0,
acct_02463,tenant_021,saas,4,9982.71,419,32.1,3,224,2025-12-16,0,0.0,
acct_02464,tenant_022,retail,13,2073.03,456,42.9,1,258,2025-12-12,0,0.0,
acct_02465,tenant_023,manufacturing,3,1864.3,94,27.0,2,120,2025-12-31,0,0.0,
acct_02466,tenant_024,finance,7,17581.18,259,49.0,0,156,2025-12-10,1,14175.23,2026-03-09
acct_02467,tenant_025,retail,3,2497.89,131,40.6,1,220,2026-01-04,0,0.0,
acct_02468,tenant_026,finance,11,9722.7,484,42.2,2,248,2025-12-12,0,0.0,
acct_02469,tenant_027,saas,11,27623.82,137,72.0,0,258,2025-12-17,0,0.0,
acct_02470,tenant_028,saas,11,2473.52,67,58.1,2,294,2025-12-11,0,0.0,
acct_02471,tenant_029,manufacturing,7,4453.26,235,56.7,1,302,2026-01-02,0,0.0,
acct_02472,tenant_030,finance,17,9879.98,182,59.2,3,68,2025-12-19,0,0.0,
acct_02473,tenant_031,saas,10,20582.75,2000,60.5,1,44,2025-12-26,1,26988.16,2026-01-23
acct_02474,tenant_032,healthcare,11,14280.53,563,68.9,0,51,2025-12-16,0,0.0,
acct_02475,tenant_033,finance,12,19391.47,841,53.9,2,88,2025-12-12,1,15553.57,2026-03-12
acct_02476,tenant_034,saas,11,11831.37,798,44.8,1,317,2025-12-26,0,0.0,
acct_02477,tenant_035,saas,5,4305.03,225,34.8,1,83,2025-12-13,0,0.0,
acct_02478,tenant_036,manufacturing,14,13609.54,270,70.5,3,41,2026-01-02,1,16930.87,2026-02-07
acct_02479,tenant_000,healthcare,19,57913.9,376,79.5,1,30,2025-12-11,1,84434.83,2026-03-29
acct_02480,tenant_001,manufacturing,4,1310.03,211,12.1,6,67,2025-12-30,0,0.0,
acct_02481,tenant_002,healthcare,5,2671.31,387,23.8,3,308,2025-12-10,0,0.0,
acct_02482,tenant_003,healthcare,12,2685.86,128,64.5,0,167,2025-12-10,0,0.0,
acct_02483,tenant_004,saas,7,19095.73,787,50.1,2,50,2025-12-27,0,0.0,
acct_02484,tenant_005,finance,2,5531.8,292,0.2,3,32,2026-01-03,0,0.0,
acct_02485,tenant_006,finance,5,9336.33,751,20.0,0,59,2025-12-30,0,0.0,
acct_02486,tenant_007,healthcare,12,13062.12,197,83.2,0,8,2025-12-27,1,12366.08,2026-03-09
acct_02487,tenant_008,saas,3,3447.33,818,6.1,4,333,2026-01-03,0,0.0,
acct_02488,tenant_009,finance,4,11763.94,157,44.2,1,28,2025-12-18,0,0.0,
acct_02489,tenant_010,healthcare,5,1731.94,300,34.0,0,293,2025-12-13,0,0.0,
acct_02490,tenant_011,healthcare,7,2520.3,107,28.0,1,104,2025-12-11,0,0.0,
acct_02491,tenant_012,manufacturing,12,6322.66,162,55.9,0,23,2026-01-01,1,5723.46,2026-01-19
acct_02492,tenant_013,healthcare,6,5759.09,299,52.9,1,116,2025-12-26,0,0.0,
acct_02493,tenant_014,manufacturing,6,10037.18,257,61.2,6,74,2025-12-09,0,0.0,
acct_02494,tenant_015,healthcare,11,33582.0,1037,61.8,0,203,2025-12-22,1,67995.59,2026-01-25
acct_02495,tenant_016,saas,9,7555.83,232,48.3,1,160,2025-12-07,0,0.0,
acct_02496,tenant_017,healthcare,16,21722.58,510,46.5,2,30,2025-12-20,0,0.0,
acct_02497,tenant_018,manufacturing,2,3979.81,312,61.9,2,338,2025-12-24,0,0.0,
acct_02498,tenant_019,manufacturing,14,7213.25,142,96.2,1,231,2025-12-10,1,7644.31,2026-02-21
acct_02499,tenant_020,manufacturing,15,5545.73,213,75.2,1,352,2026-01-01,0,0.0,
acct_02500,tenant_021,manufacturing,6,3501.7,96,26.9,1,139,2025-12-08,0,0.0,
acct_02501,tenant_022,retail,6,6534.96,512,34.5,1,60,2025-12-28,0,0.0,
acct_02502,tenant_023,healthcare,11,11761.88,537,55.7,0,237,2025-12-16,0,0.0,
acct_02503,tenant_024,saas,3,5049.78,562,59.7,0,122,2025-12-28,1,6300.18,2026-01-22
acct_02504,tenant_025,retail,10,3383.9,154,52.9,2,281,2025-12-16,0,0.0,
acct_02505,tenant_026,saas,13,6866.43,237,46.8,0,123,2025-12-29,0,0.0,
acct_02506,tenant_027,healthcare,9,11066.81,185,52.3,2,237,2025-12-26,0,0.0,
acct_02507,tenant_028,healthcare,6,11859.12,963,62.8,0,61,2025-12-20,1,6682.42,2026-02-10
acct_02508,tenant_029,saas,10,5951.99,178,61.1,1,171,2025-12-21,1,4357.59,2026-02-02
acct_02509,tenant_030,finance,19,39361.48,317,80.1,0,170,2025-12-30,1,73797.64,2026-02-03
acct_02510,tenant_031,manufacturing,4,3798.21,512,27.1,0,278,2025-12-08,1,2447.12,2026-01-18
acct_02511,tenant_032,saas,8,16200.24,216,63.1,1,262,2025-12-10,1,39825.4,2026-01-28
acct_02512,tenant_033,retail,2,750.18,200,0.0,3,297,2025-12-18,0,0.0,
acct_02513,tenant_034,manufacturing,10,16502.96,245,58.1,1,319,2025-12-23,0,0.0,
acct_02514,tenant_035,finance,8,17865.08,251,79.9,0,75,2026-01-05,1,13246.29,2026-03-14
acct_02515,tenant_036,saas,13,22793.34,1233,64.6,0,348,2025-12-08,1,32552.26,2026-01-13
acct_02516,tenant_000,healthcare,19,43521.69,512,78.9,2,143,2025-12-18,1,49988.15,2026-04-02
acct_02517,tenant_001,saas,6,6628.03,146,44.5,3,302,2025-12-25,0,0.0,
acct_02518,tenant_002,healthcare,8,1963.04,90,52.0,0,212,2025-12-13,0,0.0,
acct_02519,tenant_003,saas,5,3327.97,206,61.2,0,179,2025-12-21,1,3067.63,2026-03-22
acct_02520,tenant_004,manufacturing,16,15019.65,502,82.6,0,225,2025-12-10,0,0.0,
acct_02521,tenant_005,finance,34,17515.14,228,100.0,2,48,2025-12-31,0,0.0,
acct_02522,tenant_006,saas,4,7664.94,302,41.9,0,318,2025-12-14,0,0.0,
acct_02523,tenant_007,retail,12,6210.99,233,75.9,1,339,2025-12-25,0,0.0,
acct_02524,tenant_008,finance,4,3791.49,327,18.7,3,84,2025-12-13,0,0.0,
acct_02525,tenant_009,manufacturing,12,9676.43,147,43.2,2,246,2025-12-31,0,0.0,
acct_02526,tenant_010,healthcare,17,20345.18,217,72.1,1,27,2025-12-18,1,37786.74,2026-03-10
acct_02527,tenant_011,finance,7,21447.6,670,57.4,0,308,2025-12-10,1,39325.91,2026-03-27
acct_02528,tenant_012,manufacturing,10,3140.92,336,32.5,3,4,2025-12-25,0,0.0,
acct_02529,tenant_013,finance,4,7941.2,67,60.9,0,143,2025-12-29,0,0.0,
acct_02530,tenant_014,saas,13,14042.87,135,58.1,0,300,2025-12-28,1,19027.36,2026-03-11
acct_02531,tenant_015,manufacturing,2,1322.03,234,6.0,1,212,2025-12-12,0,0.0,
acct_02532,tenant_016,saas,3,3155.21,293,0.0,4,352,2025-12-08,0,0.0,
acct_02533,tenant_017,retail,7,7946.74,903,41.6,2,52,2025-12-07,0,0.0,
acct_02534,tenant_018,saas,7,31122.8,237,72.5,0,287,2025-12-28,1,34619.66,2026-02-02
acct_02535,tenant_019,saas,11,15110.63,437,53.3,1,290,2025-12-11,1,16306.76,2026-01-19
acct_02536,tenant_020,saas,26,34691.88,197,86.5,0,362,2026-01-03,1,86485.76,2026-03-20
acct_02537,tenant_021,healthcare,18,19513.31,737,89.7,1,179,2026-01-04,1,23481.54,2026-04-04
acct_02538,tenant_022,manufacturing,4,10453.01,1136,32.0,2,203,2025-12-31,0,0.0,
acct_02539,tenant_023,healthcare,4,3061.58,139,52.3,1,267,2025-12-27,0,0.0,
acct_02540,tenant_024,saas,9,3015.52,124,28.2,1,295,2025-12-08,0,0.0,
acct_02541,tenant_025,saas,5,3388.05,765,23.2,1,293,2025-12-11,0,0.0,
acct_02542,tenant_026,manufacturing,14,7036.12,282,47.9,1,95,2026-01-02,1,16441.54,2026-02-14
acct_02543,tenant_027,healthcare,10,1285.22,207,18.8,3,292,2025-12-29,0,0.0,
acct_02544,tenant_028,retail,9,796.08,126,31.7,0,59,2025-12-19,0,0.0,
acct_02545,tenant_029,finance,5,6685.93,728,54.0,1,262,2025-12-31,1,5648.12,2026-03-25
acct_02546,tenant_030,manufacturing,4,13218.23,656,63.4,0,193,2025-12-28,1,7600.84,2026-01-25
acct_02547,tenant_031,retail,5,4126.47,328,68.4,1,230,2026-01-05,0,0.0,
acct_02548,tenant_032,saas,1,4677.59,336,20.4,5,89,2025-12-30,0,0.0,
acct_02549,tenant_033,healthcare,1,1985.54,312,16.5,2,238,2025-12-07,0,0.0,
acct_02550,tenant_034,saas,13,24050.79,1183,58.5,2,95,2025-12-13,1,53993.61,2026-01-08
acct_02551,tenant_035,manufacturing,14,8421.66,88,57.8,0,159,2025-12-15,0,0.0,
acct_02552,tenant_036,manufacturing,5,5107.53,202,34.8,0,348,2025-12-21,0,0.0,
acct_02553,tenant_000,manufacturing,5,1519.26,296,27.3,1,42,2025-12-29,0,0.0,
acct_02554,tenant_001,retail,10,3845.18,121,71.7,0,96,2025-12-14,1,4462.34,2026-03-22
acct_02555,tenant_002,manufacturing,1,998.72,296,20.5,1,172,2025-12-11,0,0.0,
acct_02556,tenant_003,retail,6,3378.87,478,34.4,1,10,2025-12-30,1,5433.94,2026-03-06
acct_02557,tenant_004,manufacturing,2,1440.23,167,22.6,0,93,2025-12-18,0,0.0,
acct_02558,tenant_005,saas,5,3078.95,236,19.0,2,13,2025-12-07,0,0.0,
acct_02559,tenant_006,saas,9,9917.34,169,72.2,0,59,2025-12-14,1,18817.95,2026-03-10
acct_02560,tenant_007,finance,6,2749.94,168,38.5,4,116,2026-01-03,0,0.0,
acct_02561,tenant_008,finance,6,7070.32,425,26.5,1,365,2025-12-11,0,0.0,
acct_02562,tenant_009,healthcare,6,16733.6,894,70.9,1,259,2025-12-14,1,15132.19,2026-02-24
acct_02563,tenant_010,finance,16,10389.54,196,71.9,1,136,2025-12-16,1,10431.74,2026-04-02
acct_02564,tenant_011,finance,5,26288.51,601,67.7,1,65,2025-12-21,0,0.0,
acct_02565,tenant_012,retail,19,7773.34,459,59.4,0,36,2025-12-12,1,5639.42,2026-03-03
acct_02566,tenant_013,saas,7,19829.99,423,50.1,1,272,2025-12-18,0,0.0,
acct_02567,tenant_014,finance,4,4799.47,329,14.8,0,113,2025-12-14,0,0.0,
acct_02568,tenant_015,saas,6,7372.67,257,46.2,3,178,2025-12-12,0,0.0,
acct_02569,tenant_016,saas,16,35718.57,1475,86.0,0,171,2025-12-08,1,24391.23,2026-03-05
acct_02570,tenant_017,saas,12,23346.43,1706,45.0,1,153,2025-12-30,0,0.0,
acct_02571,tenant_018,healthcare,5,8827.87,72,65.8,0,123,2025-12-27,0,0.0,
acct_02572,tenant_019,manufacturing,10,12851.57,791,56.1,3,90,2025-12-27,0,0.0,
acct_02573,tenant_020,healthcare,18,21761.75,138,65.3,1,137,2025-12-20,0,0.0,
acct_02574,tenant_021,retail,5,3338.37,115,46.4,1,183,2025-12-30,0,0.0,
acct_02575,tenant_022,manufacturing,12,8894.59,659,62.8,2,107,2025-12-13,0,0.0,
acct_02576,tenant_023,saas,11,29417.26,589,73.7,0,55,2026-01-02,1,17835.53,2026-02-18
acct_02577,tenant_024,finance,8,6219.45,274,24.1,1,149,2025-12-31,0,0.0,
acct_02578,tenant_025,saas,11,11680.87,201,70.7,0,221,2026-01-01,0,0.0,
acct_02579,tenant_026,saas,12,8497.85,393,64.5,1,109,2025-12-08,1,15583.82,2026-02-10
acct_02580,tenant_027,finance,7,8218.65,389,43.8,0,264,2026-01-01,1,11282.07,2026-01-07
acct_02581,tenant_028,retail,7,9156.13,328,38.4,0,284,2025-12-11,1,4605.82,2026-03-07
acct_02582,tenant_029,manufacturing,14,7367.62,259,57.7,1,259,2025-12-21,0,0.0,
acct_02583,tenant_030,manufacturing,7,1288.12,159,16.0,3,167,2025-12-16,0,0.0,
acct_02584,tenant_031,manufacturing,7,16450.14,497,50.6,2,180,2025-12-20,0,0.0,
acct_02585,tenant_032,healthcare,13,12273.68,336,38.9,2,299,2025-12-31,0,0.0,
acct_02586,tenant_033,healthcare,9,8802.74,243,63.5,1,62,2025-12-15,0,0.0,
acct_02587,tenant_034,finance,12,6509.01,259,50.7,0,315,2025-12-13,1,12182.38,2026-01-30
acct_02588,tenant_035,saas,3,3181.54,354,29.6,1,324,2025-12-20,0,0.0,
acct_02589,tenant_036,manufacturing,3,1601.9,532,23.1,1,313,2025-12-23,0,0.0,
acct_02590,tenant_000,saas,11,21146.5,718,45.0,0,62,2025-12-13,1,20051.69,2026-01-21
acct_02591,tenant_001,saas,7,7270.4,934,48.2,0,202,2025-12-08,1,10278.32,2026-03-13
acct_02592,tenant_002,retail,25,9419.43,815,81.2,0,353,2026-01-04,1,13819.14,2026-01-08
acct_02593,tenant_003,healthcare,7,7292.56,326,34.7,4,327,2025-12-07,0,0.0,
acct_02594,tenant_004,healthcare,11,22521.32,440,69.9,2,247,2025-12-25,0,0.0,
acct_02595,tenant_005,retail,12,35289.21,1024,100.0,0,214,2025-12-09,0,0.0,
acct_02596,tenant_006,manufacturing,4,14054.55,549,38.5,2,323,2025-12-28,0,0.0,
acct_02597,tenant_007,saas,3,9807.59,960,25.9,3,315,2025-12-15,0,0.0,
acct_02598,tenant_008,manufacturing,9,13055.85,978,67.9,4,88,2025-12-07,0,0.0,
acct_02599,tenant_009,retail,9,2164.58,107,56.8,1,285,2025-12-24,0,0.0,
acct_02600,tenant_010,manufacturing,3,2696.02,703,51.0,1,341,2025-12-16,0,0.0,
acct_02601,tenant_011,healthcare,24,38927.43,668,84.8,0,286,2025-12-28,1,48243.29,2026-02-19
acct_02602,tenant_012,saas,10,7348.26,90,71.3,3,93,2025-12-12,1,10508.51,2026-02-20
acct_02603,tenant_013,healthcare,5,18733.19,127,42.2,0,355,2025-12-18,0,0.0,
acct_02604,tenant_014,finance,10,9685.52,489,68.3,0,131,2025-12-27,1,10407.76,2026-02-28
acct_02605,tenant_015,saas,15,9490.4,122,70.8,0,79,2025-12-27,0,0.0,
acct_02606,tenant_016,healthcare,6,8259.72,336,47.1,0,45,2025-12-17,1,10726.73,2026-03-22
acct_02607,tenant_017,finance,7,54112.76,1263,64.1,3,92,2025-12-08,0,0.0,
acct_02608,tenant_018,finance,2,19938.53,707,40.2,1,9,2025-12-31,0,0.0,
acct_02609,tenant_019,manufacturing,11,5071.62,468,54.4,0,134,2025-12-24,0,0.0,
acct_02610,tenant_020,finance,18,40252.78,334,87.8,0,330,2025-12-16,1,22386.95,2026-03-25
acct_02611,tenant_021,manufacturing,9,3226.09,189,11.4,1,238,2025-12-15,0,0.0,
acct_02612,tenant_022,finance,12,28524.6,934,49.7,1,267,2025-12-10,1,42249.47,2026-02-17
acct_02613,tenant_023,manufacturing,11,5395.95,262,54.9,2,288,2025-12-16,0,0.0,
acct_02614,tenant_024,saas,3,2218.63,193,0.0,2,95,2025-12-13,0,0.0,
acct_02615,tenant_025,retail,8,3476.09,397,49.9,1,97,2026-01-05,0,0.0,
acct_02616,tenant_026,manufacturing,1,1303.0,373,14.9,1,190,2026-01-04,0,0.0,
acct_02617,tenant_027,manufacturing,3,1082.17,472,7.0,1,323,2025-12-16,0,0.0,
acct_02618,tenant_028,saas,3,3214.68,136,31.4,2,172,2025-12-25,0,0.0,
acct_02619,tenant_029,healthcare,10,16105.12,577,71.3,0,292,2025-12-21,1,23142.69,2026-03-27
acct_02620,tenant_030,manufacturing,11,3674.69,254,58.6,1,328,2025-12-22,0,0.0,
acct_02621,tenant_031,healthcare,5,2097.86,289,44.4,0,92,2025-12-09,0,0.0,
acct_02622,tenant_032,healthcare,35,18128.35,90,100.0,1,246,2025-12-11,1,32257.59,2026-03-26
acct_02623,tenant_033,retail,17,17521.92,254,71.3,1,345,2025-12-26,1,9428.66,2026-03-26
acct_02624,tenant_034,manufacturing,4,4711.59,973,17.3,1,165,2026-01-01,0,0.0,
acct_02625,tenant_035,retail,9,5368.95,457,46.2,0,254,2026-01-01,0,0.0,
acct_02626,tenant_036,saas,7,8139.94,261,51.9,2,241,2025-12-27,1,13100.18,2026-01-15
acct_02627,tenant_000,healthcare,10,3584.91,192,80.3,2,340,2025-12-11,0,0.0,
acct_02628,tenant_001,manufacturing,7,5419.41,529,59.2,0,142,2025-12-09,0,0.0,
acct_02629,tenant_002,manufacturing,11,3040.53,142,43.7,3,13,2025-12-07,0,0.0,
acct_02630,tenant_003,retail,1,1916.45,146,7.5,7,32,2025-12-27,0,0.0,
acct_02631,tenant_004,healthcare,17,33521.64,433,100.0,0,201,2025-12-11,1,98392.66,2026-03-14
acct_02632,tenant_005,retail,10,11270.3,1045,33.2,1,137,2025-12-11,0,0.0,
acct_02633,tenant_006,retail,24,14585.12,759,100.0,1,2,2025-12-18,1,14822.88,2026-03-21
acct_02634,tenant_007,manufacturing,3,2229.39,226,8.2,2,100,2025-12-29,0,0.0,
acct_02635,tenant_008,manufacturing,6,12502.55,90,69.3,1,266,2025-12-15,0,0.0,
acct_02636,tenant_009,healthcare,11,8749.82,201,59.2,0,242,2025-12-19,1,7150.77,2026-03-22
acct_02637,tenant_010,manufacturing,11,10515.93,1128,52.2,2,193,2025-12-17,0,0.0,
acct_02638,tenant_011,finance,12,7060.23,270,58.0,1,270,2025-12-21,0,0.0,
acct_02639,tenant_012,manufacturing,6,4470.18,198,34.1,1,303,2025-12-12,0,0.0,
acct_02640,tenant_013,healthcare,9,15444.82,185,54.4,3,13,2025-12-15,0,0.0,
acct_02641,tenant_014,saas,14,10324.16,187,70.7,1,306,2025-12-12,1,8784.03,2026-02-25
acct_02642,tenant_015,healthcare,5,5912.01,101,46.7,0,59,2025-12-11,1,7512.19,2026-01-10
acct_02643,tenant_016,manufacturing,8,7643.87,603,28.5,0,233,2025-12-25,0,0.0,
acct_02644,tenant_017,manufacturing,9,14168.76,556,69.5,0,19,2025-12-15,0,0.0,
acct_02645,tenant_018,saas,2,2708.67,226,26.8,1,177,2026-01-03,0,0.0,
acct_02646,tenant_019,finance,6,28608.26,237,55.8,2,333,2025-12-28,0,0.0,
acct_02647,tenant_020,saas,4,4446.91,1054,10.5,2,91,2025-12-29,0,0.0,
acct_02648,tenant_021,manufacturing,14,13374.31,470,73.2,0,55,2025-12-09,1,12755.75,2026-03-11
acct_02649,tenant_022,retail,17,14376.63,432,75.5,2,6,2025-12-27,1,11089.6,2026-03-28
acct_02650,tenant_023,finance,6,5600.3,45,25.1,2,127,2026-01-02,0,0.0,
acct_02651,tenant_024,healthcare,6,2963.74,476,16.8,2,105,2025-12-08,0,0.0,
acct_02652,tenant_025,saas,9,8183.09,350,34.5,1,333,2025-12-07,0,0.0,
acct_02653,tenant_026,retail,9,3386.62,857,49.0,1,245,2025-12-09,0,0.0,
acct_02654,tenant_027,manufacturing,13,12372.18,148,82.6,0,194,2025-12-10,0,0.0,
acct_02655,tenant_028,retail,28,22674.94,336,100.0,0,131,2025-12-20,1,15292.69,2026-03-18
acct_02656,tenant_029,saas,9,4277.17,165,39.1,3,233,2025-12-20,0,0.0,
acct_02657,tenant_030,saas,3,6309.8,336,16.6,3,142,2025-12-17,0,0.0,
acct_02658,tenant_031,saas,4,9194.1,153,47.9,1,177,2025-12-21,1,13115.29,2026-01-10
acct_02659,tenant_032,saas,9,982.47,151,11.5,2,244,2025-12-29,0,0.0,
acct_02660,tenant_033,healthcare,3,7509.44,408,32.2,4,312,2025-12-29,0,0.0,
acct_02661,tenant_034,retail,17,22442.84,694,69.0,1,272,2026-01-01,0,0.0,
acct_02662,tenant_035,saas,9,10201.91,318,56.7,0,104,2025-12-20,1,13577.19,2026-02-26
acct_02663,tenant_036,healthcare,10,35517.39,123,67.5,1,29,2026-01-03,0,0.0,
acct_02664,tenant_000,manufacturing,4,1980.0,223,35.1,1,279,2025-12-16,0,0.0,
acct_02665,tenant_001,manufacturing,21,22243.31,245,88.8,1,223,2026-01-05,1,13320.56,2026-01-31
acct_02666,tenant_002,retail,26,15641.9,607,87.0,0,158,2025-12-31,1,26556.25,2026-02-09
acct_02667,tenant_003,saas,23,42394.44,985,72.6,0,60,2026-01-02,1,29862.01,2026-01-24
acct_02668,tenant_004,finance,1,3665.4,185,8.2,2,172,2025-12-31,0,0.0,
acct_02669,tenant_005,manufacturing,14,9482.54,131,69.4,1,331,2025-12-17,0,0.0,
acct_02670,tenant_006,saas,6,7765.66,677,39.6,0,73,2025-12-31,1,8376.92,2026-02-12
acct_02671,tenant_007,healthcare,9,8391.3,137,52.7,1,296,2025-12-14,0,0.0,
acct_02672,tenant_008,saas,29,49351.74,561,100.0,1,240,2026-01-03,1,69133.12,2026-02-20
acct_02673,tenant_009,manufacturing,7,5702.93,568,45.4,1,121,2025-12-30,0,0.0,
acct_02674,tenant_010,finance,3,50642.31,250,33.6,0,38,2025-12-25,0,0.0,
acct_02675,tenant_011,retail,5,11304.83,386,36.8,1,121,2025-12-29,0,0.0,
acct_02676,tenant_012,retail,2,2998.96,592,19.9,0,322,2025-12-30,0,0.0,
acct_02677,tenant_013,manufacturing,1,2223.1,154,34.6,2,71,2025-12-14,0,0.0,
acct_02678,tenant_014,saas,15,39363.27,189,80.0,1,319,2025-12-29,0,0.0,
acct_02679,tenant_015,healthcare,1,4920.49,192,55.6,0,262,2025-12-29,0,0.0,
acct_02680,tenant_016,saas,16,29664.55,155,80.6,0,270,2026-01-01,1,25952.43,2026-03-20
acct_02681,tenant_017,manufacturing,11,14203.57,144,69.6,0,166,2025-12-21,1,10588.65,2026-03-24
acct_02682,tenant_018,saas,14,15910.08,206,58.0,0,310,2025-12-17,0,0.0,
acct_02683,tenant_019,retail,10,6954.59,99,64.5,3,108,2025-12-15,0,0.0,
acct_02684,tenant_020,saas,16,6212.88,200,53.8,0,178,2025-12-16,1,10821.66,2026-01-21
acct_02685,tenant_021,manufacturing,8,21278.11,563,64.4,1,184,2025-12-21,1,22027.29,2026-01-07
acct_02686,tenant_022,retail,7,6610.99,174,38.0,1,122,2026-01-05,0,0.0,
acct_02687,tenant_023,retail,10,2771.72,235,45.9,3,29,2025-12-11,0,0.0,
acct_02688,tenant_024,retail,6,2141.01,234,7.3,4,209,2025-12-29,0,0.0,
acct_02689,tenant_025,saas,7,3780.3,184,20.5,2,327,2026-01-02,0,0.0,
acct_02690,tenant_026,manufacturing,11,11404.64,859,70.9,0,244,2025-12-11,1,3086.1,2026-01-23
acct_02691,tenant_027,healthcare,3,10956.07,299,17.6,2,102,2025-12-31,0,0.0,
acct_02692,tenant_028,saas,3,1858.38,93,17.6,2,181,2025-12-22,0,0.0,
acct_02693,tenant_029,retail,5,10082.82,469,69.5,1,281,2025-12-27,1,17605.25,2026-03-04
acct_02694,tenant_030,manufacturing,4,8679.64,211,49.8,1,305,2025-12-24,0,0.0,
acct_02695,tenant_031,manufacturing,6,5700.3,1225,30.4,1,151,2025-12-23,0,0.0,
acct_02696,tenant_032,finance,4,11940.81,590,28.4,3,288,2025-12-29,0,0.0,
acct_02697,tenant_033,saas,4,2643.02,311,7.2,2,294,2025-12-22,0,0.0,
acct_02698,tenant_034,manufacturing,5,6580.14,171,8.9,1,141,2026-01-05,0,0.0,
acct_02699,tenant_035,saas,4,9576.02,552,38.6,1,278,2025-12-09,1,9091.85,2026-01-16
acct_02700,tenant_036,saas,8,12182.58,238,100.0,0,78,2025-12-30,1,20865.84,2026-04-03
acct_02701,tenant_000,finance,15,48224.08,247,94.3,1,309,2026-01-04,1,82736.45,2026-01-23
acct_02702,tenant_001,finance,6,12002.12,165,44.3,0,111,2025-12-25,0,0.0,
acct_02703,tenant_002,finance,11,5087.14,199,55.9,1,18,2025-12-25,0,0.0,
acct_02704,tenant_003,saas,6,5657.07,301,58.3,1,311,2025-12-09,1,6917.2,2026-03-14
acct_02705,tenant_004,healthcare,7,3038.14,74,38.9,0,352,2025-12-10,0,0.0,
acct_02706,tenant_005,retail,11,3920.51,319,49.5,2,23,2025-12-09,0,0.0,
acct_02707,tenant_006,manufacturing,9,6406.8,347,32.5,1,310,2025-12-26,0,0.0,
acct_02708,tenant_007,finance,2,13078.05,405,32.7,4,352,2025-12-19,0,0.0,
acct_02709,tenant_008,retail,4,1449.26,145,60.6,4,262,2025-12-08,0,0.0,
acct_02710,tenant_009,manufacturing,8,4764.99,1021,41.5,2,214,2025-12-08,0,0.0,
acct_02711,tenant_010,manufacturing,16,14897.02,518,56.0,3,76,2025-12-13,0,0.0,
acct_02712,tenant_011,manufacturing,5,2395.51,418,30.6,1,33,2026-01-04,0,0.0,
acct_02713,tenant_012,saas,1,2219.47,299,0.0,3,260,2025-12-24,0,0.0,
acct_02714,tenant_013,finance,16,15816.12,226,77.7,1,148,2025-12-29,1,11117.21,2026-02-04
acct_02715,tenant_014,saas,4,6778.21,305,28.9,3,165,2026-01-01,0,0.0,
acct_02716,tenant_015,finance,7,12446.2,231,73.3,0,275,2025-12-25,1,9768.83,2026-03-24
acct_02717,tenant_016,saas,1,3022.03,618,0.0,6,362,2025-12-17,0,0.0,
acct_02718,tenant_017,saas,4,2656.29,297,15.9,4,48,2026-01-03,0,0.0,
acct_02719,tenant_018,finance,10,7230.86,155,51.0,0,142,2025-12-25,0,0.0,
acct_02720,tenant_019,saas,7,12552.99,215,52.6,0,237,2026-01-05,1,27217.54,2026-03-01
acct_02721,tenant_020,saas,5,2527.72,427,0.0,2,151,2025-12-25,0,0.0,
acct_02722,tenant_021,manufacturing,4,7678.19,392,34.2,2,352,2025-12-21,0,0.0,
acct_02723,tenant_022,manufacturing,5,2953.6,427,27.2,3,358,2025-12-25,0,0.0,
acct_02724,tenant_023,healthcare,7,16104.29,1439,67.8,0,152,2025-12-22,1,27800.35,2026-03-24
acct_02725,tenant_024,finance,15,21271.73,280,84.4,0,205,2025-12-07,0,0.0,
acct_02726,tenant_025,saas,2,16038.42,585,40.2,0,300,2025-12-21,0,0.0,
acct_02727,tenant_026,saas,5,10201.55,490,53.6,1,190,2025-12-25,1,14090.12,2026-01-12
acct_02728,tenant_027,saas,18,23412.36,250,100.0,0,313,2025-12-11,1,30939.43,2026-02-05
acct_02729,tenant_028,retail,13,4971.3,177,63.8,1,224,2025-12-30,0,0.0,
acct_02730,tenant_029,healthcare,17,26589.57,321,72.5,1,198,2025-12-22,0,0.0,
acct_02731,tenant_030,saas,6,17629.28,274,41.8,1,41,2025-12-23,0,0.0,
acct_02732,tenant_031,manufacturing,18,20079.16,614,98.3,0,219,2026-01-04,1,38827.26,2026-01-12
acct_02733,tenant_032,healthcare,15,12731.19,126,74.3,1,130,2025-12-29,1,10259.62,2026-02-04
acct_02734,tenant_033,manufacturing,4,3873.89,672,22.6,0,77,2025-12-21,0,0.0,
acct_02735,tenant_034,saas,8,27318.55,551,66.9,0,249,2025-12-16,1,25945.26,2026-02-10
acct_02736,tenant_035,manufacturing,8,8243.81,512,53.5,2,59,2025-12-13,0,0.0,
acct_02737,tenant_036,manufacturing,6,15578.82,1048,69.1,0,154,2025-12-20,0,0.0,
acct_02738,tenant_000,saas,5,3040.09,196,57.2,0,232,2025-12-25,1,3618.86,2026-01-08
acct_02739,tenant_001,finance,5,7895.44,590,41.1,1,50,2025-12-15,0,0.0,
acct_02740,tenant_002,finance,3,5134.5,661,24.9,0,110,2025-12-10,1,4629.8,2026-02-10
acct_02741,tenant_003,saas,9,25241.6,473,44.9,1,253,2025-12-10,1,38723.66,2026-02-11
acct_02742,tenant_004,manufacturing,3,2574.7,398,15.4,2,7,2026-01-03,0,0.0,
acct_02743,tenant_005,finance,5,1811.79,267,26.4,4,171,2025-12-15,0,0.0,
acct_02744,tenant_006,retail,41,15079.35,404,100.0,0,190,2025-12-22,1,20045.04,2026-03-02
acct_02745,tenant_007,healthcare,9,3310.26,136,66.5,1,243,2025-12-16,0,0.0,
acct_02746,tenant_008,retail,6,20905.59,844,69.1,0,121,2025-12-29,0,0.0,
acct_02747,tenant_009,retail,12,8906.77,433,68.8,0,199,2025-12-23,1,18520.31,2026-03-26
acct_02748,tenant_010,healthcare,5,9967.35,901,44.9,1,337,2025-12-12,0,0.0,
acct_02749,tenant_011,healthcare,8,31344.34,1726,33.9,2,317,2025-12-19,0,0.0,
acct_02750,tenant_012,healthcare,8,14821.3,77,83.5,0,81,2025-12-29,1,17035.95,2026-01-09
acct_02751,tenant_013,saas,7,3325.01,387,41.6,0,155,2025-12-31,0,0.0,
acct_02752,tenant_014,manufacturing,10,9959.24,999,53.0,2,73,2025-12-16,0,0.0,
acct_02753,tenant_015,saas,9,9171.57,1205,58.2,0,180,2026-01-02,1,29524.45,2026-01-11
acct_02754,tenant_016,saas,5,14939.77,107,63.2,2,92,2025-12-21,1,23118.19,2026-02-13
acct_02755,tenant_017,finance,7,5777.79,116,43.9,2,241,2025-12-10,0,0.0,
acct_02756,tenant_018,finance,7,5040.75,209,40.6,1,231,2025-12-13,0,0.0,
acct_02757,tenant_019,healthcare,7,3863.06,183,45.4,1,99,2025-12-08,0,0.0,
acct_02758,tenant_020,saas,6,4371.26,517,57.1,0,53,2026-01-03,1,3267.77,2026-01-10
acct_02759,tenant_021,manufacturing,12,16109.47,296,71.4,1,86,2026-01-03,1,14447.19,2026-01-15
acct_02760,tenant_022,manufacturing,9,5489.3,220,60.8,1,120,2025-12-29,0,0.0,
acct_02761,tenant_023,retail,12,11632.12,666,54.0,2,291,2025-12-27,0,0.0,
acct_02762,tenant_024,saas,4,22450.75,1964,28.8,3,65,2025-12-29,0,0.0,
acct_02763,tenant_025,healthcare,8,26837.79,372,55.6,0,238,2025-12-25,0,0.0,
acct_02764,tenant_026,finance,16,23430.1,186,82.0,1,263,2025-12-25,0,0.0,
acct_02765,tenant_027,manufacturing,15,9967.35,419,84.5,1,24,2025-12-15,1,15927.05,2026-02-08
acct_02766,tenant_028,manufacturing,1,12065.56,692,36.5,0,312,2025-12-31,0,0.0,
acct_02767,tenant_029,retail,5,3184.31,89,58.4,1,49,2025-12-22,0,0.0,
acct_02768,tenant_030,manufacturing,5,5859.04,444,31.0,2,346,2025-12-19,0,0.0,
acct_02769,tenant_031,retail,3,8534.0,488,25.5,1,238,2025-12-09,0,0.0,
acct_02770,tenant_032,retail,5,2902.5,178,20.0,4,275,2025-12-30,0,0.0,
acct_02771,tenant_033,manufacturing,4,10335.13,488,52.0,3,346,2025-12-26,0,0.0,
acct_02772,tenant_034,retail,15,15897.93,746,98.1,2,348,2025-12-08,0,0.0,
acct_02773,tenant_035,finance,3,7333.54,251,60.7,0,168,2025-12-24,0,0.0,
acct_02774,tenant_036,manufacturing,14,8826.49,172,68.2,0,326,2026-01-05,0,0.0,
acct_02775,tenant_000,saas,3,5471.28,80,31.9,3,171,2025-12-25,0,0.0,
acct_02776,tenant_001,saas,13,6654.45,252,66.8,4,354,2025-12-17,0,0.0,
acct_02777,tenant_002,saas,10,2309.4,160,11.2,1,113,2025-12-21,0,0.0,
acct_02778,tenant_003,finance,8,5667.87,83,27.9,2,152,2025-12-26,0,0.0,
acct_02779,tenant_004,finance,18,24830.01,319,74.0,3,311,2025-12-17,1,35178.75,2026-02-20
acct_02780,tenant_005,healthcare,10,4704.39,843,44.7,1,20,2025-12-20,0,0.0,
acct_02781,tenant_006,retail,17,26541.44,821,93.9,0,74,2025-12-09,0,0.0,
acct_02782,tenant_007,saas,2,417.18,204,0.6,3,344,2025-12-09,0,0.0,
acct_02783,tenant_008,finance,13,20485.79,112,66.2,1,317,2025-12-07,0,0.0,
acct_02784,tenant_009,saas,19,31313.03,366,97.6,0,44,2025-12-20,1,53187.34,2026-03-26
acct_02785,tenant_010,finance,4,21674.4,694,41.8,0,26,2025-12-23,0,0.0,
acct_02786,tenant_011,finance,10,22259.41,725,68.8,3,155,2026-01-04,0,0.0,
acct_02787,tenant_012,manufacturing,14,5024.3,262,65.3,3,90,2025-12-23,0,0.0,
acct_02788,tenant_013,manufacturing,11,6393.27,161,44.3,2,288,2025-12-10,0,0.0,
acct_02789,tenant_014,manufacturing,5,14025.27,416,50.5,0,72,2025-12-31,1,7996.12,2026-01-17
acct_02790,tenant_015,saas,3,13714.25,280,47.7,0,179,2025-12-13,0,0.0,
acct_02791,tenant_016,saas,7,12376.97,256,57.0,1,334,2025-12-29,0,0.0,
acct_02792,tenant_017,healthcare,6,2063.37,53,43.5,3,308,2025-12-26,0,0.0,
acct_02793,tenant_018,saas,14,16234.96,621,73.8,0,176,2025-12-30,1,19523.99,2026-02-20
acct_02794,tenant_019,healthcare,6,5826.0,307,26.8,3,319,2025-12-22,0,0.0,
acct_02795,tenant_020,saas,1,2818.25,374,22.6,3,50,2025-12-23,0,0.0,
acct_02796,tenant_021,retail,19,28556.05,136,96.0,0,160,2025-12-17,1,56332.84,2026-02-08
acct_02797,tenant_022,retail,14,17665.49,289,75.6,1,43,2025-12-17,1,16691.58,2026-02-06
acct_02798,tenant_023,finance,2,6252.39,294,32.9,3,336,2025-12-23,0,0.0,
acct_02799,tenant_024,finance,4,7068.38,357,22.8,4,106,2025-12-16,0,0.0,
acct_02800,tenant_025,finance,8,19555.53,279,52.5,1,227,2025-12-28,1,24244.58,2026-02-02
acct_02801,tenant_026,manufacturing,3,5161.91,123,55.8,1,19,2025-12-08,0,0.0,
acct_02802,tenant_027,saas,3,3682.93,768,31.9,3,233,2026-01-02,0,0.0,
acct_02803,tenant_028,saas,2,2692.49,274,38.7,0,15,2025-12-23,1,4014.6,2026-02-28
acct_02804,tenant_029,saas,13,22935.25,297,70.4,0,274,2025-12-20,1,19947.15,2026-03-04
acct_02805,tenant_030,finance,7,4677.98,130,62.2,1,313,2025-12-22,0,0.0,
acct_02806,tenant_031,manufacturing,7,12923.52,556,59.5,0,84,2025-12-08,1,10174.27,2026-02-25
acct_02807,tenant_032,finance,4,15052.74,192,48.2,1,219,2025-12-30,0,0.0,
acct_02808,tenant_033,saas,8,6314.29,138,47.4,0,247,2025-12-25,0,0.0,
acct_02809,tenant_034,saas,13,36589.58,881,54.3,1,79,2026-01-01,1,73711.38,2026-03-30
acct_02810,tenant_035,retail,5,934.68,168,0.0,0,214,2026-01-04,0,0.0,
acct_02811,tenant_036,finance,17,44170.45,589,82.4,1,221,2025-12-18,1,54870.28,2026-03-23
acct_02812,tenant_000,finance,7,9909.61,464,46.3,1,179,2025-12-15,1,32827.34,2026-03-29
acct_02813,tenant_001,finance,3,2615.34,104,41.9,0,52,2025-12-21,0,0.0,
acct_02814,tenant_002,saas,3,7582.57,340,45.2,1,166,2025-12-11,0,0.0,
acct_02815,tenant_003,retail,9,3144.56,281,59.1,1,136,2025-12-24,0,0.0,
acct_02816,tenant_004,saas,4,10349.71,712,7.1,4,53,2025-12-19,0,0.0,
acct_02817,tenant_005,finance,5,15450.89,254,43.5,1,37,2026-01-03,0,0.0,
acct_02818,tenant_006,saas,8,12115.79,217,51.2,0,135,2025-12-09,1,11871.87,2026-03-08
acct_02819,tenant_007,retail,16,18933.33,466,72.8,0,42,2025-12-12,0,0.0,
acct_02820,tenant_008,retail,5,2466.38,307,32.6,1,250,2025-12-29,0,0.0,
acct_02821,tenant_009,healthcare,3,4565.75,47,35.4,4,266,2025-12-26,0,0.0,
acct_02822,tenant_010,healthcare,7,11609.97,357,52.5,1,167,2025-12-17,0,0.0,
acct_02823,tenant_011,healthcare,16,10604.44,160,62.6,1,130,2026-01-01,0,0.0,
acct_02824,tenant_012,healthcare,6,4244.71,385,14.2,2,155,2025-12-28,0,0.0,
acct_02825,tenant_013,manufacturing,7,1164.07,255,19.8,3,95,2026-01-02,0,0.0,
acct_02826,tenant_014,healthcare,11,12635.34,168,55.8,3,140,2025-12-19,0,0.0,
acct_02827,tenant_015,saas,9,7597.32,234,53.1,1,262,2025-12-09,0,0.0,
acct_02828,tenant_016,manufacturing,8,2027.94,135,49.5,1,45,2026-01-03,0,0.0,
acct_02829,tenant_017,saas,7,3978.8,131,42.2,1,250,2025-12-27,0,0.0,
acct_02830,tenant_018,finance,7,17428.33,177,40.5,4,114,2025-12-30,0,0.0,
acct_02831,tenant_019,retail,15,19483.96,583,66.5,2,290,2025-12-27,0,0.0,
acct_02832,tenant_020,finance,4,8015.15,145,20.3,2,175,2026-01-02,0,0.0,
acct_02833,tenant_021,saas,9,15990.06,1768,64.4,1,191,2025-12-14,0,0.0,
acct_02834,tenant_022,saas,7,15421.04,577,43.2,2,340,2025-12-24,1,16390.51,2026-02-12
acct_02835,tenant_023,retail,6,1726.29,174,28.2,3,206,2025-12-20,0,0.0,
acct_02836,tenant_024,saas,23,15919.1,570,100.0,1,100,2025-12-20,1,14658.43,2026-03-08
acct_02837,tenant_025,finance,13,87084.85,223,64.6,0,291,2025-12-14,0,0.0,
acct_02838,tenant_026,manufacturing,11,12153.85,266,75.1,1,235,2025-12-11,0,0.0,
acct_02839,tenant_027,retail,10,8239.11,404,65.3,1,78,2026-01-03,0,0.0,
acct_02840,tenant_028,healthcare,5,720.92,469,0.0,1,250,2025-12-25,0,0.0,
acct_02841,tenant_029,manufacturing,4,2040.88,212,43.0,1,184,2025-12-24,0,0.0,
acct_02842,tenant_030,manufacturing,6,856.46,88,37.7,2,244,2025-12-25,0,0.0,
acct_02843,tenant_031,retail,9,5783.91,291,57.4,1,297,2025-12-28,0,0.0,
acct_02844,tenant_032,manufacturing,6,10931.37,1265,43.8,1,199,2025-12-08,0,0.0,
acct_02845,tenant_033,healthcare,9,9918.37,725,78.7,0,97,2025-12-12,1,12383.06,2026-01-08
acct_02846,tenant_034,healthcare,4,15027.13,630,55.0,0,262,2025-12-08,0,0.0,
acct_02847,tenant_035,finance,9,8051.59,217,52.6,1,266,2025-12-31,0,0.0,
acct_02848,tenant_036,finance,12,22131.96,581,72.4,0,348,2025-12-21,1,52023.51,2026-02-23
acct_02849,tenant_000,manufacturing,1,718.09,205,21.3,1,57,2025-12-07,0,0.0,
acct_02850,tenant_001,saas,6,2931.63,479,32.1,2,161,2026-01-02,0,0.0,
acct_02851,tenant_002,healthcare,3,2099.16,278,20.3,3,56,2025-12-23,0,0.0,
acct_02852,tenant_003,healthcare,12,10351.28,431,79.5,1,218,2025-12-26,1,20941.26,2026-01-11
acct_02853,tenant_004,healthcare,12,10205.51,456,54.8,1,125,2025-12-26,0,0.0,
acct_02854,tenant_005,manufacturing,22,50568.97,821,100.0,1,160,2025-12-22,1,107699.44,2026-02-05
acct_02855,tenant_006,saas,3,4473.83,532,20.3,4,211,2026-01-02,0,0.0,
acct_02856,tenant_007,healthcare,9,11994.42,317,57.0,0,183,2025-12-09,0,0.0,
acct_02857,tenant_008,saas,8,13010.94,247,51.4,2,122,2025-12-25,0,0.0,
acct_02858,tenant_009,healthcare,9,37816.55,997,53.3,0,212,2025-12-23,0,0.0,
acct_02859,tenant_010,healthcare,5,4559.41,747,42.1,1,138,2025-12-21,0,0.0,
acct_02860,tenant_011,finance,12,8537.81,313,71.4,2,36,2025-12-11,1,9891.54,2026-03-08
acct_02861,tenant_012,retail,15,16414.28,446,90.2,1,312,2025-12-16,0,0.0,
acct_02862,tenant_013,finance,12,14199.35,343,52.9,0,246,2025-12-21,1,10883.03,2026-03-12
acct_02863,tenant_014,finance,11,15881.06,44,67.3,0,363,2025-12-09,0,0.0,
acct_02864,tenant_015,saas,5,3850.38,397,38.3,1,343,2025-12-22,0,0.0,
acct_02865,tenant_016,finance,2,8041.26,498,30.1,1,186,2026-01-02,0,0.0,
acct_02866,tenant_017,healthcare,2,4306.89,504,27.6,1,187,2025-12-12,0,0.0,
acct_02867,tenant_018,manufacturing,12,19518.22,528,54.1,0,305,2025-12-11,1,16181.03,2026-01-31
acct_02868,tenant_019,finance,7,14484.73,504,44.1,1,296,2025-12-23,1,10399.41,2026-03-29
acct_02869,tenant_020,saas,8,3297.04,313,20.8,2,42,2026-01-03,0,0.0,
acct_02870,tenant_021,finance,5,6644.25,240,45.9,1,191,2025-12-28,0,0.0,
acct_02871,tenant_022,finance,8,47138.18,198,76.2,1,185,2025-12-08,0,0.0,
acct_02872,tenant_023,saas,7,3534.22,180,24.8,2,38,2025-12-11,1,5789.18,2026-03-06
acct_02873,tenant_024,manufacturing,11,6050.05,293,61.3,0,328,2025-12-10,0,0.0,
acct_02874,tenant_025,manufacturing,3,5437.95,335,33.0,5,13,2025-12-25,0,0.0,
acct_02875,tenant_026,manufacturing,4,3348.17,476,41.3,0,303,2025-12-17,0,0.0,
acct_02876,tenant_027,healthcare,7,3429.44,122,43.0,1,104,2025-12-07,0,0.0,
acct_02877,tenant_028,healthcare,33,44382.53,512,95.3,0,76,2025-12-26,1,29748.81,2026-01-10
acct_02878,tenant_029,healthcare,13,8967.64,882,73.0,0,49,2025-12-08,1,14388.16,2026-02-02
acct_02879,tenant_030,retail,14,4717.75,262,41.9,2,183,2025-12-28,0,0.0,
acct_02880,tenant_031,saas,4,1745.55,441,0.7,1,130,2025-12-29,0,0.0,
acct_02881,tenant_032,healthcare,7,6125.99,423,47.6,3,22,2025-12-10,0,0.0,
acct_02882,tenant_033,finance,15,15540.54,502,59.1,3,161,2025-12-11,0,0.0,
acct_02883,tenant_034,manufacturing,6,3746.21,136,42.5,3,256,2025-12-22,0,0.0,
acct_02884,tenant_035,healthcare,18,9339.14,1025,82.5,0,212,2025-12-13,0,0.0,
acct_02885,tenant_036,healthcare,9,12764.34,178,77.6,0,276,2025-12-12,0,0.0,
acct_02886,tenant_000,saas,9,9515.81,330,43.9,3,34,2026-01-01,0,0.0,
acct_02887,tenant_001,healthcare,1,1206.58,353,0.0,5,317,2025-12-23,0,0.0,
acct_02888,tenant_002,saas,17,46929.51,730,78.7,3,119,2025-12-10,0,0.0,
acct_02889,tenant_003,saas,2,1288.24,371,1.2,5,57,2025-12-28,0,0.0,
acct_02890,tenant_004,saas,5,5248.15,128,60.3,2,85,2025-12-14,0,0.0,
acct_02891,tenant_005,manufacturing,8,6998.74,445,55.2,0,171,2025-12-29,0,0.0,
acct_02892,tenant_006,manufacturing,22,45535.78,265,83.8,1,261,2025-12-08,0,0.0,
acct_02893,tenant_007,saas,8,6081.85,188,33.3,3,364,2025-12-18,0,0.0,
acct_02894,tenant_008,finance,17,23457.97,63,90.4,1,163,2025-12-26,1,43299.99,2026-01-12
acct_02895,tenant_009,finance,5,18255.92,583,43.5,2,110,2025-12-12,0,0.0,
acct_02896,tenant_010,finance,12,45059.19,263,75.6,0,346,2025-12-17,0,0.0,
acct_02897,tenant_011,finance,10,74327.96,494,77.5,1,270,2025-12-22,1,48330.63,2026-03-30
acct_02898,tenant_012,saas,6,7433.83,842,45.0,2,36,2025-12-29,1,6655.49,2026-03-22
acct_02899,tenant_013,finance,8,5092.66,385,27.5,2,141,2025-12-31,0,0.0,
acct_02900,tenant_014,retail,4,6839.56,112,62.3,1,337,2026-01-02,0,0.0,
acct_02901,tenant_015,healthcare,5,7210.96,303,42.0,2,74,2025-12-30,0,0.0,
acct_02902,tenant_016,saas,10,32493.13,880,70.9,1,147,2025-12-22,1,37359.95,2026-02-05
acct_02903,tenant_017,manufacturing,2,4664.92,833,20.9,0,343,2025-12-27,0,0.0,
acct_02904,tenant_018,healthcare,9,5609.89,222,34.1,4,302,2025-12-12,0,0.0,
acct_02905,tenant_019,manufacturing,5,3138.76,135,44.9,2,83,2025-12-30,0,0.0,
acct_02906,tenant_020,finance,13,204898.93,2000,90.8,1,345,2025-12-16,1,174256.01,2026-03-02
acct_02907,tenant_021,healthcare,5,8279.83,307,19.1,5,250,2025-12-25,0,0.0,
acct_02908,tenant_022,manufacturing,9,8590.52,1145,33.2,3,170,2025-12-28,1,13514.06,2026-02-17
acct_02909,tenant_023,saas,5,6262.97,362,29.0,1,338,2025-12-24,0,0.0,
acct_02910,tenant_024,saas,7,8169.96,618,45.3,4,68,2026-01-05,1,9119.79,2026-03-12
acct_02911,tenant_025,saas,7,23674.39,435,58.0,2,19,2025-12-30,1,16918.77,2026-03-31
acct_02912,tenant_026,manufacturing,6,11252.04,744,51.4,0,341,2025-12-30,0,0.0,
acct_02913,tenant_027,saas,2,2860.59,286,31.3,3,5,2025-12-17,1,1636.24,2026-03-25
acct_02914,tenant_028,saas,11,20377.98,543,51.7,2,287,2025-12-16,0,0.0,
acct_02915,tenant_029,healthcare,14,13638.83,470,79.9,0,315,2025-12-25,0,0.0,
acct_02916,tenant_030,healthcare,9,24609.21,870,45.6,2,267,2025-12-23,0,0.0,
acct_02917,tenant_031,retail,3,5072.11,711,8.5,0,53,2025-12-12,0,0.0,
acct_02918,tenant_032,finance,7,8372.61,426,78.1,2,223,2025-12-09,0,0.0,
acct_02919,tenant_033,retail,11,2815.85,247,45.1,0,317,2025-12-16,0,0.0,
acct_02920,tenant_034,finance,13,29196.16,971,47.5,2,315,2025-12-28,0,0.0,
acct_02921,tenant_035,healthcare,7,5627.98,603,37.0,0,158,2025-12-17,0,0.0,
acct_02922,tenant_036,saas,5,2641.7,209,35.5,2,196,2025-12-22,0,0.0,
acct_02923,tenant_000,retail,9,8992.23,277,84.7,1,193,2025-12-22,0,0.0,
acct_02924,tenant_001,finance,7,21724.66,467,50.2,3,101,2025-12-22,1,24017.1,2026-02-01
acct_02925,tenant_002,saas,14,14622.33,582,75.0,0,90,2025-12-10,1,31949.0,2026-02-06
acct_02926,tenant_003,saas,10,13161.23,245,65.2,1,252,2025-12-22,0,0.0,
acct_02927,tenant_004,saas,7,18171.06,322,46.0,2,66,2026-01-01,0,0.0,
acct_02928,tenant_005,retail,10,6084.44,207,63.6,0,148,2025-12-20,0,0.0,
acct_02929,tenant_006,saas,12,8887.28,317,69.3,1,118,2025-12-18,1,7834.95,2026-03-20
acct_02930,tenant_007,saas,4,6757.09,710,30.5,3,29,2025-12-31,0,0.0,
acct_02931,tenant_008,manufacturing,8,9467.4,520,63.5,1,122,2025-12-23,0,0.0,
acct_02932,tenant_009,finance,8,15217.92,308,56.9,1,327,2025-12-08,0,0.0,
acct_02933,tenant_010,saas,25,32697.92,213,89.2,0,111,2025-12-08,1,28387.7,2026-01-12
acct_02934,tenant_011,retail,2,1796.67,89,25.5,3,235,2025-12-16,0,0.0,
acct_02935,tenant_012,saas,7,4237.17,151,64.1,1,14,2025-12-15,1,2866.45,2026-02-02
acct_02936,tenant_013,healthcare,9,19398.33,364,71.9,0,216,2025-12-20,1,15579.96,2026-01-23
acct_02937,tenant_014,saas,13,29719.25,1144,65.6,1,137,2025-12-27,0,0.0,
acct_02938,tenant_015,healthcare,4,4909.68,173,28.3,2,260,2026-01-05,0,0.0,
acct_02939,tenant_016,finance,7,8338.07,658,30.3,1,282,2025-12-09,0,0.0,
acct_02940,tenant_017,saas,14,30028.33,96,93.3,0,294,2025-12-29,1,17989.22,2026-02-06
acct_02941,tenant_018,manufacturing,3,2766.15,193,32.7,2,74,2025-12-11,0,0.0,
acct_02942,tenant_019,healthcare,9,2309.84,81,34.7,4,131,2025-12-26,1,1219.95,2026-01-22
acct_02943,tenant_020,saas,4,5176.69,975,28.2,1,49,2025-12-30,0,0.0,
acct_02944,tenant_021,finance,9,12324.92,326,54.5,1,142,2025-12-20,1,25807.86,2026-01-17
acct_02945,tenant_022,manufacturing,5,1614.64,129,64.7,1,309,2025-12-19,0,0.0,
acct_02946,tenant_023,retail,11,2232.29,406,53.9,0,276,2025-12-13,0,0.0,
acct_02947,tenant_024,finance,3,5490.37,364,33.6,3,105,2025-12-31,0,0.0,
acct_02948,tenant_025,manufacturing,10,4789.47,75,67.6,0,175,2025-12-19,1,1793.73,2026-03-21
acct_02949,tenant_026,saas,10,10956.25,409,64.9,2,115,2025-12-11,1,8155.11,2026-03-18
acct_02950,tenant_027,finance,8,7880.06,311,59.2,2,113,2025-12-12,0,0.0,
acct_02951,tenant_028,healthcare,15,12126.76,104,56.4,0,148,2025-12-08,1,9373.76,2026-02-03
acct_02952,tenant_029,saas,4,10448.08,353,23.8,4,257,2025-12-29,0,0.0,
acct_02953,tenant_030,saas,8,2653.15,107,34.1,3,280,2025-12-21,0,0.0,
acct_02954,tenant_031,healthcare,5,7102.29,185,63.3,1,327,2026-01-01,0,0.0,
acct_02955,tenant_032,finance,2,3254.61,588,0.0,1,159,2025-12-21,0,0.0,
acct_02956,tenant_033,saas,21,23767.68,924,79.4,0,89,2025-12-16,1,52074.59,2026-03-13
acct_02957,tenant_034,manufacturing,19,9015.66,286,75.6,0,237,2025-12-21,0,0.0,
acct_02958,tenant_035,retail,5,6421.35,555,44.5,1,311,2025-12-31,0,0.0,
acct_02959,tenant_036,healthcare,4,2633.58,101,42.8,1,150,2025-12-23,0,0.0,
acct_02960,tenant_000,saas,17,40941.56,634,78.0,0,111,2025-12-16,1,98303.28,2026-03-19
acct_02961,tenant_001,retail,10,5817.73,365,57.0,0,166,2026-01-05,0,0.0,
acct_02962,tenant_002,manufacturing,5,4410.27,154,66.5,0,357,2025-12-17,0,0.0,
acct_02963,tenant_003,saas,13,36496.22,408,78.1,0,221,2025-12-10,0,0.0,
acct_02964,tenant_004,manufacturing,18,13333.23,229,96.2,0,106,2025-12-09,1,24378.5,2026-02-18
acct_02965,tenant_005,finance,5,3208.98,137,33.4,0,18,2025-12-28,0,0.0,
acct_02966,tenant_006,retail,10,1727.81,190,30.3,2,236,2025-12-08,0,0.0,
acct_02967,tenant_007,healthcare,6,10413.68,1842,58.1,3,81,2025-12-19,0,0.0,
acct_02968,tenant_008,retail,2,1473.22,827,14.9,2,101,2025-12-15,0,0.0,
acct_02969,tenant_009,manufacturing,17,14718.52,355,89.3,0,240,2025-12-16,1,9238.83,2026-03-28
acct_02970,tenant_010,retail,12,13022.92,286,49.6,1,298,2025-12-11,1,12817.59,2026-03-13
acct_02971,tenant_011,finance,6,8004.22,137,48.7,0,362,2026-01-02,1,10351.19,2026-03-29
acct_02972,tenant_012,finance,11,14013.21,326,54.0,0,212,2025-12-22,0,0.0,
acct_02973,tenant_013,healthcare,13,2305.12,272,20.5,2,34,2025-12-24,0,0.0,
acct_02974,tenant_014,finance,6,7394.14,251,18.8,1,37,2025-12-26,1,6387.21,2026-01-26
acct_02975,tenant_015,manufacturing,5,4221.93,287,52.7,2,234,2025-12-07,0,0.0,
acct_02976,tenant_016,saas,21,35500.91,372,70.1,1,26,2025-12-15,1,34424.5,2026-01-24
acct_02977,tenant_017,retail,12,7805.44,612,45.8,0,200,2025-12-23,0,0.0,
acct_02978,tenant_018,retail,4,684.93,118,15.0,3,263,2025-12-19,0,0.0,
acct_02979,tenant_019,saas,1,1723.15,92,17.9,3,289,2025-12-08,0,0.0,
acct_02980,tenant_020,manufacturing,7,5872.41,90,35.6,4,95,2026-01-03,0,0.0,
acct_02981,tenant_021,saas,11,11395.95,704,55.1,1,211,2025-12-15,0,0.0,
acct_02982,tenant_022,saas,5,2774.01,272,12.3,4,305,2025-12-20,0,0.0,
acct_02983,tenant_023,retail,5,7927.18,113,54.8,0,117,2026-01-02,0,0.0,
acct_02984,tenant_024,manufacturing,9,3017.65,188,38.9,0,347,2025-12-15,0,0.0,
acct_02985,tenant_025,finance,13,4820.92,457,42.6,1,290,2025-12-15,1,4444.22,2026-02-27
acct_02986,tenant_026,finance,10,14631.3,85,70.7,2,332,2026-01-05,0,0.0,
acct_02987,tenant_027,finance,4,2213.46,417,14.7,3,126,2025-12-29,0,0.0,
acct_02988,tenant_028,healthcare,7,29182.41,572,58.7,1,82,2025-12-14,1,30584.58,2026-01-29
acct_02989,tenant_029,manufacturing,6,5160.96,1013,27.6,5,198,2025-12-29,0,0.0,
acct_02990,tenant_030,manufacturing,4,859.53,189,0.0,1,289,2026-01-04,0,0.0,
acct_02991,tenant_031,saas,12,15759.28,197,52.7,2,172,2025-12-13,0,0.0,
acct_02992,tenant_032,saas,2,2200.6,329,0.0,7,331,2026-01-02,0,0.0,
acct_02993,tenant_033,saas,9,14044.65,224,51.4,2,194,2025-12-14,1,7448.55,2026-04-01
acct_02994,tenant_034,healthcare,10,8280.58,493,45.7,3,39,2026-01-05,0,0.0,
acct_02995,tenant_035,manufacturing,9,7803.97,184,65.0,0,236,2025-12-12,0,0.0,
acct_02996,tenant_036,healthcare,1,6782.46,742,1.6,4,208,2026-01-05,0,0.0,
acct_02997,tenant_000,saas,7,7806.75,737,39.2,2,35,2026-01-04,0,0.0,
acct_02998,tenant_001,manufacturing,6,3218.74,187,50.9,2,276,2025-12-29,0,0.0,
acct_02999,tenant_002,finance,6,8549.1,254,51.8,1,181,2025-12-28,0,0.0,
acct_03000,tenant_003,manufacturing,12,3138.09,461,26.8,1,185,2025-12-17,1,1844.03,2026-03-06
acct_03001,tenant_004,healthcare,10,10641.31,274,66.7,0,15,2025-12-25,1,10062.34,2026-02-27
acct_03002,tenant_005,saas,28,18402.24,421,94.4,0,238,2025-12-26,1,13385.49,2026-02-11
acct_03003,tenant_006,manufacturing,7,1222.19,118,21.1,2,209,2025-12-17,0,0.0,
acct_03004,tenant_007,manufacturing,8,6536.68,159,28.6,3,66,2025-12-10,0,0.0,
acct_03005,tenant_008,retail,15,6607.81,242,42.8,1,237,2025-12-31,0,0.0,
acct_03006,tenant_009,finance,11,12533.99,413,62.2,0,351,2025-12-12,1,11702.02,2026-01-11
acct_03007,tenant_010,finance,19,39887.48,290,79.5,0,42,2026-01-01,1,37145.26,2026-01-16
acct_03008,tenant_011,healthcare,15,8371.03,242,85.7,0,242,2025-12-17,1,7600.39,2026-03-20
acct_03009,tenant_012,saas,3,5615.09,299,27.7,1,136,2026-01-02,0,0.0,
acct_03010,tenant_013,manufacturing,3,32917.55,421,65.0,1,229,2025-12-20,0,0.0,
acct_03011,tenant_014,retail,6,9592.91,341,43.4,0,354,2026-01-04,0,0.0,
acct_03012,tenant_015,finance,17,36039.81,443,95.8,0,272,2025-12-11,1,49959.47,2026-03-30
acct_03013,tenant_016,saas,14,11186.41,91,65.5,4,14,2025-12-23,0,0.0,
acct_03014,tenant_017,saas,11,13838.94,145,56.6,0,172,2026-01-01,0,0.0,
acct_03015,tenant_018,saas,11,13636.98,102,91.2,1,196,2025-12-23,0,0.0,
acct_03016,tenant_019,saas,8,33022.38,607,39.3,0,146,2026-01-01,1,34781.29,2026-03-02
acct_03017,tenant_020,healthcare,14,3040.56,160,50.8,1,169,2025-12-25,0,0.0,
acct_03018,tenant_021,manufacturing,7,8557.32,312,43.7,4,313,2025-12-20,0,0.0,
acct_03019,tenant_022,saas,4,8840.18,390,40.3,0,330,2025-12-08,0,0.0,
acct_03020,tenant_023,saas,15,9111.02,155,78.2,0,214,2025-12-20,1,13294.24,2026-01-20
acct_03021,tenant_024,healthcare,8,21784.17,140,82.8,0,308,2025-12-21,0,0.0,
acct_03022,tenant_025,saas,13,16251.71,709,56.4,0,215,2025-12-26,1,16192.9,2026-03-03
acct_03023,tenant_026,finance,21,74652.08,981,79.2,0,157,2025-12-25,1,119843.84,2026-01-15
acct_03024,tenant_027,retail,5,7762.13,282,55.1,1,265,2025-12-23,0,0.0,
acct_03025,tenant_028,retail,1,629.33,150,16.9,2,117,2025-12-25,0,0.0,
acct_03026,tenant_029,retail,1,3051.78,364,25.9,2,93,2025-12-25,0,0.0,
acct_03027,tenant_030,healthcare,8,3324.28,148,42.2,1,75,2025-12-11,0,0.0,
acct_03028,tenant_031,saas,3,5123.41,174,45.0,1,334,2025-12-21,0,0.0,
acct_03029,tenant_032,manufacturing,7,3314.59,155,61.0,0,60,2026-01-05,1,4683.61,2026-01-16
acct_03030,tenant_033,saas,6,3891.58,235,26.0,0,115,2025-12-23,0,0.0,
acct_03031,tenant_034,retail,30,25950.58,89,100.0,0,319,2025-12-23,1,23125.07,2026-01-23
acct_03032,tenant_035,finance,12,17072.53,275,77.1,0,218,2026-01-03,0,0.0,
acct_03033,tenant_036,finance,7,2660.04,399,31.0,2,191,2026-01-02,0,0.0,
acct_03034,tenant_000,finance,12,7687.13,242,48.7,0,292,2025-12-29,0,0.0,
acct_03035,tenant_001,finance,7,4741.04,109,75.3,1,203,2025-12-18,1,3566.05,2026-04-01
acct_03036,tenant_002,healthcare,5,2983.38,387,44.6,1,1,2025-12-07,0,0.0,
acct_03037,tenant_003,manufacturing,10,8551.97,372,52.6,1,128,2025-12-21,0,0.0,
acct_03038,tenant_004,finance,10,11549.19,631,66.7,1,358,2025-12-21,0,0.0,
acct_03039,tenant_005,healthcare,11,5119.69,99,76.0,0,337,2025-12-14,1,7127.54,2026-03-12
acct_03040,tenant_006,manufacturing,14,10364.56,269,58.9,1,295,2026-01-03,0,0.0,
acct_03041,tenant_007,saas,7,21845.54,431,28.2,1,191,2025-12-15,0,0.0,
acct_03042,tenant_008,saas,2,1438.8,58,27.2,5,357,2025-12-26,0,0.0,
acct_03043,tenant_009,manufacturing,10,15076.76,382,53.7,0,77,2025-12-25,0,0.0,
acct_03044,tenant_010,finance,13,19350.36,384,76.3,0,267,2025-12-23,1,23744.8,2026-03-25
acct_03045,tenant_011,saas,5,2625.51,206,26.3,3,338,2025-12-17,0,0.0,
acct_03046,tenant_012,healthcare,7,4358.23,322,18.8,6,130,2026-01-02,0,0.0,
acct_03047,tenant_013,healthcare,0,1308.05,369,11.4,2,215,2025-12-20,0,0.0,
acct_03048,tenant_014,saas,19,25934.25,1526,84.7,2,44,2025-12-29,1,71284.47,2026-04-04
acct_03049,tenant_015,saas,4,3377.05,362,0.0,3,354,2025-12-13,0,0.0,
acct_03050,tenant_016,manufacturing,6,4770.89,112,47.5,3,117,2025-12-19,0,0.0,
acct_03051,tenant_017,saas,20,28572.46,279,89.2,1,81,2025-12-22,1,33878.58,2026-03-26
acct_03052,tenant_018,saas,8,3612.99,271,35.8,3,66,2025-12-30,0,0.0,
acct_03053,tenant_019,finance,20,39770.89,236,70.6,0,72,2026-01-04,1,54586.96,2026-03-07
acct_03054,tenant_020,manufacturing,3,2396.84,154,19.3,1,134,2026-01-02,0,0.0,
acct_03055,tenant_021,manufacturing,11,6849.47,501,58.1,1,284,2025-12-30,0,0.0,
acct_03056,tenant_022,manufacturing,5,6262.16,221,37.9,2,118,2025-12-15,0,0.0,
acct_03057,tenant_023,manufacturing,8,9535.36,307,47.5,1,32,2025-12-21,1,2973.58,2026-04-03
acct_03058,tenant_024,saas,18,76120.22,572,97.9,1,54,2025-12-31,1,34321.34,2026-02-10
acct_03059,tenant_025,finance,12,19319.28,261,62.7,0,245,2026-01-04,0,0.0,
acct_03060,tenant_026,saas,11,11972.92,424,51.9,1,62,2025-12-26,1,14132.87,2026-02-22
acct_03061,tenant_027,saas,14,13803.4,244,46.5,1,112,2026-01-03,1,11840.74,2026-02-20
acct_03062,tenant_028,manufacturing,11,9113.18,574,42.8,1,32,2025-12-26,1,10024.17,2026-03-16
acct_03063,tenant_029,healthcare,7,6595.02,620,47.9,3,87,2025-12-15,0,0.0,
acct_03064,tenant_030,saas,3,21517.99,925,70.7,0,174,2025-12-20,1,27181.27,2026-03-21
acct_03065,tenant_031,manufacturing,5,5424.73,114,32.0,4,233,2025-12-15,0,0.0,
acct_03066,tenant_032,saas,11,11313.01,388,63.3,2,102,2025-12-28,0,0.0,
acct_03067,tenant_033,saas,9,5997.09,218,20.2,0,193,2025-12-20,0,0.0,
acct_03068,tenant_034,manufacturing,5,1652.75,61,23.7,0,215,2025-12-15,0,0.0,
acct_03069,tenant_035,healthcare,10,1693.32,111,43.9,3,24,2025-12-22,0,0.0,
acct_03070,tenant_036,saas,16,7944.33,120,82.8,0,53,2025-12-25,1,4724.74,2026-03-25
acct_03071,tenant_000,saas,13,15903.03,540,78.9,1,315,2025-12-30,1,23702.98,2026-03-22
acct_03072,tenant_001,finance,7,8578.6,62,74.2,0,162,2025-12-30,0,0.0,
acct_03073,tenant_002,saas,7,6725.16,297,47.1,0,351,2025-12-24,0,0.0,
acct_03074,tenant_003,manufacturing,38,44883.3,532,96.8,0,210,2025-12-22,1,21412.49,2026-02-17
acct_03075,tenant_004,saas,3,2886.14,240,31.9,2,124,2025-12-24,0,0.0,
acct_03076,tenant_005,saas,5,3350.67,150,14.6,3,59,2025-12-13,0,0.0,
acct_03077,tenant_006,saas,11,14156.14,317,76.0,2,283,2025-12-21,1,28413.72,2026-03-07
acct_03078,tenant_007,retail,8,10757.63,332,48.2,1,319,2026-01-04,0,0.0,
acct_03079,tenant_008,finance,8,10153.26,716,48.0,2,202,2026-01-04,0,0.0,
acct_03080,tenant_009,manufacturing,7,13237.32,346,57.6,0,134,2025-12-10,1,29394.77,2026-03-23
acct_03081,tenant_010,saas,9,10120.35,474,79.4,0,291,2026-01-05,1,7030.27,2026-03-05
acct_03082,tenant_011,finance,9,9441.17,429,58.2,2,154,2025-12-15,1,12074.07,2026-02-23
acct_03083,tenant_012,saas,21,160673.45,235,75.4,1,209,2025-12-17,1,143310.93,2026-02-10
acct_03084,tenant_013,healthcare,6,4885.01,60,41.1,3,97,2025-12-11,0,0.0,
acct_03085,tenant_014,saas,9,3930.42,307,43.8,1,330,2025-12-29,0,0.0,
acct_03086,tenant_015,retail,4,2878.82,215,57.0,0,253,2025-12-30,0,0.0,
acct_03087,tenant_016,saas,3,2386.61,411,11.9,1,14,2025-12-25,0,0.0,
acct_03088,tenant_017,finance,13,36447.77,212,82.6,1,104,2025-12-24,1,57350.61,2026-02-22
acct_03089,tenant_018,healthcare,2,5020.39,559,24.2,1,148,2025-12-24,0,0.0,
acct_03090,tenant_019,healthcare,10,21858.35,698,64.4,3,214,2025-12-08,1,29404.91,2026-02-19
acct_03091,tenant_020,retail,9,8771.62,839,75.8,1,151,2025-12-24,1,5312.32,2026-01-27
acct_03092,tenant_021,manufacturing,27,26134.65,169,100.0,2,230,2025-12-08,0,0.0,
acct_03093,tenant_022,healthcare,5,7257.41,181,27.4,1,76,2025-12-16,0,0.0,
acct_03094,tenant_023,healthcare,7,9170.3,375,17.4,7,240,2025-12-29,0,0.0,
acct_03095,tenant_024,saas,17,31181.14,160,87.7,0,220,2025-12-18,1,61250.62,2026-03-31
acct_03096,tenant_025,saas,7,7761.03,292,32.9,1,254,2025-12-10,0,0.0,
acct_03097,tenant_026,saas,1,945.0,124,7.5,2,294,2025-12-29,0,0.0,
acct_03098,tenant_027,retail,15,6896.97,299,67.6,0,188,2025-12-23,0,0.0,
acct_03099,tenant_028,manufacturing,5,20185.13,1412,29.1,5,125,2025-12-31,0,0.0,
acct_03100,tenant_029,manufacturing,4,3226.4,218,53.1,2,138,2026-01-03,1,4220.54,2026-03-17
acct_03101,tenant_030,finance,6,7782.24,197,51.4,2,183,2025-12-18,0,0.0,
acct_03102,tenant_031,saas,4,12740.43,274,45.1,2,40,2025-12-28,0,0.0,
acct_03103,tenant_032,finance,24,18177.82,168,100.0,1,37,2026-01-02,1,24864.3,2026-02-18
acct_03104,tenant_033,finance,9,10513.29,461,50.3,1,247,2025-12-24,0,0.0,
acct_03105,tenant_034,saas,7,4671.66,126,64.5,1,317,2025-12-26,1,5623.19,2026-01-13
acct_03106,tenant_035,retail,14,9137.83,252,70.4,1,85,2026-01-04,1,8895.62,2026-01-21
acct_03107,tenant_036,saas,10,7465.63,496,68.6,0,159,2025-12-22,1,5300.75,2026-01-07
acct_03108,tenant_000,saas,5,17907.11,376,39.3,1,139,2025-12-17,0,0.0,
acct_03109,tenant_001,saas,9,2980.44,33,47.3,2,353,2025-12-23,0,0.0,
acct_03110,tenant_002,saas,7,32909.25,819,60.1,0,287,2025-12-07,1,32397.61,2026-03-07
acct_03111,tenant_003,saas,8,13415.94,508,31.1,3,70,2025-12-26,0,0.0,
acct_03112,tenant_004,finance,5,3240.72,269,50.4,3,353,2025-12-09,0,0.0,
acct_03113,tenant_005,finance,12,11749.99,135,82.4,0,347,2025-12-31,1,10360.82,2026-03-28
acct_03114,tenant_006,saas,5,3462.87,934,27.9,2,356,2025-12-25,0,0.0,
acct_03115,tenant_007,retail,7,1386.21,352,21.8,1,245,2025-12-19,0,0.0,
acct_03116,tenant_008,healthcare,4,3494.64,828,22.0,1,330,2025-12-28,0,0.0,
acct_03117,tenant_009,healthcare,6,8678.26,995,20.7,2,145,2025-12-24,0,0.0,
acct_03118,tenant_010,healthcare,10,7068.02,232,51.6,1,28,2025-12-20,0,0.0,
acct_03119,tenant_011,saas,19,43921.73,2000,84.9,0,354,2026-01-04,1,56081.94,2026-01-29
acct_03120,tenant_012,healthcare,4,1910.3,369,32.1,0,334,2025-12-23,0,0.0,
acct_03121,tenant_013,saas,11,9745.07,117,55.4,0,96,2025-12-07,1,13296.48,2026-01-09
acct_03122,tenant_014,healthcare,6,5539.97,90,60.3,0,114,2025-12-11,0,0.0,
acct_03123,tenant_015,saas,2,3971.48,81,48.6,1,293,2026-01-02,0,0.0,
acct_03124,tenant_016,healthcare,4,28770.04,663,0.0,3,239,2025-12-10,0,0.0,
acct_03125,tenant_017,saas,3,5609.07,453,24.1,0,165,2025-12-21,0,0.0,
acct_03126,tenant_018,saas,8,4977.9,133,71.6,0,314,2025-12-11,1,11082.69,2026-01-08
acct_03127,tenant_019,saas,22,39348.68,416,68.8,0,280,2025-12-31,1,36737.05,2026-02-01
acct_03128,tenant_020,healthcare,4,3424.33,208,43.9,0,243,2025-12-27,0,0.0,
acct_03129,tenant_021,finance,16,45937.71,428,78.1,1,178,2025-12-31,1,80491.06,2026-01-19
acct_03130,tenant_022,saas,11,36064.5,713,49.5,0,309,2026-01-04,1,96097.62,2026-03-22
acct_03131,tenant_023,manufacturing,4,2768.78,128,28.8,2,175,2025-12-15,0,0.0,
acct_03132,tenant_024,retail,12,5931.14,287,82.6,3,185,2025-12-25,0,0.0,
acct_03133,tenant_025,manufacturing,12,34680.1,252,59.5,0,301,2025-12-13,0,0.0,
acct_03134,tenant_026,saas,6,2411.55,274,40.2,3,113,2025-12-30,0,0.0,
acct_03135,tenant_027,retail,15,17615.54,396,80.8,1,326,2025-12-16,1,19302.13,2026-01-14
acct_03136,tenant_028,healthcare,7,4265.83,537,38.9,1,202,2025-12-17,0,0.0,
acct_03137,tenant_029,manufacturing,4,1145.99,285,7.4,5,237,2025-12-22,0,0.0,
acct_03138,tenant_030,retail,7,7592.81,858,30.1,1,248,2025-12-11,0,0.0,
acct_03139,tenant_031,saas,2,2639.41,114,30.6,3,207,2026-01-03,0,0.0,
acct_03140,tenant_032,saas,13,25092.86,502,83.2,1,138,2025-12-29,0,0.0,
acct_03141,tenant_033,retail,4,4063.65,212,38.1,1,144,2025-12-26,0,0.0,
acct_03142,tenant_034,manufacturing,4,2108.37,132,61.1,1,333,2025-12-29,0,0.0,
acct_03143,tenant_035,finance,20,30466.59,176,95.5,0,219,2025-12-14,1,20870.98,2026-01-08
acct_03144,tenant_036,retail,9,4457.03,1105,47.7,0,88,2025-12-21,1,3672.22,2026-02-28
acct_03145,tenant_000,finance,11,17467.85,174,59.0,1,160,2025-12-31,0,0.0,
acct_03146,tenant_001,saas,2,3288.88,525,3.5,3,5,2025-12-22,0,0.0,
acct_03147,tenant_002,manufacturing,3,1529.46,219,26.9,1,268,2025-12-25,0,0.0,
acct_03148,tenant_003,saas,9,15690.99,611,86.6,0,348,2025-12-27,1,22748.48,2026-01-20
acct_03149,tenant_004,saas,4,12908.05,2000,46.4,1,220,2026-01-05,0,0.0,
acct_03150,tenant_005,healthcare,10,19738.17,430,68.2,0,330,2025-12-25,1,15504.99,2026-01-24
acct_03151,tenant_006,saas,15,58939.63,1967,100.0,1,293,2025-12-17,1,40815.32,2026-03-29
acct_03152,tenant_007,finance,4,8733.08,168,54.0,1,326,2026-01-05,0,0.0,
acct_03153,tenant_008,finance,9,9904.65,369,57.3,0,142,2025-12-08,0,0.0,
acct_03154,tenant_009,saas,8,4999.54,223,50.6,3,326,2025-12-26,0,0.0,
acct_03155,tenant_010,finance,4,7932.84,276,42.6,2,262,2025-12-25,0,0.0,
acct_03156,tenant_011,saas,17,6232.2,57,66.2,1,186,2026-01-05,0,0.0,
acct_03157,tenant_012,saas,3,3758.39,433,2.0,1,346,2025-12-27,0,0.0,
acct_03158,tenant_013,saas,11,6380.45,201,49.9,0,253,2025-12-25,1,8996.06,2026-02-17
acct_03159,tenant_014,saas,19,20855.42,172,85.0,1,205,2025-12-10,0,0.0,
acct_03160,tenant_015,saas,6,13232.06,136,52.6,1,211,2025-12-11,1,3383.5,2026-02-05
acct_03161,tenant_016,manufacturing,15,22272.94,628,81.7,1,329,2025-12-24,0,0.0,
acct_03162,tenant_017,manufacturing,7,3755.67,411,19.6,4,273,2025-12-31,0,0.0,
acct_03163,tenant_018,saas,6,8561.6,237,67.0,1,300,2025-12-30,0,0.0,
acct_03164,tenant_019,saas,12,9360.86,184,74.2,1,279,2025-12-26,0,0.0,
acct_03165,tenant_020,retail,13,10937.83,435,81.7,0,111,2025-12-10,1,24091.33,2026-03-02
acct_03166,tenant_021,finance,14,21463.08,527,76.0,1,2,2025-12-10,1,14691.97,2026-01-30
acct_03167,tenant_022,saas,6,3222.16,68,62.6,0,127,2025-12-29,0,0.0,
acct_03168,tenant_023,saas,11,3920.58,765,36.8,1,96,2025-12-23,0,0.0,
acct_03169,tenant_024,saas,8,14708.04,468,59.4,1,63,2025-12-31,1,8603.75,2026-03-15
acct_03170,tenant_025,retail,6,1967.71,169,44.5,2,197,2025-12-23,0,0.0,
acct_03171,tenant_026,saas,2,3107.54,249,32.1,2,357,2026-01-03,0,0.0,
acct_03172,tenant_027,manufacturing,22,10819.6,216,96.5,1,360,2025-12-18,0,0.0,
acct_03173,tenant_028,manufacturing,11,7113.35,122,53.8,1,176,2026-01-01,0,0.0,
acct_03174,tenant_029,saas,3,1398.05,107,11.2,1,161,2026-01-05,0,0.0,
acct_03175,tenant_030,retail,9,6536.03,525,62.4,0,360,2025-12-29,0,0.0,
acct_03176,tenant_031,saas,15,21303.59,578,72.0,0,255,2025-12-16,1,49491.48,2026-03-20
acct_03177,tenant_032,finance,12,15264.2,252,75.8,0,7,2025-12-20,1,19641.81,2026-01-23
acct_03178,tenant_033,finance,16,7157.61,129,71.0,0,221,2025-12-25,1,11544.51,2026-03-29
acct_03179,tenant_034,saas,10,6051.18,366,39.0,1,246,2025-12-29,0,0.0,
acct_03180,tenant_035,retail,10,7807.41,109,74.4,0,126,2025-12-29,0,0.0,
acct_03181,tenant_036,saas,4,3392.15,270,30.7,3,34,2025-12-22,0,0.0,
acct_03182,tenant_000,finance,4,3136.83,277,0.0,1,319,2025-12-19,0,0.0,
acct_03183,tenant_001,retail,10,7914.34,413,68.5,2,260,2025-12-16,0,0.0,
acct_03184,tenant_002,retail,7,2355.87,843,46.9,0,237,2025-12-13,0,0.0,
acct_03185,tenant_003,retail,8,1777.34,128,40.8,3,297,2025-12-17,0,0.0,
acct_03186,tenant_004,finance,5,10508.47,402,24.6,2,127,2025-12-29,0,0.0,
acct_03187,tenant_005,manufacturing,8,4382.48,778,48.2,1,71,2025-12-11,0,0.0,
acct_03188,tenant_006,saas,10,15956.65,584,49.7,2,302,2025-12-28,1,9726.41,2026-03-14
acct_03189,tenant_007,manufacturing,6,7001.21,315,51.5,3,157,2025-12-19,0,0.0,
acct_03190,tenant_008,manufacturing,6,3959.14,131,46.1,0,39,2025-12-22,0,0.0,
acct_03191,tenant_009,saas,15,11980.49,844,90.9,0,311,2025-12-18,1,12147.77,2026-03-02
acct_03192,tenant_010,saas,13,9886.93,483,52.9,0,38,2025-12-30,1,7250.22,2026-03-22
acct_03193,tenant_011,manufacturing,13,8950.3,189,79.5,1,240,2025-12-28,0,0.0,
acct_03194,tenant_012,healthcare,17,12005.91,447,55.8,0,39,2025-12-07,0,0.0,
acct_03195,tenant_013,saas,1,4783.84,261,45.4,0,277,2025-12-07,0,0.0,
acct_03196,tenant_014,healthcare,8,7915.34,346,53.9,1,266,2025-12-27,0,0.0,
acct_03197,tenant_015,saas,3,5594.52,325,39.9,1,83,2025-12-21,0,0.0,
acct_03198,tenant_016,retail,18,14844.5,143,63.9,0,113,2026-01-02,0,0.0,
acct_03199,tenant_017,healthcare,14,62703.53,1091,70.4,0,219,2025-12-16,1,59836.2,2026-01-12
acct_03200,tenant_018,retail,7,1700.17,93,30.2,3,40,2026-01-02,0,0.0,
acct_03201,tenant_019,retail,6,5743.64,527,25.9,2,85,2025-12-19,0,0.0,
acct_03202,tenant_020,saas,2,5576.2,153,44.3,3,139,2026-01-04,1,3865.75,2026-02-21
acct_03203,tenant_021,manufacturing,11,4739.63,452,64.8,0,291,2025-12-27,1,3665.68,2026-03-08
acct_03204,tenant_022,saas,20,10108.72,224,81.8,1,288,2025-12-07,1,11902.63,2026-02-05
acct_03205,tenant_023,saas,6,2417.57,89,26.0,4,8,2025-12-08,0,0.0,
acct_03206,tenant_024,finance,16,30718.41,461,77.6,1,212,2025-12-21,1,39724.83,2026-02-28
acct_03207,tenant_025,manufacturing,7,3467.59,125,65.5,1,95,2025-12-10,1,3861.42,2026-03-17
acct_03208,tenant_026,saas,4,2157.29,173,38.6,1,146,2026-01-03,0,0.0,
acct_03209,tenant_027,saas,4,8004.08,672,57.1,3,193,2025-12-13,1,15039.1,2026-02-11
acct_03210,tenant_028,manufacturing,6,3451.77,99,46.7,0,136,2026-01-02,0,0.0,
acct_03211,tenant_029,healthcare,7,5058.29,681,50.6,0,265,2025-12-28,1,5278.95,2026-02-08
acct_03212,tenant_030,manufacturing,8,3444.55,188,46.2,1,207,2026-01-05,0,0.0,
acct_03213,tenant_031,saas,7,15676.75,336,77.5,1,197,2025-12-17,1,20938.14,2026-02-17
acct_03214,tenant_032,healthcare,11,4550.67,68,47.4,2,32,2026-01-02,0,0.0,
acct_03215,tenant_033,healthcare,7,5329.08,325,47.4,3,212,2025-12-24,0,0.0,
acct_03216,tenant_034,saas,7,4587.7,515,44.6,3,342,2025-12-07,0,0.0,
acct_03217,tenant_035,finance,6,8654.62,171,42.6,1,227,2025-12-26,0,0.0,
acct_03218,tenant_036,retail,10,2840.81,258,48.3,1,61,2026-01-01,0,0.0,
acct_03219,tenant_000,finance,16,31152.2,365,74.2,0,268,2025-12-20,1,25984.82,2026-02-01
acct_03220,tenant_001,saas,15,6633.44,125,60.8,0,144,2026-01-03,1,11193.51,2026-02-12
acct_03221,tenant_002,retail,8,2776.63,169,54.4,1,205,2025-12-15,0,0.0,
acct_03222,tenant_003,retail,8,11584.84,849,40.3,1,339,2026-01-02,0,0.0,
acct_03223,tenant_004,healthcare,9,20895.62,350,67.9,2,186,2025-12-28,0,0.0,
acct_03224,tenant_005,manufacturing,4,6558.16,810,42.2,3,210,2025-12-24,0,0.0,
acct_03225,tenant_006,manufacturing,10,11780.61,430,78.1,0,262,2025-12-31,0,0.0,
acct_03226,tenant_007,finance,2,8792.93,74,36.1,2,111,2025-12-18,0,0.0,
acct_03227,tenant_008,saas,8,28860.24,540,51.2,1,187,2025-12-23,1,24398.7,2026-03-29
acct_03228,tenant_009,healthcare,5,4621.39,289,20.1,3,73,2025-12-11,0,0.0,
acct_03229,tenant_010,saas,1,3488.2,372,34.5,1,182,2025-12-25,0,0.0,
acct_03230,tenant_011,finance,4,2078.35,66,37.4,1,311,2026-01-02,0,0.0,
acct_03231,tenant_012,healthcare,7,11637.81,277,59.0,0,290,2026-01-04,0,0.0,
acct_03232,tenant_013,finance,18,59197.71,464,70.1,0,42,2025-12-30,1,59494.36,2026-01-09
acct_03233,tenant_014,manufacturing,13,8357.39,184,75.0,0,50,2025-12-23,0,0.0,
acct_03234,tenant_015,healthcare,6,10568.85,397,39.8,1,313,2025-12-26,0,0.0,
acct_03235,tenant_016,retail,14,3135.04,186,54.1,1,61,2026-01-05,0,0.0,
acct_03236,tenant_017,retail,20,9443.81,222,93.0,2,296,2025-12-24,0,0.0,
acct_03237,tenant_018,saas,10,5430.01,112,39.1,1,240,2025-12-27,0,0.0,
acct_03238,tenant_019,saas,2,311.95,89,0.0,5,104,2026-01-01,0,0.0,
acct_03239,tenant_020,retail,12,11965.55,236,63.7,0,13,2025-12-27,1,12447.91,2026-03-26
acct_03240,tenant_021,healthcare,4,6767.03,305,46.4,1,15,2025-12-17,1,9942.44,2026-03-10
acct_03241,tenant_022,finance,11,11166.68,561,49.8,1,54,2025-12-31,1,11763.33,2026-02-20
acct_03242,tenant_023,healthcare,7,13240.39,254,56.3,2,327,2025-12-20,0,0.0,
acct_03243,tenant_024,healthcare,4,13137.39,321,31.2,0,261,2025-12-25,0,0.0,
acct_03244,tenant_025,finance,6,13115.71,144,56.5,1,268,2025-12-09,1,24365.37,2026-02-06
acct_03245,tenant_026,saas,4,9225.08,840,38.2,2,278,2025-12-22,0,0.0,
acct_03246,tenant_027,retail,14,19152.18,643,62.3,2,271,2025-12-26,0,0.0,
acct_03247,tenant_028,finance,12,60354.12,383,96.2,0,30,2025-12-14,1,194653.22,2026-01-25
acct_03248,tenant_029,saas,7,11329.09,476,73.5,1,143,2025-12-20,1,21844.65,2026-03-12
acct_03249,tenant_030,manufacturing,9,3201.3,631,51.5,1,256,2025-12-19,0,0.0,
acct_03250,tenant_031,finance,8,2561.45,427,35.2,2,281,2025-12-13,0,0.0,
acct_03251,tenant_032,saas,11,7271.31,138,39.1,2,330,2025-12-18,1,6121.48,2026-03-09
acct_03252,tenant_033,saas,2,3245.74,100,13.9,1,84,2025-12-28,0,0.0,
acct_03253,tenant_034,saas,4,8006.19,209,30.6,5,141,2025-12-13,0,0.0,
acct_03254,tenant_035,manufacturing,11,4160.95,204,47.3,1,233,2026-01-05,0,0.0,
acct_03255,tenant_036,finance,5,3767.72,347,34.9,5,99,2025-12-17,0,0.0,
acct_03256,tenant_000,manufacturing,18,8572.31,229,83.1,1,261,2025-12-18,0,0.0,
acct_03257,tenant_001,healthcare,13,9963.78,284,67.6,0,41,2025-12-21,0,0.0,
acct_03258,tenant_002,retail,22,53932.77,201,91.4,0,114,2025-12-31,0,0.0,
acct_03259,tenant_003,healthcare,9,9875.33,269,29.3,1,298,2025-12-21,0,0.0,
acct_03260,tenant_004,saas,9,4986.71,251,48.1,1,71,2025-12-19,1,9251.52,2026-03-10
acct_03261,tenant_005,healthcare,7,5858.19,443,46.6,0,20,2026-01-05,1,10851.21,2026-03-13
acct_03262,tenant_006,healthcare,3,5009.01,321,22.2,5,63,2025-12-14,0,0.0,
acct_03263,tenant_007,saas,9,16060.69,192,71.9,0,364,2025-12-25,0,0.0,
acct_03264,tenant_008,manufacturing,7,13958.59,281,54.8,1,174,2025-12-28,0,0.0,
acct_03265,tenant_009,retail,4,2300.13,355,34.8,0,363,2025-12-21,0,0.0,
acct_03266,tenant_010,saas,12,12031.69,154,82.2,0,44,2025-12-19,1,10618.01,2026-02-15
acct_03267,tenant_011,healthcare,14,12232.04,242,67.2,0,128,2025-12-22,0,0.0,
acct_03268,tenant_012,finance,7,5763.72,78,71.2,0,307,2026-01-03,1,6610.02,2026-01-20
acct_03269,tenant_013,healthcare,5,18626.29,79,69.6,3,321,2025-12-17,0,0.0,
acct_03270,tenant_014,healthcare,6,10968.53,989,24.6,1,175,2025-12-28,0,0.0,
acct_03271,tenant_015,saas,11,11899.36,205,51.5,0,281,2025-12-25,0,0.0,
acct_03272,tenant_016,healthcare,0,2470.55,334,3.6,2,348,2025-12-12,0,0.0,
acct_03273,tenant_017,healthcare,29,63374.76,391,100.0,0,97,2026-01-01,1,195540.91,2026-01-12
acct_03274,tenant_018,saas,9,17777.92,143,81.0,1,142,2026-01-04,1,16549.94,2026-02-28
acct_03275,tenant_019,healthcare,8,9799.02,612,46.8,1,62,2025-12-29,1,24515.7,2026-02-07
acct_03276,tenant_020,saas,6,6124.2,616,31.3,1,355,2025-12-07,0,0.0,
acct_03277,tenant_021,manufacturing,13,14849.32,274,75.5,1,36,2025-12-19,1,10603.1,2026-03-03
acct_03278,tenant_022,saas,9,5829.51,125,63.6,0,151,2025-12-12,1,9682.37,2026-03-19
acct_03279,tenant_023,retail,6,13293.9,1046,75.2,1,136,2025-12-10,1,13205.17,2026-02-21
acct_03280,tenant_024,manufacturing,13,4349.68,91,45.9,0,205,2025-12-12,0,0.0,
acct_03281,tenant_025,healthcare,3,640.74,279,15.1,1,290,2025-12-16,0,0.0,
acct_03282,tenant_026,finance,1,3920.68,134,0.0,4,47,2025-12-19,0,0.0,
acct_03283,tenant_027,saas,11,8924.28,434,62.2,0,86,2026-01-03,1,8863.25,2026-01-18
acct_03284,tenant_028,saas,14,18704.23,73,82.7,2,310,2025-12-07,1,16897.41,2026-02-04
acct_03285,tenant_029,healthcare,4,7563.17,432,42.7,3,333,2025-12-24,0,0.0,
acct_03286,tenant_030,finance,10,8771.34,72,68.6,2,354,2025-12-13,0,0.0,
acct_03287,tenant_031,healthcare,3,4610.35,404,16.2,2,225,2025-12-30,0,0.0,
acct_03288,tenant_032,saas,10,28595.86,163,67.5,1,358,2025-12-31,0,0.0,
acct_03289,tenant_033,healthcare,16,26852.64,237,74.7,1,30,2025-12-17,0,0.0,
acct_03290,tenant_034,healthcare,10,13645.82,913,45.8,1,26,2025-12-11,0,0.0,
acct_03291,tenant_035,retail,11,13405.18,940,58.7,0,148,2025-12-25,0,0.0,
acct_03292,tenant_036,manufacturing,3,4889.29,634,0.0,3,205,2026-01-04,0,0.0,
acct_03293,tenant_000,saas,10,18015.51,190,54.0,0,295,2026-01-04,1,19027.12,2026-02-28
acct_03294,tenant_001,healthcare,3,3130.8,285,21.7,2,34,2025-12-28,0,0.0,
acct_03295,tenant_002,saas,18,8887.95,87,84.1,0,354,2025-12-20,1,6219.94,2026-03-03
acct_03296,tenant_003,finance,21,34428.71,1044,85.1,1,131,2025-12-17,1,44213.24,2026-03-27
acct_03297,tenant_004,healthcare,10,5479.5,280,38.8,1,43,2025-12-17,0,0.0,
acct_03298,tenant_005,manufacturing,21,22874.48,178,91.6,1,265,2025-12-09,0,0.0,
acct_03299,tenant_006,saas,5,1993.48,340,24.7,3,9,2025-12-24,0,0.0,
acct_03300,tenant_007,manufacturing,6,4749.34,90,54.4,0,114,2025-12-10,1,4448.68,2026-03-13
acct_03301,tenant_008,saas,19,15063.48,281,82.4,2,135,2025-12-07,1,19248.55,2026-02-09
acct_03302,tenant_009,manufacturing,8,9951.33,610,22.2,3,136,2025-12-21,0,0.0,
acct_03303,tenant_010,healthcare,11,11332.09,416,28.1,0,131,2025-12-28,0,0.0,
acct_03304,tenant_011,saas,4,27191.14,1559,45.6,3,320,2025-12-25,0,0.0,
acct_03305,tenant_012,manufacturing,4,8061.94,764,61.5,0,172,2025-12-21,1,12705.89,2026-01-21
acct_03306,tenant_013,manufacturing,6,836.52,412,13.8,1,180,2026-01-02,0,0.0,
acct_03307,tenant_014,saas,13,2496.29,95,69.3,1,262,2025-12-21,1,5140.58,2026-01-30
acct_03308,tenant_015,saas,9,8679.94,169,52.3,0,358,2025-12-31,0,0.0,
acct_03309,tenant_016,manufacturing,6,1758.13,173,20.3,2,77,2025-12-17,0,0.0,
acct_03310,tenant_017,finance,4,3482.33,193,14.4,3,305,2025-12-08,0,0.0,
acct_03311,tenant_018,healthcare,9,5032.55,628,51.6,1,68,2025-12-25,0,0.0,
acct_03312,tenant_019,saas,13,18842.4,703,88.4,2,122,2025-12-12,0,0.0,
acct_03313,tenant_020,retail,15,21984.69,1633,54.7,0,250,2025-12-28,1,16240.64,2026-01-14
acct_03314,tenant_021,saas,12,12269.03,1120,67.2,0,246,2026-01-01,1,7490.97,2026-03-02
acct_03315,tenant_022,saas,14,10079.74,216,72.0,0,263,2025-12-19,0,0.0,
acct_03316,tenant_023,saas,4,28620.68,624,36.2,3,346,2025-12-29,0,0.0,
acct_03317,tenant_024,healthcare,11,20856.72,593,60.8,0,296,2025-12-30,1,27328.28,2026-01-10
acct_03318,tenant_025,saas,5,8716.38,1603,51.4,1,24,2026-01-02,0,0.0,
acct_03319,tenant_026,saas,3,3097.11,161,28.4,2,61,2025-12-31,0,0.0,
acct_03320,tenant_027,retail,11,12037.57,249,75.7,0,248,2025-12-08,0,0.0,
acct_03321,tenant_028,manufacturing,7,3644.38,209,41.6,0,129,2025-12-07,0,0.0,
acct_03322,tenant_029,finance,9,14488.03,165,55.3,1,87,2025-12-13,0,0.0,
acct_03323,tenant_030,finance,2,8537.45,291,6.2,1,88,2025-12-21,0,0.0,
acct_03324,tenant_031,manufacturing,6,7490.67,422,34.7,1,206,2025-12-29,0,0.0,
acct_03325,tenant_032,saas,6,9242.44,262,34.7,0,73,2025-12-18,0,0.0,
acct_03326,tenant_033,healthcare,12,35333.74,363,73.4,0,268,2025-12-07,1,33046.2,2026-03-21
acct_03327,tenant_034,saas,5,7302.47,475,59.0,1,212,2025-12-14,1,2431.93,2026-03-30
acct_03328,tenant_035,saas,9,12041.09,177,64.8,1,137,2025-12-19,1,15421.6,2026-01-28
acct_03329,tenant_036,retail,5,5736.27,128,67.4,0,132,2026-01-01,0,0.0,
acct_03330,tenant_000,healthcare,9,15526.61,736,28.2,3,246,2025-12-29,0,0.0,
acct_03331,tenant_001,retail,8,15251.25,326,45.2,1,88,2025-12-22,1,28779.29,2026-03-01
acct_03332,tenant_002,healthcare,6,2567.85,258,28.2,2,98,2025-12-17,0,0.0,
acct_03333,tenant_003,finance,7,31182.07,439,43.0,1,217,2025-12-15,0,0.0,
acct_03334,tenant_004,finance,6,10642.54,103,41.3,0,116,2025-12-07,1,11097.55,2026-03-30
acct_03335,tenant_005,manufacturing,11,12220.33,876,48.3,2,338,2025-12-23,0,0.0,
acct_03336,tenant_006,saas,10,13260.12,353,66.4,0,348,2025-12-22,1,47381.88,2026-02-12
acct_03337,tenant_007,healthcare,8,8506.37,883,17.0,3,312,2025-12-21,0,0.0,
acct_03338,tenant_008,saas,5,2685.12,166,14.5,1,235,2025-12-15,0,0.0,
acct_03339,tenant_009,saas,13,17711.66,337,75.3,0,255,2025-12-30,1,15778.11,2026-03-14
acct_03340,tenant_010,saas,10,1736.84,89,15.9,3,189,2025-12-14,0,0.0,
acct_03341,tenant_011,finance,11,6721.36,98,81.4,0,317,2025-12-24,1,9940.81,2026-01-06
acct_03342,tenant_012,manufacturing,11,8738.2,207,71.6,2,137,2025-12-23,1,10653.48,2026-02-16
acct_03343,tenant_013,retail,9,2175.02,111,38.7,1,29,2025-12-10,0,0.0,
acct_03344,tenant_014,manufacturing,8,15023.32,390,64.5,0,231,2025-12-21,1,15712.96,2026-03-01
acct_03345,tenant_015,healthcare,6,1758.96,161,56.1,2,164,2025-12-18,0,0.0,
acct_03346,tenant_016,manufacturing,4,2947.61,176,39.8,6,187,2025-12-18,0,0.0,
acct_03347,tenant_017,saas,4,3578.21,359,39.1,3,307,2025-12-13,0,0.0,
acct_03348,tenant_018,manufacturing,13,3608.24,308,41.9,4,186,2025-12-10,0,0.0,
acct_03349,tenant_019,finance,6,3358.07,178,19.1,2,166,2025-12-07,0,0.0,
acct_03350,tenant_020,retail,15,8948.2,259,71.4,1,234,2025-12-10,0,0.0,
acct_03351,tenant_021,manufacturing,5,2907.34,357,24.5,0,52,2025-12-25,0,0.0,
acct_03352,tenant_022,saas,11,13071.27,261,69.6,1,337,2025-12-14,0,0.0,
acct_03353,tenant_023,saas,19,44344.78,801,83.9,2,341,2025-12-15,1,27368.71,2026-01-09
acct_03354,tenant_024,saas,2,3360.28,130,2.8,0,209,2025-12-17,0,0.0,
acct_03355,tenant_025,retail,9,4621.76,258,56.9,1,115,2025-12-16,0,0.0,
acct_03356,tenant_026,saas,5,9167.99,133,38.4,1,163,2025-12-30,0,0.0,
acct_03357,tenant_027,healthcare,11,8242.76,435,76.1,1,340,2025-12-15,0,0.0,
acct_03358,tenant_028,healthcare,5,13162.18,224,49.7,1,279,2026-01-02,0,0.0,
acct_03359,tenant_029,retail,8,5512.19,272,61.3,0,159,2026-01-05,1,4777.23,2026-02-02
acct_03360,tenant_030,manufacturing,10,3041.22,336,59.6,1,324,2025-12-27,0,0.0,
acct_03361,tenant_031,retail,5,680.32,202,27.5,1,158,2025-12-13,0,0.0,
acct_03362,tenant_032,healthcare,9,5807.54,301,52.2,0,119,2025-12-09,1,15769.93,2026-02-25
acct_03363,tenant_033,manufacturing,4,1680.05,146,16.9,1,151,2025-12-15,0,0.0,
acct_03364,tenant_034,saas,13,4416.73,268,58.1,1,68,2025-12-27,0,0.0,
acct_03365,tenant_035,healthcare,11,15235.23,357,73.0,1,139,2025-12-31,1,13037.27,2026-01-13
acct_03366,tenant_036,manufacturing,4,2699.46,118,44.7,0,119,2025-12-14,1,1937.26,2026-02-23
acct_03367,tenant_000,saas,7,4280.94,125,26.3,0,266,2025-12-22,0,0.0,
acct_03368,tenant_001,saas,15,15888.68,528,70.1,0,289,2025-12-07,1,34533.46,2026-02-06
acct_03369,tenant_002,retail,6,2134.83,139,38.9,3,184,2025-12-11,0,0.0,
acct_03370,tenant_003,saas,10,4354.54,249,45.3,2,68,2025-12-12,1,4089.77,2026-01-06
acct_03371,tenant_004,healthcare,5,2578.16,259,52.9,1,204,2026-01-05,0,0.0,
acct_03372,tenant_005,retail,4,4600.67,129,43.3,0,72,2025-12-21,1,3701.95,2026-02-19
acct_03373,tenant_006,manufacturing,7,6873.59,140,48.1,2,115,2025-12-24,0,0.0,
acct_03374,tenant_007,saas,12,12307.24,844,66.6,0,283,2026-01-03,1,7891.72,2026-01-19
acct_03375,tenant_008,finance,0,3662.07,347,14.7,1,134,2026-01-01,0,0.0,
acct_03376,tenant_009,saas,11,16622.71,102,55.5,2,172,2025-12-30,1,19504.66,2026-02-14
acct_03377,tenant_010,retail,14,4014.86,545,46.2,2,76,2025-12-14,0,0.0,
acct_03378,tenant_011,saas,11,3614.39,99,43.9,4,242,2025-12-29,0,0.0,
acct_03379,tenant_012,saas,1,1187.78,322,0.0,7,27,2025-12-10,0,0.0,
acct_03380,tenant_013,manufacturing,7,8106.03,290,61.6,1,49,2025-12-12,1,13806.0,2026-01-07
acct_03381,tenant_014,healthcare,5,1929.56,235,33.6,1,251,2025-12-12,0,0.0,
acct_03382,tenant_015,finance,10,14163.26,1361,57.4,1,290,2025-12-20,0,0.0,
acct_03383,tenant_016,saas,12,13627.62,177,56.8,1,251,2025-12-11,0,0.0,
acct_03384,tenant_017,manufacturing,8,8015.52,189,52.1,0,15,2025-12-08,1,9899.51,2026-03-23
acct_03385,tenant_018,finance,1,10043.82,454,34.4,3,316,2025-12-15,0,0.0,
acct_03386,tenant_019,healthcare,3,6185.33,508,19.4,1,47,2025-12-08,0,0.0,
acct_03387,tenant_020,saas,6,3132.5,75,37.3,2,217,2025-12-15,0,0.0,
acct_03388,tenant_021,retail,15,4210.98,342,62.5,2,156,2025-12-29,1,4879.75,2026-01-23
acct_03389,tenant_022,saas,14,34852.63,947,67.1,0,234,2026-01-02,0,0.0,
acct_03390,tenant_023,manufacturing,2,988.79,67,58.5,2,35,2025-12-12,0,0.0,
acct_03391,tenant_024,saas,5,28002.06,775,46.3,2,232,2025-12-21,1,57799.57,2026-01-07
acct_03392,tenant_025,retail,10,2719.18,337,34.4,4,178,2025-12-29,0,0.0,
acct_03393,tenant_026,manufacturing,13,4314.64,211,35.8,2,93,2026-01-04,0,0.0,
acct_03394,tenant_027,saas,4,6485.3,632,29.0,1,238,2025-12-08,0,0.0,
acct_03395,tenant_028,finance,1,4124.43,288,35.6,2,159,2026-01-05,0,0.0,
acct_03396,tenant_029,saas,13,8913.81,489,59.5,1,342,2025-12-23,0,0.0,
acct_03397,tenant_030,healthcare,6,4550.52,134,44.7,1,49,2025-12-13,0,0.0,
acct_03398,tenant_031,saas,2,2507.98,227,6.3,0,126,2025-12-31,0,0.0,
acct_03399,tenant_032,retail,3,1896.27,623,12.8,3,273,2025-12-22,0,0.0,
acct_03400,tenant_033,finance,3,20572.43,575,43.6,1,235,2025-12-31,0,0.0,
acct_03401,tenant_034,retail,8,4761.81,1164,23.1,3,128,2025-12-26,0,0.0,
acct_03402,tenant_035,healthcare,15,8716.45,175,95.7,0,7,2025-12-30,0,0.0,
acct_03403,tenant_036,healthcare,15,21782.87,176,75.4,0,294,2025-12-27,1,20064.59,2026-01-13
acct_03404,tenant_000,manufacturing,7,3526.27,205,29.4,2,117,2025-12-24,0,0.0,
acct_03405,tenant_001,retail,19,8165.68,74,68.2,0,319,2025-12-15,0,0.0,
acct_03406,tenant_002,manufacturing,9,4897.85,156,42.5,1,320,2025-12-17,0,0.0,
acct_03407,tenant_003,saas,6,10007.35,511,61.1,0,274,2025-12-23,1,7720.15,2026-03-07
acct_03408,tenant_004,saas,11,12355.28,98,70.6,3,184,2025-12-14,0,0.0,
acct_03409,tenant_005,saas,8,5702.71,111,40.8,3,279,2025-12-08,0,0.0,
acct_03410,tenant_006,manufacturing,20,48345.57,236,87.1,0,116,2025-12-24,1,66274.07,2026-03-06
acct_03411,tenant_007,healthcare,1,5627.85,240,39.2,2,211,2025-12-17,0,0.0,
acct_03412,tenant_008,manufacturing,15,16681.35,121,96.8,0,316,2026-01-02,0,0.0,
acct_03413,tenant_009,saas,20,5278.87,239,74.0,0,192,2025-12-26,1,4774.73,2026-02-22
acct_03414,tenant_010,healthcare,8,14888.74,293,39.8,1,238,2025-12-26,0,0.0,
acct_03415,tenant_011,saas,5,3582.97,184,20.2,3,320,2026-01-04,0,0.0,
acct_03416,tenant_012,finance,4,7486.71,421,8.6,1,22,2025-12-24,0,0.0,
acct_03417,tenant_013,retail,9,2161.87,201,51.2,1,15,2025-12-28,0,0.0,
acct_03418,tenant_014,saas,6,48799.32,2000,69.3,1,86,2025-12-23,0,0.0,
acct_03419,tenant_015,healthcare,6,7834.29,2000,42.8,1,250,2025-12-21,0,0.0,
acct_03420,tenant_016,healthcare,2,2300.23,215,18.1,1,153,2025-12-16,0,0.0,
acct_03421,tenant_017,retail,4,3394.89,806,41.0,0,221,2025-12-07,0,0.0,
acct_03422,tenant_018,finance,7,8689.09,101,55.5,1,326,2025-12-26,0,0.0,
acct_03423,tenant_019,healthcare,8,4927.39,285,48.1,0,266,2025-12-29,0,0.0,
acct_03424,tenant_020,finance,1,7172.88,565,35.6,2,46,2025-12-25,0,0.0,
acct_03425,tenant_021,finance,4,9248.33,131,57.5,1,363,2025-12-23,0,0.0,
acct_03426,tenant_022,retail,4,1186.11,191,24.4,2,27,2025-12-13,0,0.0,
acct_03427,tenant_023,saas,3,3034.39,373,14.0,0,364,2025-12-09,0,0.0,
acct_03428,tenant_024,healthcare,13,55985.57,2000,66.7,1,274,2025-12-19,1,76110.06,2026-02-12
acct_03429,tenant_025,manufacturing,4,2486.51,629,11.5,5,166,2025-12-24,0,0.0,
acct_03430,tenant_026,retail,10,1441.69,95,50.8,0,134,2025-12-27,0,0.0,
acct_03431,tenant_027,saas,5,4459.74,170,37.9,1,287,2025-12-21,0,0.0,
acct_03432,tenant_028,retail,5,22506.55,575,60.3,1,198,2025-12-23,0,0.0,
acct_03433,tenant_029,retail,8,2184.42,276,52.2,0,181,2025-12-12,1,3982.66,2026-01-28
acct_03434,tenant_030,saas,3,1993.43,107,0.0,4,153,2025-12-19,0,0.0,
acct_03435,tenant_031,manufacturing,8,6289.86,345,38.5,1,299,2025-12-21,0,0.0,
acct_03436,tenant_032,retail,10,3001.99,111,43.9,1,175,2025-12-18,0,0.0,
acct_03437,tenant_033,manufacturing,22,14108.23,586,100.0,0,68,2025-12-26,1,19830.55,2026-02-18
acct_03438,tenant_034,saas,1,4870.86,624,29.4,1,62,2025-12-21,0,0.0,
acct_03439,tenant_035,saas,9,11184.75,632,75.7,1,25,2025-12-18,1,11321.65,2026-03-23
acct_03440,tenant_036,saas,10,6251.23,184,30.9,3,211,2025-12-24,0,0.0,
acct_03441,tenant_000,saas,3,4889.98,557,14.7,0,39,2025-12-12,0,0.0,
acct_03442,tenant_001,retail,9,4680.0,164,47.8,1,136,2025-12-14,0,0.0,
acct_03443,tenant_002,saas,11,18609.8,1838,57.1,3,10,2025-12-29,1,25128.41,2026-04-01
acct_03444,tenant_003,healthcare,9,3229.88,166,46.4,0,203,2025-12-23,0,0.0,
acct_03445,tenant_004,finance,14,3596.13,82,59.3,0,78,2025-12-23,1,2754.65,2026-01-30
acct_03446,tenant_005,manufacturing,10,4958.36,236,62.1,1,174,2025-12-19,0,0.0,
acct_03447,tenant_006,manufacturing,6,29514.02,1904,77.0,0,355,2025-12-16,1,28591.38,2026-02-02
acct_03448,tenant_007,retail,16,2488.71,351,73.3,0,56,2025-12-12,1,2282.68,2026-01-12
acct_03449,tenant_008,manufacturing,0,1789.08,260,1.6,2,359,2025-12-25,0,0.0,
acct_03450,tenant_009,healthcare,19,8999.23,105,94.2,0,290,2025-12-31,1,15882.76,2026-01-31
acct_03451,tenant_010,manufacturing,6,15880.0,576,65.0,1,251,2025-12-21,0,0.0,
acct_03452,tenant_011,finance,11,18022.9,293,50.7,1,81,2025-12-19,1,27577.49,2026-02-18
acct_03453,tenant_012,manufacturing,17,60767.91,721,87.7,1,290,2025-12-15,1,163669.18,2026-02-27
acct_03454,tenant_013,healthcare,10,45200.46,347,72.6,0,109,2025-12-15,1,58069.91,2026-02-20
acct_03455,tenant_014,saas,4,8405.0,592,32.2,1,358,2025-12-28,0,0.0,
acct_03456,tenant_015,manufacturing,15,41022.03,879,79.1,0,332,2025-12-16,1,44493.63,2026-03-21
acct_03457,tenant_016,manufacturing,5,3429.99,180,47.2,1,297,2025-12-17,0,0.0,
acct_03458,tenant_017,healthcare,2,6329.51,369,43.8,1,328,2025-12-23,0,0.0,
acct_03459,tenant_018,finance,10,32670.55,1669,83.2,0,221,2026-01-02,1,70041.39,2026-01-06
acct_03460,tenant_019,saas,10,3192.85,342,32.9,1,21,2026-01-01,0,0.0,
acct_03461,tenant_020,healthcare,5,11038.34,274,36.3,2,65,2025-12-20,0,0.0,
acct_03462,tenant_021,finance,12,15477.75,266,48.2,0,343,2025-12-10,1,37552.82,2026-01-21
acct_03463,tenant_022,saas,9,4757.34,312,52.6,2,290,2025-12-09,0,0.0,
acct_03464,tenant_023,saas,17,28911.48,733,77.2,1,119,2025-12-31,1,96190.24,2026-01-21
acct_03465,tenant_024,retail,19,20627.49,432,100.0,0,40,2025-12-10,1,42159.27,2026-03-18
acct_03466,tenant_025,manufacturing,5,6969.54,1581,57.7,1,186,2025-12-27,0,0.0,
acct_03467,tenant_026,finance,9,34100.22,910,54.8,0,125,2026-01-05,1,33874.79,2026-02-14
acct_03468,tenant_027,manufacturing,7,2622.63,104,46.2,3,23,2025-12-19,0,0.0,
acct_03469,tenant_028,manufacturing,6,1729.93,608,47.1,0,148,2025-12-28,1,1055.15,2026-04-03
acct_03470,tenant_029,healthcare,20,23768.14,275,86.3,0,201,2025-12-15,1,25075.73,2026-03-03
acct_03471,tenant_030,retail,7,2284.32,160,73.8,2,236,2025-12-11,0,0.0,
acct_03472,tenant_031,saas,6,2110.46,168,9.5,1,209,2025-12-11,0,0.0,
acct_03473,tenant_032,manufacturing,6,3480.82,261,52.3,1,13,2026-01-01,0,0.0,
acct_03474,tenant_033,finance,7,9281.2,536,42.4,3,96,2025-12-11,0,0.0,
acct_03475,tenant_034,retail,6,4984.32,326,38.9,0,323,2025-12-22,0,0.0,
acct_03476,tenant_035,manufacturing,24,9116.71,247,82.3,1,347,2025-12-17,0,0.0,
acct_03477,tenant_036,retail,15,6295.79,208,81.3,0,274,2026-01-03,0,0.0,
acct_03478,tenant_000,saas,13,30023.74,292,81.4,0,76,2025-12-14,1,18999.6,2026-03-15
acct_03479,tenant_001,retail,15,6686.06,184,66.4,1,209,2025-12-21,0,0.0,
acct_03480,tenant_002,retail,5,1780.52,407,16.8,2,256,2025-12-18,0,0.0,
acct_03481,tenant_003,saas,3,7731.03,1659,12.4,4,263,2025-12-20,0,0.0,
acct_03482,tenant_004,finance,9,9059.35,146,68.0,0,363,2026-01-01,0,0.0,
acct_03483,tenant_005,saas,4,1252.39,232,20.2,1,210,2025-12-18,0,0.0,
acct_03484,tenant_006,retail,7,1399.86,517,24.4,0,341,2026-01-04,0,0.0,
acct_03485,tenant_007,healthcare,4,2306.57,370,3.9,2,210,2025-12-14,0,0.0,
acct_03486,tenant_008,saas,5,2447.73,628,17.3,2,236,2025-12-17,0,0.0,
acct_03487,tenant_009,finance,27,38802.65,831,70.3,2,276,2025-12-12,1,36401.18,2026-03-21
acct_03488,tenant_010,healthcare,14,22675.27,131,72.7,1,187,2026-01-05,0,0.0,
acct_03489,tenant_011,finance,5,3902.33,433,24.9,5,147,2025-12-24,0,0.0,
acct_03490,tenant_012,healthcare,25,29037.01,480,94.7,0,254,2026-01-05,1,30038.92,2026-02-12
acct_03491,tenant_013,saas,7,4919.02,201,37.7,1,224,2026-01-01,0,0.0,
acct_03492,tenant_014,healthcare,5,885.1,214,17.8,3,103,2026-01-03,0,0.0,
acct_03493,tenant_015,finance,13,34703.18,238,98.6,1,69,2025-12-29,1,40254.5,2026-01-26
acct_03494,tenant_016,finance,5,38497.99,2000,20.2,0,190,2025-12-22,0,0.0,
acct_03495,tenant_017,healthcare,15,8917.02,79,62.8,0,218,2025-12-07,0,0.0,
acct_03496,tenant_018,saas,7,12069.6,469,70.9,1,224,2025-12-25,1,5928.95,2026-01-07
acct_03497,tenant_019,manufacturing,11,6457.46,283,55.0,1,51,2025-12-22,0,0.0,
acct_03498,tenant_020,retail,4,5770.6,864,23.9,1,175,2025-12-19,0,0.0,
acct_03499,tenant_021,healthcare,13,9366.12,268,63.9,0,279,2025-12-29,0,0.0,
acct_03500,tenant_022,saas,6,5146.48,475,30.4,1,261,2025-12-28,1,5618.18,2026-01-23
acct_03501,tenant_023,manufacturing,5,4687.82,564,30.4,1,271,2026-01-03,0,0.0,
acct_03502,tenant_024,finance,3,10188.43,1255,46.5,1,32,2025-12-07,1,6205.48,2026-02-14
acct_03503,tenant_025,saas,13,32218.11,578,63.9,0,206,2025-12-19,1,54803.06,2026-01-26
acct_03504,tenant_026,finance,3,1247.01,379,10.3,4,288,2025-12-26,0,0.0,
acct_03505,tenant_027,retail,18,3693.46,248,77.1,0,126,2025-12-10,1,4176.52,2026-01-07
acct_03506,tenant_028,retail,4,5289.6,539,21.0,5,176,2025-12-30,0,0.0,
acct_03507,tenant_029,manufacturing,9,10440.44,172,58.8,2,196,2025-12-12,0,0.0,
acct_03508,tenant_030,saas,16,32015.04,241,84.7,0,51,2025-12-10,1,27401.1,2026-01-12
acct_03509,tenant_031,finance,5,6326.97,314,47.0,1,177,2025-12-12,0,0.0,
acct_03510,tenant_032,finance,16,13643.8,270,81.0,1,147,2025-12-25,0,0.0,
acct_03511,tenant_033,retail,3,1841.5,296,23.3,0,163,2025-12-15,0,0.0,
acct_03512,tenant_034,healthcare,8,3079.35,58,17.0,5,207,2025-12-22,0,0.0,
acct_03513,tenant_035,retail,3,3851.65,517,5.2,2,46,2025-12-18,0,0.0,
acct_03514,tenant_036,saas,24,73331.1,1232,99.4,2,279,2025-12-27,1,31692.0,2026-02-13
acct_03515,tenant_000,healthcare,6,9837.0,422,67.9,0,253,2026-01-03,1,19607.53,2026-03-03
acct_03516,tenant_001,saas,13,8039.95,664,42.0,3,248,2026-01-05,0,0.0,
acct_03517,tenant_002,manufacturing,11,17267.88,292,60.9,1,265,2026-01-04,0,0.0,
acct_03518,tenant_003,saas,9,7300.62,364,47.3,0,12,2025-12-16,1,5423.9,2026-02-20
acct_03519,tenant_004,healthcare,5,3782.38,417,32.6,1,289,2025-12-22,0,0.0,
acct_03520,tenant_005,retail,10,22174.11,1011,90.6,2,186,2025-12-31,1,9981.32,2026-01-24
acct_03521,tenant_006,finance,2,10752.98,406,16.7,1,117,2025-12-17,0,0.0,
acct_03522,tenant_007,manufacturing,10,3535.39,246,57.9,2,236,2025-12-24,1,2778.35,2026-01-19
acct_03523,tenant_008,healthcare,4,5239.94,521,26.0,1,225,2025-12-30,0,0.0,
acct_03524,tenant_009,saas,5,4284.54,191,40.0,2,196,2025-12-11,0,0.0,
acct_03525,tenant_010,finance,17,14559.52,256,75.8,1,185,2025-12-07,1,28856.91,2026-03-22
acct_03526,tenant_011,saas,5,5898.29,146,11.2,3,318,2026-01-03,0,0.0,
acct_03527,tenant_012,manufacturing,1,699.58,189,0.0,3,276,2025-12-24,0,0.0,
acct_03528,tenant_013,manufacturing,7,11627.87,481,44.8,0,64,2025-12-21,0,0.0,
acct_03529,tenant_014,retail,4,5115.02,349,43.7,1,105,2025-12-24,0,0.0,
acct_03530,tenant_015,manufacturing,6,8616.99,161,34.4,1,118,2025-12-08,0,0.0,
acct_03531,tenant_016,finance,4,15548.53,784,31.2,3,273,2025-12-09,0,0.0,
acct_03532,tenant_017,saas,26,13806.94,135,80.9,0,341,2026-01-04,1,10042.05,2026-03-25
acct_03533,tenant_018,saas,7,13018.21,567,55.7,2,340,2025-12-21,0,0.0,
acct_03534,tenant_019,healthcare,12,20120.97,116,67.5,0,164,2025-12-15,0,0.0,
acct_03535,tenant_020,saas,5,6361.18,169,18.1,2,124,2025-12-24,0,0.0,
acct_03536,tenant_021,saas,12,11499.11,873,34.7,1,213,2025-12-18,0,0.0,
acct_03537,tenant_022,manufacturing,5,2375.95,652,42.6,1,30,2025-12-19,0,0.0,
acct_03538,tenant_023,healthcare,8,9493.26,84,36.1,1,112,2025-12-20,1,21873.43,2026-02-01
acct_03539,tenant_024,saas,6,4164.62,572,20.6,1,149,2025-12-15,0,0.0,
acct_03540,tenant_025,healthcare,10,4645.07,161,39.3,1,29,2025-12-09,0,0.0,
acct_03541,tenant_026,manufacturing,10,6240.34,373,50.2,0,99,2025-12-11,0,0.0,
acct_03542,tenant_027,manufacturing,9,1463.59,339,16.8,2,158,2025-12-20,0,0.0,
acct_03543,tenant_028,saas,4,2053.22,173,43.2,0,340,2025-12-07,0,0.0,
acct_03544,tenant_029,finance,10,5612.15,790,38.8,3,73,2025-12-29,0,0.0,
acct_03545,tenant_030,healthcare,15,13426.24,114,46.5,1,39,2025-12-22,0,0.0,
acct_03546,tenant_031,finance,3,10427.84,194,41.6,1,245,2025-12-11,1,20053.6,2026-02-21
acct_03547,tenant_032,manufacturing,7,3841.92,206,51.0,1,240,2025-12-12,0,0.0,
acct_03548,tenant_033,finance,21,48340.09,618,90.4,0,36,2025-12-29,1,121001.4,2026-01-06
acct_03549,tenant_034,manufacturing,13,16479.88,417,58.5,0,114,2025-12-30,1,12978.94,2026-03-29
acct_03550,tenant_035,retail,9,4701.34,560,41.6,1,24,2025-12-16,0,0.0,
acct_03551,tenant_036,healthcare,7,13659.11,498,55.0,1,241,2025-12-14,0,0.0,
acct_03552,tenant_000,healthcare,11,9931.84,181,78.6,0,8,2026-01-03,0,0.0,
acct_03553,tenant_001,manufacturing,11,5274.68,152,30.0,1,123,2026-01-05,0,0.0,
acct_03554,tenant_002,retail,1,755.92,232,30.4,1,210,2025-12-15,0,0.0,
acct_03555,tenant_003,saas,5,7918.38,2000,52.4,2,135,2025-12-19,1,11098.26,2026-02-08
acct_03556,tenant_004,healthcare,7,5006.72,448,36.3,0,209,2025-12-12,0,0.0,
acct_03557,tenant_005,retail,4,1858.6,259,46.0,1,222,2025-12-28,0,0.0,
acct_03558,tenant_006,saas,3,5596.62,1152,17.3,3,219,2026-01-03,0,0.0,
acct_03559,tenant_007,healthcare,3,9020.06,803,45.4,1,271,2025-12-10,0,0.0,
acct_03560,tenant_008,manufacturing,11,12001.43,841,47.9,1,158,2025-12-13,0,0.0,
acct_03561,tenant_009,manufacturing,6,7192.91,562,37.4,2,307,2025-12-27,0,0.0,
acct_03562,tenant_010,saas,8,5285.5,259,19.1,3,52,2025-12-11,0,0.0,
acct_03563,tenant_011,retail,14,3043.19,107,50.4,1,246,2025-12-07,0,0.0,
acct_03564,tenant_012,finance,9,3712.63,61,36.9,0,311,2025-12-20,0,0.0,
acct_03565,tenant_013,healthcare,6,14908.34,364,55.7,2,56,2025-12-08,1,12434.95,2026-03-26
acct_03566,tenant_014,healthcare,12,10307.57,287,69.3,0,320,2026-01-04,1,6799.88,2026-02-08
acct_03567,tenant_015,finance,8,19618.91,363,62.4,0,124,2025-12-21,1,35274.32,2026-02-15
acct_03568,tenant_016,retail,15,9925.95,181,54.3,1,154,2025-12-31,0,0.0,
acct_03569,tenant_017,healthcare,9,25409.14,715,53.2,2,76,2025-12-09,0,0.0,
acct_03570,tenant_018,finance,14,7600.45,141,59.3,0,128,2025-12-17,1,4488.4,2026-02-24
acct_03571,tenant_019,healthcare,8,9807.85,207,35.3,3,254,2025-12-25,0,0.0,
acct_03572,tenant_020,finance,5,17576.57,1724,18.8,3,250,2025-12-08,0,0.0,
acct_03573,tenant_021,healthcare,20,12609.87,177,81.6,1,210,2025-12-24,1,10138.03,2026-02-05
acct_03574,tenant_022,finance,5,7795.96,386,45.9,2,245,2025-12-15,0,0.0,
acct_03575,tenant_023,manufacturing,8,2987.31,115,29.5,3,191,2025-12-29,0,0.0,
acct_03576,tenant_024,retail,4,4097.04,204,17.0,0,278,2025-12-20,0,0.0,
acct_03577,tenant_025,finance,5,11777.32,298,45.0,2,163,2025-12-26,0,0.0,
acct_03578,tenant_026,finance,14,23825.54,714,82.8,0,87,2025-12-08,1,14126.83,2026-01-20
acct_03579,tenant_027,saas,11,34515.52,715,72.6,1,248,2026-01-02,0,0.0,
acct_03580,tenant_028,finance,9,12723.59,457,51.4,1,359,2025-12-17,1,23978.69,2026-03-08
acct_03581,tenant_029,retail,19,2656.98,167,68.3,0,45,2025-12-14,1,4188.1,2026-01-31
acct_03582,tenant_030,manufacturing,9,11466.01,990,36.3,2,119,2025-12-27,0,0.0,
acct_03583,tenant_031,manufacturing,13,10207.57,1642,65.3,0,91,2025-12-18,1,8934.01,2026-01-10
acct_03584,tenant_032,manufacturing,30,39687.26,984,88.7,1,195,2026-01-05,0,0.0,
acct_03585,tenant_033,healthcare,9,20781.95,274,72.8,1,11,2026-01-01,0,0.0,
acct_03586,tenant_034,finance,6,10247.51,279,59.8,1,147,2025-12-28,1,12949.67,2026-03-03
acct_03587,tenant_035,manufacturing,9,6150.67,285,15.2,2,218,2025-12-13,0,0.0,
acct_03588,tenant_036,finance,18,30374.9,278,100.0,2,9,2026-01-03,1,32308.53,2026-01-06
acct_03589,tenant_000,healthcare,5,1904.83,123,17.6,4,348,2025-12-25,0,0.0,
acct_03590,tenant_001,finance,15,41778.23,290,83.5,1,26,2025-12-21,1,89398.97,2026-01-16
acct_03591,tenant_002,retail,6,2785.62,435,23.6,1,360,2026-01-05,0,0.0,
acct_03592,tenant_003,manufacturing,3,5492.3,149,36.0,2,88,2025-12-23,1,18772.91,2026-03-15
acct_03593,tenant_004,manufacturing,5,8865.53,372,47.2,1,51,2025-12-25,0,0.0,
acct_03594,tenant_005,saas,11,8340.25,218,60.9,1,102,2026-01-02,1,6248.01,2026-02-05
acct_03595,tenant_006,retail,6,3953.59,257,60.0,2,32,2025-12-29,0,0.0,
acct_03596,tenant_007,manufacturing,7,2800.39,219,44.7,0,61,2025-12-15,0,0.0,
acct_03597,tenant_008,retail,18,10153.37,451,80.4,1,39,2025-12-10,1,18115.18,2026-03-10
acct_03598,tenant_009,saas,30,18888.04,180,100.0,0,124,2025-12-24,1,14443.07,2026-03-12
acct_03599,tenant_010,retail,2,2917.88,95,24.1,4,256,2025-12-27,0,0.0,
acct_03600,tenant_011,healthcare,11,15986.34,741,64.2,1,230,2025-12-13,1,40271.18,2026-03-30
acct_03601,tenant_012,saas,4,3622.99,268,34.8,4,288,2025-12-18,0,0.0,
acct_03602,tenant_013,saas,1,2317.72,256,21.2,1,75,2026-01-05,0,0.0,
acct_03603,tenant_014,finance,9,5987.33,136,45.6,2,22,2026-01-03,0,0.0,
acct_03604,tenant_015,manufacturing,4,3907.13,239,25.4,3,307,2025-12-21,0,0.0,
acct_03605,tenant_016,retail,4,2489.58,246,25.1,1,149,2025-12-09,0,0.0,
acct_03606,tenant_017,manufacturing,3,1750.9,395,26.2,2,131,2025-12-24,0,0.0,
acct_03607,tenant_018,saas,1,9356.85,166,34.8,2,116,2025-12-24,1,5803.39,2026-01-14
acct_03608,tenant_019,saas,14,5498.45,167,93.7,0,361,2026-01-02,1,3012.24,2026-03-17
acct_03609,tenant_020,saas,15,10144.85,206,49.4,2,242,2025-12-29,0,0.0,
acct_03610,tenant_021,saas,6,1701.12,55,34.3,1,142,2025-12-15,0,0.0,
acct_03611,tenant_022,manufacturing,6,3694.5,194,33.8,6,355,2026-01-03,0,0.0,
acct_03612,tenant_023,retail,13,6144.62,206,67.4,0,159,2025-12-19,0,0.0,
acct_03613,tenant_024,retail,5,3191.57,164,25.9,1,276,2025-12-23,0,0.0,
acct_03614,tenant_025,healthcare,7,5307.75,137,45.9,3,43,2026-01-03,0,0.0,
acct_03615,tenant_026,saas,14,9516.93,147,74.9,0,82,2025-12-17,1,32839.25,2026-02-24
acct_03616,tenant_027,saas,12,29953.96,224,76.6,1,77,2025-12-10,1,56524.62,2026-03-09
acct_03617,tenant_028,saas,18,23361.71,752,77.4,0,285,2025-12-14,1,29011.64,2026-02-13
acct_03618,tenant_029,manufacturing,6,7394.47,314,47.3,2,234,2025-12-30,0,0.0,
acct_03619,tenant_030,finance,6,1087.47,141,25.8,2,91,2026-01-01,1,1592.35,2026-01-16
acct_03620,tenant_031,manufacturing,4,4065.42,162,51.9,4,236,2025-12-30,0,0.0,
acct_03621,tenant_032,manufacturing,18,3893.41,217,98.0,0,205,2026-01-04,1,4503.29,2026-03-02
acct_03622,tenant_033,retail,12,10674.37,173,77.8,1,180,2025-12-16,0,0.0,
acct_03623,tenant_034,manufacturing,24,30298.05,385,100.0,0,98,2025-12-25,1,63484.81,2026-03-06
acct_03624,tenant_035,manufacturing,10,4207.26,916,39.2,0,133,2025-12-08,0,0.0,
acct_03625,tenant_036,finance,14,10279.0,38,80.0,1,60,2025-12-30,0,0.0,
acct_03626,tenant_000,saas,3,4685.17,359,42.1,0,196,2026-01-03,1,1590.46,2026-03-03
acct_03627,tenant_001,saas,3,6365.37,460,29.1,4,142,2025-12-19,0,0.0,
acct_03628,tenant_002,finance,5,7763.5,350,31.0,2,268,2025-12-27,0,0.0,
acct_03629,tenant_003,healthcare,10,11991.72,192,94.9,2,24,2025-12-24,1,23895.96,2026-02-15
acct_03630,tenant_004,manufacturing,6,5123.46,288,64.2,0,220,2025-12-22,0,0.0,
acct_03631,tenant_005,healthcare,31,97032.42,436,98.7,0,245,2025-12-17,1,201766.86,2026-02-22
acct_03632,tenant_006,manufacturing,5,2645.39,480,46.5,0,129,2026-01-04,0,0.0,
acct_03633,tenant_007,saas,12,43516.93,1572,73.6,1,9,2025-12-22,1,68642.11,2026-02-03
acct_03634,tenant_008,healthcare,10,27157.34,1611,56.0,1,108,2026-01-01,0,0.0,
acct_03635,tenant_009,finance,11,7132.98,248,44.0,0,57,2025-12-28,0,0.0,
acct_03636,tenant_010,saas,22,5634.39,112,67.2,1,217,2025-12-30,0,0.0,
acct_03637,tenant_011,saas,5,4293.07,539,22.8,0,324,2026-01-01,0,0.0,
acct_03638,tenant_012,finance,6,2172.89,128,27.0,1,290,2025-12-23,0,0.0,
acct_03639,tenant_013,manufacturing,15,15117.17,1050,80.8,0,33,2025-12-25,1,21439.4,2026-02-09
acct_03640,tenant_014,healthcare,5,11811.64,414,56.4,2,169,2025-12-14,0,0.0,
acct_03641,tenant_015,finance,12,37140.04,198,90.2,1,174,2025-12-08,1,46436.64,2026-03-16
acct_03642,tenant_016,manufacturing,4,2371.77,278,4.4,4,230,2025-12-28,0,0.0,
acct_03643,tenant_017,saas,4,1846.5,47,17.8,2,211,2025-12-08,0,0.0,
acct_03644,tenant_018,healthcare,4,5656.93,338,20.7,2,10,2025-12-19,0,0.0,
acct_03645,tenant_019,healthcare,6,1978.83,38,31.4,1,258,2026-01-03,0,0.0,
acct_03646,tenant_020,saas,4,5128.0,93,58.3,1,88,2025-12-12,1,6060.83,2026-01-22
acct_03647,tenant_021,manufacturing,4,4562.24,472,21.5,5,143,2025-12-15,0,0.0,
acct_03648,tenant_022,saas,6,21552.84,424,72.2,3,95,2025-12-20,0,0.0,
acct_03649,tenant_023,saas,4,8919.62,163,72.1,0,273,2026-01-01,0,0.0,
acct_03650,tenant_024,healthcare,7,2173.33,221,19.1,5,152,2025-12-19,0,0.0,
acct_03651,tenant_025,saas,3,1808.17,200,26.3,1,223,2025-12-08,0,0.0,
acct_03652,tenant_026,saas,21,7266.96,132,66.8,2,12,2025-12-15,0,0.0,
acct_03653,tenant_027,healthcare,6,7563.19,595,61.5,2,44,2025-12-19,1,13973.75,2026-03-07
acct_03654,tenant_028,manufacturing,5,6143.69,150,61.3,0,336,2025-12-12,1,22389.99,2026-02-20
acct_03655,tenant_029,saas,6,18408.34,479,30.4,1,159,2025-12-28,1,14575.86,2026-03-24
acct_03656,tenant_030,healthcare,6,20261.86,419,48.1,1,45,2025-12-10,0,0.0,
acct_03657,tenant_031,finance,6,7101.75,254,56.1,0,46,2025-12-26,0,0.0,
acct_03658,tenant_032,manufacturing,7,10164.03,542,51.8,0,334,2025-12-24,1,14379.38,2026-02-14
acct_03659,tenant_033,manufacturing,2,2281.78,239,32.7,1,165,2025-12-10,0,0.0,
acct_03660,tenant_034,retail,13,5983.95,194,71.6,0,32,2026-01-02,1,6256.63,2026-01-21
acct_03661,tenant_035,saas,7,7912.68,222,44.4,0,328,2025-12-12,1,6989.94,2026-01-14
acct_03662,tenant_036,finance,12,13999.89,341,62.7,0,139,2025-12-08,1,21822.12,2026-01-19
acct_03663,tenant_000,manufacturing,4,3449.43,356,26.2,0,261,2025-12-11,0,0.0,
acct_03664,tenant_001,retail,2,5109.76,276,53.4,0,186,2025-12-27,0,0.0,
acct_03665,tenant_002,retail,4,3305.29,146,45.2,3,311,2025-12-19,0,0.0,
acct_03666,tenant_003,saas,15,12772.48,670,73.5,0,297,2025-12-31,1,7281.25,2026-03-29
acct_03667,tenant_004,manufacturing,3,2497.33,331,23.0,3,284,2025-12-17,0,0.0,
acct_03668,tenant_005,healthcare,19,13281.9,288,84.9,1,307,2025-12-14,1,30753.92,2026-02-02
acct_03669,tenant_006,healthcare,15,14328.98,634,49.5,0,312,2025-12-26,0,0.0,
acct_03670,tenant_007,saas,2,1213.28,336,0.0,10,63,2025-12-23,0,0.0,
acct_03671,tenant_008,saas,16,11773.14,561,54.2,1,102,2025-12-21,1,10972.27,2026-03-10
acct_03672,tenant_009,manufacturing,7,3698.8,307,19.7,2,338,2025-12-09,0,0.0,
acct_03673,tenant_010,saas,4,2522.98,509,4.0,3,34,2026-01-05,0,0.0,
acct_03674,tenant_011,saas,11,26961.5,984,34.5,2,131,2025-12-26,0,0.0,
acct_03675,tenant_012,manufacturing,12,2039.57,322,49.2,3,90,2026-01-04,0,0.0,
acct_03676,tenant_013,finance,4,5490.7,135,47.0,1,273,2025-12-14,0,0.0,
acct_03677,tenant_014,manufacturing,14,5945.42,1614,64.6,2,320,2025-12-13,0,0.0,
acct_03678,tenant_015,healthcare,11,18983.09,672,69.2,2,130,2025-12-12,1,14816.62,2026-04-03
acct_03679,tenant_016,finance,11,10705.48,382,67.7,1,136,2026-01-03,0,0.0,
acct_03680,tenant_017,healthcare,8,10224.32,505,36.0,0,223,2026-01-04,0,0.0,
acct_03681,tenant_018,healthcare,10,19765.85,310,54.2,1,44,2025-12-26,0,0.0,
acct_03682,tenant_019,saas,8,9767.49,147,69.3,0,269,2025-12-12,0,0.0,
acct_03683,tenant_020,finance,5,3295.44,290,21.2,0,14,2026-01-04,0,0.0,
acct_03684,tenant_021,saas,4,3421.94,416,26.3,1,194,2025-12-28,0,0.0,
acct_03685,tenant_022,manufacturing,4,2333.63,1885,0.0,8,322,2025-12-13,0,0.0,
acct_03686,tenant_023,saas,6,5023.85,953,1.5,5,290,2025-12-19,0,0.0,
acct_03687,tenant_024,saas,8,7014.47,442,56.4,2,336,2025-12-29,0,0.0,
acct_03688,tenant_025,healthcare,11,9663.19,308,65.7,1,25,2026-01-05,0,0.0,
acct_03689,tenant_026,saas,8,13439.31,118,76.2,0,251,2025-12-26,1,17342.1,2026-03-03
acct_03690,tenant_027,healthcare,2,3510.73,113,26.3,0,175,2026-01-05,0,0.0,
acct_03691,tenant_028,saas,8,10152.36,90,54.7,1,354,2025-12-09,0,0.0,
acct_03692,tenant_029,finance,10,19215.81,444,55.1,2,263,2025-12-31,0,0.0,
acct_03693,tenant_030,retail,7,13729.0,365,77.1,1,168,2025-12-22,1,10739.8,2026-03-29
acct_03694,tenant_031,finance,7,6206.1,143,38.6,0,145,2025-12-18,1,9921.11,2026-01-22
acct_03695,tenant_032,manufacturing,13,8666.75,341,80.2,0,5,2026-01-01,1,5050.42,2026-03-26
acct_03696,tenant_033,saas,5,2036.21,235,8.0,1,259,2025-12-28,0,0.0,
acct_03697,tenant_034,saas,17,25157.52,649,80.0,1,356,2025-12-07,0,0.0,
acct_03698,tenant_035,saas,4,2840.77,127,6.6,4,70,2025-12-09,0,0.0,
acct_03699,tenant_036,finance,27,93268.95,210,99.9,0,323,2025-12-29,1,95797.41,2026-03-20
acct_03700,tenant_000,saas,9,7703.67,199,61.8,0,261,2025-12-28,0,0.0,
acct_03701,tenant_001,saas,12,13228.47,101,80.7,0,174,2026-01-04,1,22092.51,2026-02-28
acct_03702,tenant_002,finance,9,8026.26,81,43.5,0,322,2025-12-18,0,0.0,
acct_03703,tenant_003,saas,0,3112.26,211,7.3,2,365,2025-12-16,0,0.0,
acct_03704,tenant_004,manufacturing,8,6761.72,177,68.5,2,161,2025-12-22,0,0.0,
acct_03705,tenant_005,healthcare,3,8957.05,333,44.6,1,311,2025-12-16,0,0.0,
acct_03706,tenant_006,healthcare,10,14780.39,298,61.0,0,301,2025-12-14,0,0.0,
acct_03707,tenant_007,saas,11,21028.71,602,55.8,0,197,2025-12-24,0,0.0,
acct_03708,tenant_008,saas,13,15485.15,190,76.6,1,339,2025-12-31,1,34926.15,2026-01-11
acct_03709,tenant_009,finance,4,4610.9,271,12.5,3,156,2025-12-11,0,0.0,
acct_03710,tenant_010,healthcare,9,10936.01,448,43.8,3,207,2025-12-15,0,0.0,
acct_03711,tenant_011,retail,6,3726.47,144,36.0,0,134,2025-12-31,0,0.0,
acct_03712,tenant_012,healthcare,6,4693.69,1271,16.1,4,268,2026-01-03,0,0.0,
acct_03713,tenant_013,finance,8,3195.69,202,50.0,0,80,2025-12-27,1,5048.49,2026-03-17
acct_03714,tenant_014,saas,27,26465.96,722,80.5,0,344,2025-12-21,1,18868.6,2026-01-06
acct_03715,tenant_015,manufacturing,7,9830.43,536,31.6,6,86,2025-12-08,0,0.0,
acct_03716,tenant_016,saas,10,6151.88,103,48.2,0,130,2025-12-22,0,0.0,
acct_03717,tenant_017,retail,7,2131.32,150,22.2,2,185,2025-12-17,0,0.0,
acct_03718,tenant_018,finance,6,9048.47,936,50.9,0,189,2026-01-01,0,0.0,
acct_03719,tenant_019,saas,27,35178.96,366,95.5,3,336,2025-12-12,1,61772.6,2026-02-11
acct_03720,tenant_020,saas,3,10500.81,290,44.8,0,141,2026-01-05,0,0.0,
acct_03721,tenant_021,finance,8,7781.96,246,46.7,2,45,2026-01-01,1,6658.61,2026-03-14
acct_03722,tenant_022,saas,6,4331.56,103,59.1,2,103,2025-12-21,1,2870.34,2026-01-28
acct_03723,tenant_023,finance,7,4453.47,241,61.1,4,329,2025-12-21,0,0.0,
acct_03724,tenant_024,retail,15,14546.25,153,100.0,0,222,2025-12-22,1,44489.83,2026-02-23
acct_03725,tenant_025,saas,6,3834.75,306,39.7,0,149,2025-12-19,0,0.0,
acct_03726,tenant_026,manufacturing,3,12445.3,871,49.8,1,121,2025-12-21,0,0.0,
acct_03727,tenant_027,saas,3,12477.16,971,43.1,1,53,2026-01-01,1,4247.08,2026-04-03
acct_03728,tenant_028,manufacturing,10,18219.48,379,70.7,2,139,2025-12-23,1,41517.91,2026-02-26
acct_03729,tenant_029,finance,8,21243.9,264,73.5,0,288,2025-12-25,1,22180.39,2026-01-15
acct_03730,tenant_030,saas,11,24930.3,417,57.7,2,47,2025-12-25,1,26850.33,2026-02-17
acct_03731,tenant_031,manufacturing,17,3598.72,90,71.5,0,169,2025-12-15,1,1085.01,2026-01-12
acct_03732,tenant_032,finance,4,6400.71,186,28.9,3,73,2025-12-27,0,0.0,
acct_03733,tenant_033,saas,5,13402.11,525,31.5,2,22,2025-12-24,0,0.0,
acct_03734,tenant_034,retail,7,14757.06,795,44.1,1,102,2025-12-27,0,0.0,
acct_03735,tenant_035,manufacturing,10,42862.16,621,77.2,0,42,2025-12-11,1,60891.52,2026-01-18
acct_03736,tenant_036,manufacturing,2,11934.68,225,51.2,1,363,2025-12-15,0,0.0,
acct_03737,tenant_000,saas,3,13999.97,282,58.7,1,346,2025-12-23,0,0.0,
acct_03738,tenant_001,saas,10,13313.25,121,79.2,1,33,2025-12-26,1,9180.73,2026-03-01
acct_03739,tenant_002,saas,5,7071.49,316,25.0,1,113,2025-12-16,0,0.0,
acct_03740,tenant_003,healthcare,9,9954.88,738,55.8,1,362,2025-12-14,1,22495.21,2026-03-01
acct_03741,tenant_004,manufacturing,7,7021.88,369,44.7,2,317,2025-12-29,0,0.0,
acct_03742,tenant_005,retail,15,3728.25,99,71.7,0,292,2026-01-04,0,0.0,
acct_03743,tenant_006,manufacturing,4,9342.21,366,49.7,0,25,2025-12-16,0,0.0,
acct_03744,tenant_007,manufacturing,2,1264.74,323,2.3,4,247,2025-12-15,0,0.0,
acct_03745,tenant_008,manufacturing,17,18325.45,509,58.3,1,129,2026-01-02,0,0.0,
acct_03746,tenant_009,finance,7,5763.76,463,38.1,3,342,2025-12-20,0,0.0,
acct_03747,tenant_010,finance,8,13877.58,596,51.0,2,63,2026-01-02,0,0.0,
acct_03748,tenant_011,saas,3,5592.61,332,37.7,5,342,2026-01-04,0,0.0,
acct_03749,tenant_012,healthcare,3,21329.04,660,30.4,0,230,2025-12-28,0,0.0,
acct_03750,tenant_013,retail,3,1272.94,322,21.7,3,135,2025-12-17,0,0.0,
acct_03751,tenant_014,finance,12,11522.63,430,64.5,0,227,2025-12-24,0,0.0,
acct_03752,tenant_015,healthcare,5,14237.94,977,50.5,1,349,2025-12-18,1,24395.34,2026-03-23
acct_03753,tenant_016,finance,6,7113.75,162,21.1,0,4,2025-12-23,0,0.0,
acct_03754,tenant_017,healthcare,3,1757.39,377,5.7,3,230,2026-01-05,0,0.0,
acct_03755,tenant_018,manufacturing,18,42475.58,472,82.3,2,257,2025-12-24,0,0.0,
acct_03756,tenant_019,healthcare,12,10468.82,550,63.6,0,110,2026-01-05,0,0.0,
acct_03757,tenant_020,finance,11,12916.43,219,76.1,0,363,2025-12-18,1,12272.78,2026-01-16
acct_03758,tenant_021,retail,8,33058.34,342,71.2,0,329,2025-12-18,0,0.0,
acct_03759,tenant_022,healthcare,6,8366.79,161,36.2,0,208,2026-01-05,0,0.0,
acct_03760,tenant_023,manufacturing,5,5066.91,536,31.7,3,351,2025-12-31,0,0.0,
acct_03761,tenant_024,finance,8,4780.92,134,37.2,2,282,2026-01-05,0,0.0,
acct_03762,tenant_025,healthcare,10,28092.3,692,70.2,3,317,2025-12-26,1,47564.33,2026-03-03
acct_03763,tenant_026,retail,11,2875.69,305,45.4,3,32,2025-12-15,0,0.0,
acct_03764,tenant_027,finance,7,3350.75,167,61.1,0,364,2025-12-22,0,0.0,
acct_03765,tenant_028,saas,1,5059.0,302,38.7,2,131,2025-12-19,1,2933.64,2026-03-04
acct_03766,tenant_029,finance,9,27132.09,2000,51.6,0,44,2025-12-22,0,0.0,
acct_03767,tenant_030,saas,7,1614.78,325,36.8,1,176,2025-12-10,0,0.0,
acct_03768,tenant_031,healthcare,2,3681.89,109,16.3,2,254,2025-12-30,0,0.0,
acct_03769,tenant_032,saas,5,3289.64,260,14.0,2,137,2025-12-13,0,0.0,
acct_03770,tenant_033,saas,4,2565.17,208,27.7,0,61,2025-12-24,0,0.0,
acct_03771,tenant_034,finance,6,16910.41,323,52.8,1,263,2026-01-03,0,0.0,
acct_03772,tenant_035,saas,4,7559.95,175,29.6,1,261,2025-12-14,0,0.0,
acct_03773,tenant_036,retail,8,12983.83,790,50.9,4,109,2025-12-09,0,0.0,
acct_03774,tenant_000,saas,10,11990.22,177,54.6,0,233,2025-12-16,1,14463.03,2026-01-30
acct_03775,tenant_001,saas,4,4046.62,91,45.0,0,310,2025-12-16,0,0.0,
acct_03776,tenant_002,manufacturing,5,2016.24,300,37.3,1,303,2026-01-03,0,0.0,
acct_03777,tenant_003,finance,11,19496.74,416,43.1,2,203,2025-12-19,0,0.0,
acct_03778,tenant_004,finance,4,7309.87,301,32.6,4,39,2026-01-05,0,0.0,
acct_03779,tenant_005,healthcare,23,12449.87,136,98.1,0,24,2025-12-28,1,11454.06,2026-03-07
acct_03780,tenant_006,retail,8,17138.88,708,34.4,3,150,2025-12-12,0,0.0,
acct_03781,tenant_007,finance,7,1929.55,142,31.0,2,181,2025-12-28,0,0.0,
acct_03782,tenant_008,saas,14,51430.14,652,96.6,1,309,2025-12-24,1,52381.16,2026-03-11
acct_03783,tenant_009,saas,10,35360.0,175,84.7,1,88,2025-12-22,1,69269.55,2026-02-06
acct_03784,tenant_010,manufacturing,14,17814.99,100,100.0,0,230,2025-12-24,1,17805.4,2026-02-18
acct_03785,tenant_011,manufacturing,13,18294.99,281,61.2,3,218,2026-01-01,0,0.0,
acct_03786,tenant_012,manufacturing,8,12286.45,648,53.3,0,97,2025-12-17,0,0.0,
acct_03787,tenant_013,finance,15,33894.43,321,87.6,1,71,2025-12-17,0,0.0,
acct_03788,tenant_014,saas,4,6141.49,280,35.3,2,52,2025-12-19,0,0.0,
acct_03789,tenant_015,retail,6,1382.95,180,40.0,0,152,2025-12-23,0,0.0,
acct_03790,tenant_016,saas,8,4971.42,403,73.4,3,11,2025-12-24,0,0.0,
acct_03791,tenant_017,saas,6,9486.46,579,64.5,2,38,2025-12-31,0,0.0,
acct_03792,tenant_018,saas,3,9188.19,556,55.6,0,20,2026-01-02,1,25579.04,2026-01-30
acct_03793,tenant_019,healthcare,9,10219.56,782,26.0,1,237,2025-12-24,0,0.0,
acct_03794,tenant_020,retail,10,1846.34,201,73.0,0,127,2025-12-23,1,2036.44,2026-03-30
acct_03795,tenant_021,saas,4,7005.09,303,40.3,3,101,2025-12-25,0,0.0,
acct_03796,tenant_022,saas,10,7163.4,152,52.4,1,9,2025-12-11,0,0.0,
acct_03797,tenant_023,saas,17,38076.77,264,88.2,0,128,2025-12-26,1,57235.28,2026-02-18
acct_03798,tenant_024,healthcare,7,27507.02,263,51.8,0,75,2025-12-17,1,27945.77,2026-03-03
acct_03799,tenant_025,saas,7,5200.9,92,38.8,0,356,2025-12-31,1,4737.17,2026-03-30
acct_03800,tenant_026,manufacturing,9,8454.17,97,70.2,0,47,2025-12-31,0,0.0,
acct_03801,tenant_027,saas,9,8398.25,631,41.9,1,202,2025-12-15,0,0.0,
acct_03802,tenant_028,healthcare,2,1741.37,453,0.0,4,246,2025-12-10,0,0.0,
acct_03803,tenant_029,manufacturing,5,6238.31,904,18.1,1,195,2025-12-07,0,0.0,
acct_03804,tenant_030,finance,15,12834.74,389,71.5,0,46,2025-12-12,1,11778.4,2026-03-11
acct_03805,tenant_031,healthcare,4,3355.1,628,20.2,2,137,2025-12-31,0,0.0,
acct_03806,tenant_032,saas,3,43999.12,1195,75.2,1,147,2025-12-16,1,65106.23,2026-01-25
acct_03807,tenant_033,manufacturing,13,11093.62,171,76.7,0,259,2026-01-01,1,17005.15,2026-01-13
acct_03808,tenant_034,saas,5,5540.49,305,57.3,2,80,2025-12-29,0,0.0,
acct_03809,tenant_035,manufacturing,5,3906.44,381,31.5,2,73,2025-12-28,0,0.0,
acct_03810,tenant_036,saas,10,11764.77,241,50.9,2,177,2025-12-26,0,0.0,
acct_03811,tenant_000,healthcare,5,4055.85,471,36.2,0,129,2026-01-04,0,0.0,
acct_03812,tenant_001,retail,9,9748.45,316,68.3,3,22,2025-12-31,0,0.0,
acct_03813,tenant_002,saas,6,34919.82,374,59.8,1,210,2025-12-09,0,0.0,
acct_03814,tenant_003,finance,19,46038.65,322,99.1,1,128,2025-12-17,1,98988.65,2026-03-12
acct_03815,tenant_004,saas,8,4100.44,179,39.1,2,259,2025-12-15,0,0.0,
acct_03816,tenant_005,saas,11,6580.81,231,44.6,2,15,2025-12-19,0,0.0,
acct_03817,tenant_006,retail,9,2754.5,796,61.5,2,32,2025-12-14,0,0.0,
acct_03818,tenant_007,saas,18,9415.8,118,51.0,1,238,2025-12-29,0,0.0,
acct_03819,tenant_008,saas,16,15072.32,348,64.8,0,19,2025-12-07,1,21220.07,2026-03-10
acct_03820,tenant_009,retail,10,7392.52,149,57.6,1,94,2025-12-20,0,0.0,
acct_03821,tenant_010,retail,8,7816.49,1743,50.0,1,121,2025-12-21,0,0.0,
acct_03822,tenant_011,finance,9,5757.53,471,44.5,3,4,2025-12-11,0,0.0,
acct_03823,tenant_012,finance,13,34245.87,420,74.0,2,362,2025-12-23,0,0.0,
acct_03824,tenant_013,manufacturing,7,4975.21,74,66.9,1,96,2025-12-13,0,0.0,
acct_03825,tenant_014,saas,11,5811.27,1244,37.6,2,17,2025-12-18,0,0.0,
acct_03826,tenant_015,finance,3,21516.9,311,42.0,1,113,2026-01-05,0,0.0,
acct_03827,tenant_016,finance,16,6040.79,260,82.7,0,208,2025-12-13,1,3392.08,2026-03-27
acct_03828,tenant_017,retail,6,1545.15,217,33.6,1,42,2025-12-17,0,0.0,
acct_03829,tenant_018,healthcare,9,1925.28,112,50.2,1,257,2026-01-01,0,0.0,
acct_03830,tenant_019,healthcare,9,20432.47,412,72.6,1,226,2025-12-09,1,25999.35,2026-03-24
acct_03831,tenant_020,healthcare,4,8631.23,100,57.2,3,208,2026-01-02,0,0.0,
acct_03832,tenant_021,retail,4,6162.59,158,55.5,0,31,2025-12-08,1,4190.88,2026-03-14
acct_03833,tenant_022,manufacturing,8,17473.48,712,54.7,3,158,2025-12-30,1,17287.34,2026-02-27
acct_03834,tenant_023,saas,7,11864.81,316,43.4,0,42,2025-12-10,1,13676.28,2026-02-08
acct_03835,tenant_024,manufacturing,3,7590.12,383,35.3,0,81,2025-12-16,0,0.0,
acct_03836,tenant_025,saas,3,2130.9,471,24.1,1,315,2026-01-05,0,0.0,
acct_03837,tenant_026,saas,23,26621.65,190,93.8,0,330,2025-12-19,1,47969.47,2026-03-22
acct_03838,tenant_027,finance,1,3616.78,853,8.5,7,59,2025-12-24,0,0.0,
acct_03839,tenant_028,finance,3,6370.2,332,39.1,4,112,2025-12-26,0,0.0,
acct_03840,tenant_029,saas,29,53110.16,1509,96.9,0,133,2025-12-26,1,43920.98,2026-02-28
acct_03841,tenant_030,finance,2,2958.81,130,0.0,0,352,2025-12-09,0,0.0,
acct_03842,tenant_031,healthcare,23,37265.22,171,91.9,0,295,2025-12-10,1,23025.69,2026-01-15
acct_03843,tenant_032,manufacturing,7,3972.54,203,59.9,2,34,2025-12-24,0,0.0,
acct_03844,tenant_033,healthcare,18,11359.31,261,78.4,1,202,2026-01-05,0,0.0,
acct_03845,tenant_034,healthcare,4,1610.05,223,16.1,2,33,2026-01-05,0,0.0,
acct_03846,tenant_035,healthcare,4,8072.98,181,33.8,2,330,2026-01-02,0,0.0,
acct_03847,tenant_036,retail,9,7206.67,505,52.1,2,286,2025-12-09,0,0.0,
acct_03848,tenant_000,retail,14,5444.83,447,39.8,2,311,2025-12-27,1,10745.9,2026-01-24
acct_03849,tenant_001,saas,0,5085.16,303,53.6,0,183,2026-01-01,1,5264.02,2026-02-19
acct_03850,tenant_002,healthcare,3,1481.84,284,28.4,3,292,2025-12-21,0,0.0,
acct_03851,tenant_003,saas,5,2742.53,85,5.5,4,190,2025-12-18,0,0.0,
acct_03852,tenant_004,healthcare,23,11640.38,47,100.0,1,186,2025-12-20,0,0.0,
acct_03853,tenant_005,saas,12,7169.14,171,50.2,0,137,2026-01-03,1,9769.57,2026-01-07
acct_03854,tenant_006,finance,8,11567.01,124,48.5,0,99,2025-12-09,1,15240.51,2026-02-08
acct_03855,tenant_007,manufacturing,6,2531.98,640,29.2,4,55,2025-12-14,0,0.0,
acct_03856,tenant_008,healthcare,10,3334.83,121,72.7,2,154,2025-12-25,0,0.0,
acct_03857,tenant_009,saas,10,6166.8,114,54.0,3,231,2025-12-09,0,0.0,
acct_03858,tenant_010,saas,7,3968.08,389,30.7,2,170,2025-12-11,0,0.0,
acct_03859,tenant_011,healthcare,14,39501.76,528,78.6,0,290,2025-12-14,1,38454.44,2026-01-18
acct_03860,tenant_012,healthcare,8,16822.96,1386,36.1,0,273,2025-12-26,0,0.0,
acct_03861,tenant_013,finance,20,27099.58,513,83.0,1,155,2025-12-29,1,35206.55,2026-01-10
acct_03862,tenant_014,finance,4,33570.76,295,64.0,1,240,2026-01-02,0,0.0,
acct_03863,tenant_015,retail,8,6031.39,226,53.6,2,329,2025-12-09,0,0.0,
acct_03864,tenant_016,finance,6,10385.06,82,59.3,0,12,2026-01-03,1,16832.0,2026-03-02
acct_03865,tenant_017,finance,19,15480.81,195,87.8,0,328,2025-12-31,1,16049.25,2026-03-29
acct_03866,tenant_018,retail,9,6666.93,274,58.3,0,348,2025-12-31,0,0.0,
acct_03867,tenant_019,saas,9,5985.25,257,26.6,0,45,2025-12-25,0,0.0,
acct_03868,tenant_020,saas,11,27395.38,608,86.5,1,210,2025-12-11,1,19121.86,2026-01-22
acct_03869,tenant_021,manufacturing,15,11908.67,335,80.7,0,5,2025-12-31,1,12882.3,2026-02-19
acct_03870,tenant_022,saas,7,9741.14,416,53.7,2,190,2025-12-28,0,0.0,
acct_03871,tenant_023,manufacturing,10,1716.86,92,37.5,0,200,2026-01-03,0,0.0,
acct_03872,tenant_024,finance,7,8671.55,197,58.5,1,348,2025-12-27,1,11240.34,2026-01-28
acct_03873,tenant_025,healthcare,7,3698.41,81,60.5,0,63,2025-12-10,0,0.0,
acct_03874,tenant_026,saas,19,7274.51,96,84.2,0,7,2026-01-05,1,8453.49,2026-02-18
acct_03875,tenant_027,manufacturing,2,4035.51,228,19.8,5,101,2025-12-10,0,0.0,
acct_03876,tenant_028,healthcare,11,13561.85,749,31.5,1,116,2025-12-23,1,35977.9,2026-03-25
acct_03877,tenant_029,finance,4,3104.32,72,26.7,2,71,2025-12-08,0,0.0,
acct_03878,tenant_030,manufacturing,8,1423.31,164,29.9,0,56,2025-12-30,0,0.0,
acct_03879,tenant_031,manufacturing,10,20965.22,508,66.6,0,34,2025-12-14,1,23348.15,2026-01-20
acct_03880,tenant_032,healthcare,3,3007.52,56,39.3,3,329,2026-01-01,0,0.0,
acct_03881,tenant_033,manufacturing,14,6363.36,481,52.3,1,64,2025-12-11,0,0.0,
acct_03882,tenant_034,saas,4,1816.54,168,18.0,5,229,2025-12-08,0,0.0,
acct_03883,tenant_035,retail,13,3963.77,376,54.6,0,206,2026-01-04,0,0.0,
acct_03884,tenant_036,manufacturing,10,1950.64,126,41.9,1,219,2025-12-19,0,0.0,
acct_03885,tenant_000,retail,17,18083.2,430,80.4,1,359,2026-01-02,0,0.0,
acct_03886,tenant_001,saas,25,16628.7,126,100.0,0,252,2025-12-31,1,19910.62,2026-02-12
acct_03887,tenant_002,manufacturing,1,7818.94,991,0.0,4,58,2025-12-19,0,0.0,
acct_03888,tenant_003,retail,8,1846.01,145,24.8,0,145,2025-12-11,0,0.0,
acct_03889,tenant_004,saas,3,2988.69,57,34.7,2,302,2025-12-29,0,0.0,
acct_03890,tenant_005,healthcare,8,4374.08,282,55.8,1,54,2025-12-21,1,4598.98,2026-02-08
acct_03891,tenant_006,saas,6,5366.75,636,66.5,1,325,2025-12-22,1,7093.54,2026-02-20
acct_03892,tenant_007,healthcare,10,7986.59,180,55.7,0,352,2025-12-22,0,0.0,
acct_03893,tenant_008,finance,3,5746.54,122,35.0,2,86,2025-12-14,0,0.0,
acct_03894,tenant_009,saas,6,1336.58,188,9.1,3,273,2025-12-24,0,0.0,
acct_03895,tenant_010,saas,24,30349.7,998,74.5,1,185,2025-12-18,1,29750.91,2026-03-09
acct_03896,tenant_011,healthcare,4,2976.1,200,37.3,2,349,2025-12-14,0,0.0,
acct_03897,tenant_012,manufacturing,3,1862.98,351,0.1,6,64,2025-12-17,0,0.0,
acct_03898,tenant_013,healthcare,8,11007.19,214,69.6,0,309,2025-12-26,0,0.0,
acct_03899,tenant_014,retail,1,1540.39,108,8.8,2,250,2025-12-20,0,0.0,
acct_03900,tenant_015,manufacturing,6,2241.89,176,30.7,2,193,2025-12-27,0,0.0,
acct_03901,tenant_016,healthcare,18,18652.43,208,64.7,0,205,2025-12-19,1,47143.48,2026-03-04
acct_03902,tenant_017,healthcare,14,5746.95,252,73.3,0,300,2025-12-19,0,0.0,
acct_03903,tenant_018,healthcare,14,29274.87,554,95.0,0,38,2025-12-17,1,18830.27,2026-04-02
acct_03904,tenant_019,manufacturing,11,2933.88,236,37.8,5,203,2025-12-22,0,0.0,
acct_03905,tenant_020,healthcare,2,2198.43,501,24.1,3,140,2025-12-10,0,0.0,
acct_03906,tenant_021,saas,5,10441.65,197,23.2,0,256,2025-12-21,0,0.0,
acct_03907,tenant_022,finance,11,15584.51,404,53.0,0,119,2025-12-22,1,21379.34,2026-03-10
acct_03908,tenant_023,saas,7,14934.57,1020,42.4,1,173,2025-12-30,0,0.0,
acct_03909,tenant_024,healthcare,4,6991.08,500,29.8,2,334,2025-12-08,0,0.0,
acct_03910,tenant_025,finance,9,6030.11,143,58.9,3,34,2025-12-13,0,0.0,
acct_03911,tenant_026,saas,0,2882.38,143,8.2,3,141,2025-12-19,0,0.0,
acct_03912,tenant_027,finance,7,5989.58,274,48.4,2,217,2026-01-02,0,0.0,
acct_03913,tenant_028,retail,12,6166.88,178,49.5,4,21,2025-12-21,0,0.0,
acct_03914,tenant_029,saas,6,13535.95,1334,30.5,0,291,2025-12-20,0,0.0,
acct_03915,tenant_030,healthcare,16,10966.45,272,85.6,0,231,2025-12-21,0,0.0,
acct_03916,tenant_031,saas,11,3753.06,80,39.6,0,92,2026-01-05,1,3010.95,2026-03-17
acct_03917,tenant_032,retail,12,8825.77,406,55.8,1,342,2025-12-15,0,0.0,
acct_03918,tenant_033,saas,8,7623.6,233,52.5,0,218,2025-12-16,1,5837.42,2026-03-15
acct_03919,tenant_034,manufacturing,4,3926.85,139,44.9,2,327,2025-12-24,0,0.0,
acct_03920,tenant_035,retail,12,2870.27,211,74.6,2,296,2025-12-25,0,0.0,
acct_03921,tenant_036,healthcare,19,18419.54,775,72.2,1,330,2025-12-28,1,32191.29,2026-02-07
acct_03922,tenant_000,retail,8,8646.29,424,59.5,2,125,2026-01-05,1,13485.78,2026-02-13
acct_03923,tenant_001,manufacturing,1,577.15,231,0.0,2,242,2026-01-01,0,0.0,
acct_03924,tenant_002,healthcare,4,3234.98,280,25.8,4,218,2025-12-19,0,0.0,
acct_03925,tenant_003,saas,3,14591.9,553,9.7,2,340,2025-12-30,0,0.0,
acct_03926,tenant_004,healthcare,2,2339.41,311,32.1,2,55,2025-12-31,0,0.0,
acct_03927,tenant_005,healthcare,14,8878.09,197,79.6,1,149,2025-12-12,1,7653.53,2026-02-02
acct_03928,tenant_006,saas,10,3838.23,296,60.2,3,336,2025-12-19,0,0.0,
acct_03929,tenant_007,saas,7,10330.08,352,76.3,1,4,2025-12-13,1,5234.3,2026-01-28
acct_03930,tenant_008,saas,7,10947.53,695,58.5,2,4,2025-12-25,1,11257.58,2026-03-25
acct_03931,tenant_009,healthcare,11,11031.51,812,65.1,2,164,2025-12-25,1,21570.23,2026-01-22
acct_03932,tenant_010,healthcare,12,8853.2,219,57.5,0,364,2025-12-13,0,0.0,
acct_03933,tenant_011,retail,9,1472.65,166,45.1,1,104,2025-12-08,0,0.0,
acct_03934,tenant_012,healthcare,24,9137.31,173,75.7,0,287,2025-12-09,1,13595.77,2026-03-14
acct_03935,tenant_013,saas,5,5816.83,137,42.9,0,24,2025-12-25,1,8872.28,2026-02-11
acct_03936,tenant_014,healthcare,19,16020.48,291,89.7,0,245,2025-12-27,1,18772.64,2026-04-03
acct_03937,tenant_015,manufacturing,5,6666.33,1006,50.3,1,304,2025-12-16,0,0.0,
acct_03938,tenant_016,healthcare,10,37144.65,1882,48.1,2,68,2025-12-19,0,0.0,
acct_03939,tenant_017,retail,9,18369.55,636,65.8,1,363,2025-12-20,0,0.0,
acct_03940,tenant_018,healthcare,22,4814.81,279,50.1,1,221,2025-12-13,0,0.0,
acct_03941,tenant_019,manufacturing,9,5674.97,551,47.6,0,28,2026-01-02,1,4312.11,2026-03-26
acct_03942,tenant_020,healthcare,2,4681.4,135,30.0,2,310,2025-12-15,0,0.0,
acct_03943,tenant_021,retail,5,8759.56,425,49.7,1,271,2025-12-16,0,0.0,
acct_03944,tenant_022,healthcare,3,9653.85,1005,4.8,5,45,2025-12-29,0,0.0,
acct_03945,tenant_023,healthcare,14,10435.38,459,62.1,0,123,2025-12-10,1,9103.98,2026-04-01
acct_03946,tenant_024,manufacturing,10,11822.78,256,70.2,0,195,2025-12-25,1,10772.82,2026-01-24
acct_03947,tenant_025,manufacturing,12,12227.8,110,64.3,2,152,2026-01-03,0,0.0,
acct_03948,tenant_026,saas,7,11967.93,542,22.3,2,214,2025-12-30,0,0.0,
acct_03949,tenant_027,saas,7,687.82,110,23.9,1,354,2025-12-19,0,0.0,
acct_03950,tenant_028,manufacturing,9,12051.15,194,57.0,0,31,2025-12-15,1,15386.41,2026-03-22
acct_03951,tenant_029,saas,6,7803.67,483,48.8,5,305,2025-12-28,0,0.0,
acct_03952,tenant_030,finance,4,16415.63,1201,48.0,3,174,2025-12-25,0,0.0,
acct_03953,tenant_031,saas,16,23928.86,588,87.7,0,279,2026-01-01,1,27541.71,2026-03-24
acct_03954,tenant_032,healthcare,28,1955.55,169,87.3,0,139,2025-12-12,0,0.0,
acct_03955,tenant_033,manufacturing,4,3806.89,273,35.5,0,350,2026-01-01,0,0.0,
acct_03956,tenant_034,healthcare,12,14560.05,625,70.3,3,269,2025-12-27,0,0.0,
acct_03957,tenant_035,healthcare,10,6044.24,361,57.6,1,122,2025-12-15,1,4188.57,2026-03-04
acct_03958,tenant_036,healthcare,10,4572.58,240,55.0,0,3,2025-12-28,1,10767.15,2026-03-17
acct_03959,tenant_000,retail,8,1923.26,119,74.8,0,78,2025-12-16,0,0.0,
acct_03960,tenant_001,saas,20,26472.88,218,97.0,0,185,2025-12-19,1,20420.97,2026-01-13
acct_03961,tenant_002,manufacturing,6,18245.59,522,51.5,3,224,2025-12-17,0,0.0,
acct_03962,tenant_003,healthcare,9,10020.5,396,43.6,1,86,2025-12-26,0,0.0,
acct_03963,tenant_004,retail,7,4635.16,775,51.5,0,111,2025-12-07,1,3483.92,2026-01-16
acct_03964,tenant_005,healthcare,17,66007.38,1056,97.2,0,230,2025-12-19,1,100809.62,2026-02-04
acct_03965,tenant_006,finance,11,15302.41,177,69.8,0,67,2025-12-21,1,18325.14,2026-03-11
acct_03966,tenant_007,saas,4,3709.85,131,35.7,2,258,2025-12-22,0,0.0,
acct_03967,tenant_008,finance,10,23620.17,387,49.8,1,301,2025-12-27,0,0.0,
acct_03968,tenant_009,manufacturing,13,6127.43,166,41.1,1,79,2025-12-27,0,0.0,
acct_03969,tenant_010,healthcare,3,1790.12,431,0.0,5,256,2025-12-11,0,0.0,
acct_03970,tenant_011,manufacturing,21,27864.29,697,96.4,0,294,2025-12-30,1,30232.95,2026-01-11
acct_03971,tenant_012,healthcare,4,7481.62,263,51.3,0,262,2026-01-05,0,0.0,
acct_03972,tenant_013,saas,14,6400.21,358,55.4,3,229,2025-12-30,0,0.0,
acct_03973,tenant_014,manufacturing,5,2252.67,666,42.3,2,179,2025-12-27,0,0.0,
acct_03974,tenant_015,healthcare,5,2604.16,473,21.3,2,347,2025-12-15,0,0.0,
acct_03975,tenant_016,finance,52,118027.91,287,100.0,1,300,2025-12-14,1,113909.33,2026-01-21
acct_03976,tenant_017,finance,12,24284.46,266,59.4,2,312,2025-12-27,0,0.0,
acct_03977,tenant_018,finance,17,12150.99,379,90.4,0,43,2025-12-13,1,15725.71,2026-03-11
acct_03978,tenant_019,manufacturing,13,7939.38,210,65.5,1,92,2025-12-26,1,6343.44,2026-03-23
acct_03979,tenant_020,retail,13,3477.36,68,64.7,0,72,2025-12-20,0,0.0,
acct_03980,tenant_021,manufacturing,7,3023.92,231,28.4,2,186,2025-12-28,0,0.0,
acct_03981,tenant_022,saas,8,11851.97,329,41.8,1,108,2025-12-23,1,18432.59,2026-03-02
acct_03982,tenant_023,saas,9,3058.05,60,42.4,3,298,2025-12-25,1,8322.06,2026-01-29
acct_03983,tenant_024,retail,4,1088.33,115,25.2,1,140,2026-01-02,0,0.0,
acct_03984,tenant_025,healthcare,9,8464.01,201,44.9,0,4,2026-01-02,0,0.0,
acct_03985,tenant_026,retail,13,2925.97,116,45.2,0,152,2025-12-26,0,0.0,
acct_03986,tenant_027,healthcare,17,13744.14,635,60.4,0,138,2025-12-30,1,9278.66,2026-03-24
acct_03987,tenant_028,manufacturing,5,4527.65,947,14.2,6,149,2025-12-10,0,0.0,
acct_03988,tenant_029,saas,3,3618.38,430,28.8,3,207,2025-12-28,0,0.0,
acct_03989,tenant_030,manufacturing,1,10994.63,930,13.1,2,165,2025-12-09,0,0.0,
acct_03990,tenant_031,saas,14,9647.09,393,43.7,2,228,2025-12-07,0,0.0,
acct_03991,tenant_032,manufacturing,9,14302.03,295,59.8,1,95,2025-12-15,0,0.0,
acct_03992,tenant_033,saas,6,1969.28,192,55.6,0,53,2026-01-01,1,2691.66,2026-02-24
acct_03993,tenant_034,retail,3,3041.36,150,44.7,2,30,2025-12-12,0,0.0,
acct_03994,tenant_035,saas,9,11150.29,36,68.7,0,237,2025-12-19,1,6491.88,2026-03-03
acct_03995,tenant_036,saas,3,3854.89,147,22.0,2,62,2025-12-12,0,0.0,
acct_03996,tenant_000,manufacturing,19,11149.25,314,100.0,0,261,2025-12-28,1,11595.13,2026-01-07
acct_03997,tenant_001,finance,11,4180.7,492,57.7,1,158,2026-01-05,1,7274.89,2026-01-30
acct_03998,tenant_002,manufacturing,17,26157.46,651,57.3,2,236,2025-12-15,1,82796.24,2026-01-21
acct_03999,tenant_003,healthcare,4,4378.15,450,23.6,1,62,2025-12-22,0,0.0,
acct_04000,tenant_004,healthcare,15,15169.46,668,79.2,0,273,2025-12-31,1,9520.4,2026-01-09
acct_04001,tenant_005,saas,9,5128.36,185,41.3,0,233,2026-01-04,1,4747.41,2026-02-25
acct_04002,tenant_006,healthcare,16,35790.06,288,84.1,0,97,2025-12-14,1,19599.71,2026-02-24
acct_04003,tenant_007,saas,3,7830.06,686,22.0,1,86,2025-12-21,0,0.0,
acct_04004,tenant_008,manufacturing,4,2505.98,199,43.1,3,257,2025-12-18,0,0.0,
acct_04005,tenant_009,manufacturing,4,5534.14,734,19.7,1,321,2025-12-17,0,0.0,
acct_04006,tenant_010,saas,2,6416.3,483,0.0,1,307,2025-12-27,0,0.0,
acct_04007,tenant_011,manufacturing,5,1865.16,123,16.0,0,173,2026-01-02,0,0.0,
acct_04008,tenant_012,retail,13,4799.21,510,70.6,0,106,2026-01-01,1,9130.98,2026-02-04
acct_04009,tenant_013,retail,14,9185.86,106,54.5,2,157,2025-12-13,0,0.0,
acct_04010,tenant_014,retail,13,8981.75,150,51.0,1,50,2025-12-28,0,0.0,
acct_04011,tenant_015,healthcare,9,12468.92,292,62.5,1,229,2025-12-08,1,8128.05,2026-01-25
acct_04012,tenant_016,retail,8,4646.76,771,32.6,4,109,2025-12-13,0,0.0,
acct_04013,tenant_017,saas,5,1133.49,140,0.0,2,106,2025-12-14,0,0.0,
acct_04014,tenant_018,saas,24,41839.43,308,91.7,0,198,2025-12-29,1,37646.23,2026-02-24
acct_04015,tenant_019,retail,6,4924.34,176,44.8,0,147,2025-12-15,0,0.0,
acct_04016,tenant_020,saas,22,38490.37,462,84.3,0,240,2025-12-09,1,41695.12,2026-03-30
acct_04017,tenant_021,manufacturing,10,28935.23,316,73.2,1,88,2025-12-19,1,31365.79,2026-03-19
acct_04018,tenant_022,saas,6,5209.64,398,36.9,1,361,2025-12-11,0,0.0,
acct_04019,tenant_023,saas,4,10885.58,620,70.7,1,338,2025-12-12,1,8778.77,2026-04-01
acct_04020,tenant_024,saas,8,2366.94,197,33.7,3,202,2025-12-12,0,0.0,
acct_04021,tenant_025,saas,17,17037.53,154,89.8,0,281,2026-01-03,1,30290.03,2026-01-21
acct_04022,tenant_026,saas,17,13288.35,265,76.5,1,286,2025-12-18,1,34045.6,2026-01-13
acct_04023,tenant_027,finance,12,3918.91,303,33.6,1,309,2025-12-25,0,0.0,
acct_04024,tenant_028,healthcare,8,27911.77,2000,47.4,0,164,2025-12-19,0,0.0,
acct_04025,tenant_029,finance,3,5987.45,561,30.8,1,12,2025-12-21,1,6174.21,2026-02-03
acct_04026,tenant_030,retail,4,16941.08,161,45.3,1,169,2025-12-22,0,0.0,
acct_04027,tenant_031,healthcare,6,4471.4,518,28.4,1,71,2025-12-31,0,0.0,
acct_04028,tenant_032,finance,2,4649.27,906,0.0,1,341,2025-12-19,0,0.0,
acct_04029,tenant_033,manufacturing,8,3385.69,1023,31.6,3,248,2025-12-15,0,0.0,
acct_04030,tenant_034,manufacturing,22,37060.96,149,87.0,0,22,2025-12-28,1,50477.46,2026-03-31
acct_04031,tenant_035,manufacturing,3,3444.34,330,22.6,1,202,2025-12-26,0,0.0,
acct_04032,tenant_036,manufacturing,11,8665.55,529,76.8,0,83,2025-12-19,1,16680.73,2026-02-13
acct_04033,tenant_000,finance,11,4601.37,91,25.1,1,184,2025-12-11,0,0.0,
acct_04034,tenant_001,manufacturing,6,4424.25,444,60.1,1,85,2025-12-28,0,0.0,
acct_04035,tenant_002,saas,11,8941.93,918,59.0,0,314,2025-12-09,0,0.0,
acct_04036,tenant_003,healthcare,7,4390.07,141,51.7,1,23,2025-12-14,0,0.0,
acct_04037,tenant_004,saas,8,6085.14,338,25.6,1,28,2025-12-28,0,0.0,
acct_04038,tenant_005,finance,7,2790.12,158,59.4,2,122,2025-12-25,1,7647.11,2026-02-09
acct_04039,tenant_006,healthcare,4,6500.48,893,26.4,2,178,2026-01-05,0,0.0,
acct_04040,tenant_007,healthcare,9,1968.97,232,39.4,2,10,2025-12-13,0,0.0,
acct_04041,tenant_008,saas,15,25454.1,582,75.7,3,361,2025-12-28,0,0.0,
acct_04042,tenant_009,healthcare,6,2136.07,104,21.7,0,138,2025-12-24,0,0.0,
acct_04043,tenant_010,finance,15,8611.94,175,41.6,0,222,2025-12-12,1,13944.69,2026-02-15
acct_04044,tenant_011,saas,12,26582.89,787,63.3,1,110,2025-12-12,1,25427.94,2026-01-14
acct_04045,tenant_012,healthcare,8,6091.35,239,61.3,1,285,2025-12-07,0,0.0,
acct_04046,tenant_013,healthcare,6,2236.33,108,34.9,2,115,2026-01-05,0,0.0,
acct_04047,tenant_014,saas,5,2615.59,86,31.0,0,121,2025-12-17,0,0.0,
acct_04048,tenant_015,retail,14,6716.95,195,72.8,0,83,2026-01-01,0,0.0,
acct_04049,tenant_016,saas,9,6927.82,260,41.9,1,245,2025-12-23,1,6453.66,2026-03-02
acct_04050,tenant_017,saas,8,5236.24,81,54.4,2,352,2025-12-19,0,0.0,
acct_04051,tenant_018,manufacturing,10,10268.03,140,72.1,2,100,2025-12-11,0,0.0,
acct_04052,tenant_019,finance,7,6526.88,82,53.7,2,120,2025-12-07,0,0.0,
acct_04053,tenant_020,finance,8,13677.52,174,39.9,1,62,2026-01-02,1,15420.39,2026-02-13
acct_04054,tenant_021,healthcare,2,1136.73,215,15.5,2,86,2026-01-05,0,0.0,
acct_04055,tenant_022,finance,16,27344.82,159,91.9,0,349,2025-12-23,1,40971.66,2026-03-28
acct_04056,tenant_023,finance,6,2623.69,78,10.5,2,166,2025-12-14,0,0.0,
acct_04057,tenant_024,saas,16,55793.01,511,87.8,2,335,2025-12-08,1,184804.65,2026-01-25
acct_04058,tenant_025,finance,2,5943.56,240,18.5,4,182,2025-12-31,0,0.0,
acct_04059,tenant_026,saas,6,6266.48,846,48.7,2,11,2025-12-27,1,16566.96,2026-02-14
acct_04060,tenant_027,healthcare,6,1111.76,68,31.1,0,23,2026-01-01,1,1100.94,2026-01-17
acct_04061,tenant_028,healthcare,5,12516.26,784,27.8,4,53,2025-12-21,0,0.0,
acct_04062,tenant_029,retail,8,10601.05,805,43.1,2,127,2026-01-04,0,0.0,
acct_04063,tenant_030,retail,5,5557.55,165,44.0,2,169,2026-01-05,0,0.0,
acct_04064,tenant_031,retail,6,2977.17,577,32.1,0,153,2026-01-05,0,0.0,
acct_04065,tenant_032,retail,14,8288.13,1143,70.3,0,217,2025-12-22,1,8857.08,2026-01-16
acct_04066,tenant_033,retail,3,1845.86,167,40.0,2,273,2026-01-04,0,0.0,
acct_04067,tenant_034,retail,4,3064.92,367,43.0,2,232,2025-12-28,0,0.0,
acct_04068,tenant_035,healthcare,13,24484.49,862,69.8,0,170,2025-12-29,1,22589.78,2026-02-22
acct_04069,tenant_036,retail,2,941.12,147,15.9,2,333,2025-12-24,0,0.0,
acct_04070,tenant_000,manufacturing,4,8412.72,106,60.9,0,193,2026-01-04,0,0.0,
acct_04071,tenant_001,healthcare,3,1032.3,139,0.0,7,88,2025-12-29,0,0.0,
acct_04072,tenant_002,saas,29,99074.9,648,100.0,0,139,2025-12-15,1,75038.64,2026-01-24
acct_04073,tenant_003,retail,11,6465.23,317,53.4,2,235,2025-12-19,0,0.0,
acct_04074,tenant_004,finance,7,2740.51,116,58.3,1,326,2025-12-17,0,0.0,
acct_04075,tenant_005,saas,4,5511.31,568,25.9,1,3,2025-12-27,1,5235.01,2026-03-30
acct_04076,tenant_006,manufacturing,3,3878.46,397,20.5,2,123,2025-12-12,0,0.0,
acct_04077,tenant_007,retail,17,8549.04,223,70.1,1,239,2025-12-16,0,0.0,
acct_04078,tenant_008,manufacturing,29,10833.23,172,100.0,1,298,2025-12-08,1,11776.66,2026-01-27
acct_04079,tenant_009,manufacturing,14,22426.19,445,78.6,0,82,2025-12-10,1,31718.22,2026-03-30
acct_04080,tenant_010,retail,5,1974.16,343,37.0,3,340,2025-12-18,0,0.0,
acct_04081,tenant_011,finance,5,12978.88,1013,62.3,0,268,2025-12-31,1,30850.17,2026-03-13
acct_04082,tenant_012,saas,10,17432.33,433,57.7,0,208,2025-12-30,1,22099.83,2026-03-23
acct_04083,tenant_013,manufacturing,15,5796.05,228,46.3,1,344,2025-12-31,0,0.0,
acct_04084,tenant_014,manufacturing,9,2014.88,107,40.1,0,93,2025-12-08,0,0.0,
acct_04085,tenant_015,saas,3,826.6,34,6.6,1,293,2025-12-16,0,0.0,
acct_04086,tenant_016,finance,8,13053.99,699,43.6,0,228,2025-12-22,1,50625.96,2026-02-15
acct_04087,tenant_017,retail,16,4517.64,520,60.5,0,135,2025-12-23,0,0.0,
acct_04088,tenant_018,saas,13,11146.94,263,82.2,1,250,2025-12-14,1,9165.28,2026-01-20
acct_04089,tenant_019,saas,7,16568.11,156,51.4,1,116,2025-12-26,1,13234.98,2026-02-26
acct_04090,tenant_020,manufacturing,9,5268.18,365,54.7,3,277,2025-12-16,0,0.0,
acct_04091,tenant_021,finance,7,5601.88,699,60.9,0,105,2025-12-28,1,4914.68,2026-03-16
acct_04092,tenant_022,saas,14,15151.27,373,60.3,1,15,2026-01-03,0,0.0,
acct_04093,tenant_023,healthcare,6,4353.5,363,19.4,4,344,2025-12-22,0,0.0,
acct_04094,tenant_024,retail,7,2966.94,402,21.3,4,53,2026-01-04,0,0.0,
acct_04095,tenant_025,retail,13,6421.85,225,82.3,1,276,2025-12-30,0,0.0,
acct_04096,tenant_026,healthcare,8,3049.39,331,62.1,0,321,2025-12-07,0,0.0,
acct_04097,tenant_027,healthcare,8,14563.86,284,42.0,2,320,2025-12-18,0,0.0,
acct_04098,tenant_028,manufacturing,12,9345.95,221,75.0,1,199,2025-12-21,0,0.0,
acct_04099,tenant_029,retail,8,4086.79,266,42.0,1,203,2025-12-14,0,0.0,
acct_04100,tenant_030,finance,18,23602.0,171,82.9,0,196,2025-12-26,1,21541.05,2026-02-22
acct_04101,tenant_031,healthcare,13,21680.58,486,53.9,2,261,2025-12-20,0,0.0,
acct_04102,tenant_032,retail,1,1386.79,326,0.0,3,135,2025-12-09,0,0.0,
acct_04103,tenant_033,healthcare,11,19178.72,136,65.7,0,192,2025-12-16,0,0.0,
acct_04104,tenant_034,manufacturing,17,41328.1,409,100.0,0,61,2025-12-27,1,53869.69,2026-01-21
acct_04105,tenant_035,finance,17,29411.27,464,64.3,0,135,2025-12-26,1,20905.15,2026-01-25
acct_04106,tenant_036,retail,4,790.01,189,26.7,1,322,2026-01-04,0,0.0,
acct_04107,tenant_000,finance,22,12574.37,100,94.4,0,129,2026-01-03,1,21555.53,2026-02-14
acct_04108,tenant_001,retail,2,1422.12,218,30.2,3,67,2025-12-26,0,0.0,
acct_04109,tenant_002,healthcare,4,8376.26,102,50.3,3,318,2025-12-29,0,0.0,
acct_04110,tenant_003,retail,3,3334.0,546,47.8,1,136,2025-12-12,0,0.0,
acct_04111,tenant_004,finance,7,7615.2,308,29.4,3,124,2025-12-18,0,0.0,
acct_04112,tenant_005,retail,17,6032.29,778,47.7,1,156,2026-01-01,1,6413.07,2026-01-20
acct_04113,tenant_006,finance,4,4783.98,366,22.3,2,164,2025-12-11,0,0.0,
acct_04114,tenant_007,retail,4,2865.43,289,61.7,1,302,2026-01-05,0,0.0,
acct_04115,tenant_008,finance,10,14999.17,334,55.9,1,174,2026-01-02,0,0.0,
acct_04116,tenant_009,retail,3,2539.69,182,36.3,3,215,2025-12-14,0,0.0,
acct_04117,tenant_010,healthcare,19,30401.5,579,76.2,0,95,2025-12-17,1,35685.54,2026-04-02
acct_04118,tenant_011,finance,13,47634.65,751,98.4,0,359,2025-12-11,1,30524.05,2026-01-23
acct_04119,tenant_012,manufacturing,12,7496.72,484,67.5,1,62,2025-12-11,0,0.0,
acct_04120,tenant_013,healthcare,7,28842.53,1149,62.9,1,143,2025-12-12,1,18706.3,2026-01-13
acct_04121,tenant_014,manufacturing,7,2427.67,91,47.2,0,68,2025-12-10,1,2007.91,2026-02-09
acct_04122,tenant_015,saas,9,18753.26,680,61.0,0,206,2026-01-01,1,39721.45,2026-01-31
acct_04123,tenant_016,retail,9,5272.53,184,33.7,2,73,2025-12-28,0,0.0,
acct_04124,tenant_017,retail,13,7038.17,361,75.2,0,68,2025-12-16,1,15445.46,2026-03-08
acct_04125,tenant_018,finance,11,31903.51,335,55.4,0,149,2025-12-11,1,51036.72,2026-03-18
acct_04126,tenant_019,healthcare,14,34884.49,247,92.7,1,199,2025-12-15,1,27784.86,2026-03-17
acct_04127,tenant_020,retail,9,3099.93,145,41.0,2,79,2025-12-26,0,0.0,
acct_04128,tenant_021,retail,27,10754.39,168,100.0,0,12,2025-12-13,1,29414.77,2026-03-02
acct_04129,tenant_022,manufacturing,9,6294.2,348,51.3,1,343,2025-12-17,0,0.0,
acct_04130,tenant_023,saas,4,2505.06,257,65.6,0,126,2026-01-04,1,3530.58,2026-02-25
acct_04131,tenant_024,saas,3,1747.03,218,11.2,1,21,2025-12-10,0,0.0,
acct_04132,tenant_025,manufacturing,2,10625.77,382,69.0,2,364,2025-12-09,0,0.0,
acct_04133,tenant_026,healthcare,9,2165.43,155,18.4,3,340,2025-12-27,0,0.0,
acct_04134,tenant_027,healthcare,2,6750.42,278,16.1,0,339,2025-12-14,0,0.0,
acct_04135,tenant_028,healthcare,15,6716.94,291,75.5,4,191,2026-01-01,0,0.0,
acct_04136,tenant_029,finance,12,18365.52,497,44.2,5,360,2025-12-09,0,0.0,
acct_04137,tenant_030,saas,6,4321.01,88,54.7,1,113,2025-12-22,1,5622.23,2026-01-27
acct_04138,tenant_031,retail,21,14628.81,512,77.8,1,175,2025-12-24,0,0.0,
acct_04139,tenant_032,finance,5,4590.26,153,32.4,2,186,2025-12-11,0,0.0,
acct_04140,tenant_033,healthcare,9,4642.72,244,30.9,2,50,2025-12-28,0,0.0,
acct_04141,tenant_034,retail,22,6188.37,123,81.8,0,245,2025-12-30,1,5655.09,2026-02-13
acct_04142,tenant_035,finance,7,6454.81,223,38.0,1,258,2025-12-26,0,0.0,
acct_04143,tenant_036,manufacturing,47,21933.89,147,100.0,1,176,2025-12-29,1,10377.1,2026-02-08
acct_04144,tenant_000,healthcare,13,28345.96,1382,72.7,0,128,2025-12-13,1,36499.43,2026-02-06
acct_04145,tenant_001,finance,16,62527.68,447,93.4,0,240,2025-12-27,1,80834.36,2026-01-19
acct_04146,tenant_002,finance,3,3612.78,254,15.1,1,69,2025-12-27,1,4895.87,2026-03-03
acct_04147,tenant_003,retail,13,1876.92,308,21.4,3,27,2025-12-30,0,0.0,
acct_04148,tenant_004,healthcare,6,4463.35,118,39.9,2,242,2025-12-07,0,0.0,
acct_04149,tenant_005,manufacturing,3,2520.16,149,30.6,2,326,2025-12-18,0,0.0,
acct_04150,tenant_006,manufacturing,6,6199.76,272,33.2,2,50,2025-12-09,0,0.0,
acct_04151,tenant_007,manufacturing,8,2654.49,470,53.0,1,178,2025-12-13,0,0.0,
acct_04152,tenant_008,healthcare,6,4033.85,400,40.6,1,271,2025-12-22,0,0.0,
acct_04153,tenant_009,healthcare,2,746.74,238,0.0,6,8,2025-12-18,0,0.0,
acct_04154,tenant_010,retail,10,14628.16,392,75.4,1,286,2025-12-16,0,0.0,
acct_04155,tenant_011,saas,6,5322.85,464,18.4,3,51,2025-12-12,0,0.0,
acct_04156,tenant_012,saas,8,4103.52,109,43.0,4,186,2025-12-12,0,0.0,
acct_04157,tenant_013,saas,9,21470.28,866,60.4,2,125,2025-12-18,1,16641.59,2026-01-10
acct_04158,tenant_014,manufacturing,2,2325.15,644,0.0,3,43,2025-12-14,0,0.0,
acct_04159,tenant_015,saas,5,15183.15,702,58.1,3,96,2025-12-08,1,13127.38,2026-04-01
acct_04160,tenant_016,manufacturing,1,628.1,213,0.0,2,46,2025-12-14,0,0.0,
acct_04161,tenant_017,manufacturing,2,1825.12,365,14.1,5,96,2025-12-16,0,0.0,
acct_04162,tenant_018,retail,12,5240.21,103,54.7,3,158,2025-12-28,0,0.0,
acct_04163,tenant_019,finance,14,7673.76,165,88.0,1,248,2025-12-22,1,12781.85,2026-01-24
acct_04164,tenant_020,manufacturing,2,9432.84,1224,0.0,4,152,2026-01-05,0,0.0,
acct_04165,tenant_021,saas,8,11951.63,603,67.4,1,294,2025-12-13,0,0.0,
acct_04166,tenant_022,saas,4,2279.06,481,4.2,0,233,2025-12-15,0,0.0,
acct_04167,tenant_023,saas,5,3935.71,255,37.5,2,251,2025-12-26,0,0.0,
acct_04168,tenant_024,healthcare,12,5863.22,248,48.9,1,145,2025-12-21,0,0.0,
acct_04169,tenant_025,healthcare,8,10870.21,617,36.2,2,28,2025-12-28,1,15494.3,2026-02-09
acct_04170,tenant_026,retail,3,3999.52,837,68.0,0,137,2025-12-24,0,0.0,
acct_04171,tenant_027,saas,6,4310.48,86,24.3,1,229,2025-12-08,0,0.0,
acct_04172,tenant_028,healthcare,4,8124.76,818,31.3,0,157,2025-12-07,0,0.0,
acct_04173,tenant_029,saas,7,7309.85,271,45.1,1,24,2025-12-16,0,0.0,
acct_04174,tenant_030,healthcare,13,16709.97,245,92.2,0,159,2025-12-20,1,15888.53,2026-03-21
acct_04175,tenant_031,finance,5,2270.08,692,9.9,3,38,2025-12-11,0,0.0,
acct_04176,tenant_032,saas,7,3412.42,115,51.5,2,188,2025-12-20,0,0.0,
acct_04177,tenant_033,saas,6,21319.79,813,61.0,0,189,2026-01-05,1,40813.19,2026-03-13
acct_04178,tenant_034,saas,10,4640.07,100,41.0,1,295,2025-12-23,0,0.0,
acct_04179,tenant_035,saas,9,4319.04,403,23.7,1,278,2025-12-23,0,0.0,
acct_04180,tenant_036,manufacturing,10,8440.69,129,66.9,0,312,2025-12-20,0,0.0,
acct_04181,tenant_000,retail,2,4518.19,891,32.4,1,299,2025-12-20,0,0.0,
acct_04182,tenant_001,manufacturing,5,1429.11,652,20.9,1,264,2026-01-04,0,0.0,
acct_04183,tenant_002,healthcare,12,12934.39,510,58.7,0,51,2025-12-30,1,9056.52,2026-02-28
acct_04184,tenant_003,saas,11,19363.76,937,64.5,1,199,2025-12-24,0,0.0,
acct_04185,tenant_004,healthcare,2,4980.89,245,36.9,1,170,2025-12-22,0,0.0,
acct_04186,tenant_005,saas,10,14207.46,1496,61.9,1,87,2025-12-11,0,0.0,
acct_04187,tenant_006,manufacturing,6,8275.41,583,31.8,0,338,2025-12-17,1,11639.77,2026-01-13
acct_04188,tenant_007,saas,5,17646.7,222,56.7,0,68,2025-12-28,0,0.0,
acct_04189,tenant_008,healthcare,5,6806.68,245,45.4,3,2,2025-12-20,0,0.0,
acct_04190,tenant_009,saas,14,39430.84,394,54.1,0,360,2025-12-09,0,0.0,
acct_04191,tenant_010,saas,3,5781.8,359,24.1,6,215,2025-12-10,0,0.0,
acct_04192,tenant_011,healthcare,3,7121.46,124,46.5,1,132,2025-12-14,0,0.0,
acct_04193,tenant_012,saas,3,3058.4,337,30.0,2,299,2025-12-07,0,0.0,
acct_04194,tenant_013,finance,3,5969.6,629,40.3,2,115,2025-12-26,0,0.0,
acct_04195,tenant_014,healthcare,6,2980.83,653,17.2,2,303,2025-12-20,0,0.0,
acct_04196,tenant_015,healthcare,3,8965.79,805,45.6,2,219,2025-12-15,0,0.0,
acct_04197,tenant_016,retail,7,2145.31,357,35.4,0,318,2025-12-12,0,0.0,
acct_04198,tenant_017,manufacturing,13,16166.04,236,88.6,0,3,2025-12-12,1,28359.82,2026-03-07
acct_04199,tenant_018,manufacturing,9,9522.05,362,72.6,0,1,2025-12-27,0,0.0,
acct_04200,tenant_019,finance,1,2879.74,357,0.0,6,164,2026-01-02,0,0.0,
acct_04201,tenant_020,healthcare,13,63031.22,1510,72.0,2,311,2025-12-30,0,0.0,
acct_04202,tenant_021,manufacturing,5,2015.49,159,21.1,0,234,2025-12-16,0,0.0,
acct_04203,tenant_022,finance,19,52949.62,554,85.6,1,281,2025-12-15,0,0.0,
acct_04204,tenant_023,finance,17,30646.63,420,73.8,1,173,2026-01-02,1,29374.89,2026-01-11
acct_04205,tenant_024,healthcare,2,3663.63,184,23.3,4,8,2025-12-22,0,0.0,
acct_04206,tenant_025,saas,5,8015.65,525,53.8,0,354,2026-01-02,1,10874.41,2026-01-12
acct_04207,tenant_026,manufacturing,9,22809.69,238,87.6,0,223,2025-12-15,1,13279.08,2026-03-22
acct_04208,tenant_027,saas,24,18674.07,380,91.6,2,172,2025-12-08,1,12034.1,2026-02-23
acct_04209,tenant_028,saas,7,4214.45,512,1.5,1,182,2025-12-30,0,0.0,
acct_04210,tenant_029,healthcare,13,21129.57,647,81.8,1,4,2025-12-15,1,18402.73,2026-02-08
acct_04211,tenant_030,manufacturing,12,9969.22,812,52.7,2,110,2026-01-05,0,0.0,
acct_04212,tenant_031,saas,5,8888.89,240,45.4,3,82,2026-01-03,1,6432.15,2026-02-15
acct_04213,tenant_032,healthcare,6,3799.13,636,38.1,1,112,2025-12-12,0,0.0,
acct_04214,tenant_033,finance,7,51977.72,900,69.7,0,140,2025-12-14,1,103519.43,2026-01-09
acct_04215,tenant_034,retail,7,5225.25,145,53.3,2,273,2025-12-30,0,0.0,
acct_04216,tenant_035,healthcare,25,19642.85,324,100.0,1,74,2025-12-14,1,28672.58,2026-03-23
acct_04217,tenant_036,healthcare,5,4207.8,152,28.3,0,75,2025-12-12,0,0.0,
acct_04218,tenant_000,healthcare,20,30004.81,407,80.5,1,274,2025-12-08,0,0.0,
acct_04219,tenant_001,healthcare,3,1952.9,155,31.4,2,176,2025-12-17,0,0.0,
acct_04220,tenant_002,saas,2,30825.9,2000,55.1,0,126,2025-12-31,0,0.0,
acct_04221,tenant_003,saas,2,7056.67,423,35.3,0,69,2026-01-04,1,4305.89,2026-03-26
acct_04222,tenant_004,retail,5,769.25,33,39.1,1,191,2026-01-02,0,0.0,
acct_04223,tenant_005,saas,16,8626.54,178,56.9,0,172,2025-12-10,1,6555.75,2026-02-18
acct_04224,tenant_006,finance,8,13756.85,445,55.3,4,304,2025-12-21,1,16665.99,2026-03-18
acct_04225,tenant_007,manufacturing,17,8769.3,198,97.2,1,342,2025-12-24,0,0.0,
acct_04226,tenant_008,saas,3,2341.97,194,0.0,1,131,2026-01-01,0,0.0,
acct_04227,tenant_009,finance,31,25840.81,82,100.0,1,346,2025-12-11,1,27318.09,2026-01-07
acct_04228,tenant_010,saas,31,13556.83,169,100.0,0,121,2025-12-10,1,9929.66,2026-02-01
acct_04229,tenant_011,retail,2,2529.43,305,0.0,0,114,2025-12-28,0,0.0,
acct_04230,tenant_012,finance,8,4658.16,327,42.8,1,21,2025-12-17,0,0.0,
acct_04231,tenant_013,finance,13,16552.69,104,88.3,2,178,2025-12-16,1,25314.01,2026-04-02
acct_04232,tenant_014,healthcare,9,9040.92,99,39.6,0,96,2025-12-27,0,0.0,
acct_04233,tenant_015,saas,20,68639.42,110,88.7,0,275,2025-12-18,1,48103.52,2026-03-11
acct_04234,tenant_016,manufacturing,8,3060.19,626,27.5,0,254,2025-12-22,0,0.0,
acct_04235,tenant_017,healthcare,8,3303.7,136,40.7,2,291,2025-12-27,0,0.0,
acct_04236,tenant_018,manufacturing,5,17888.93,1492,11.8,5,257,2025-12-10,0,0.0,
acct_04237,tenant_019,saas,3,1609.32,191,10.9,6,94,2025-12-23,0,0.0,
acct_04238,tenant_020,saas,4,5141.98,348,41.4,2,252,2025-12-12,0,0.0,
acct_04239,tenant_021,healthcare,7,13473.8,466,55.4,1,204,2025-12-14,1,24787.09,2026-01-18
acct_04240,tenant_022,retail,15,1504.7,117,43.9,1,268,2025-12-26,0,0.0,
acct_04241,tenant_023,retail,10,4616.98,309,63.1,4,125,2025-12-11,0,0.0,
acct_04242,tenant_024,healthcare,6,6063.27,412,60.1,1,100,2025-12-23,0,0.0,
acct_04243,tenant_025,healthcare,11,5828.38,409,37.3,1,116,2025-12-31,0,0.0,
acct_04244,tenant_026,healthcare,8,4930.76,557,44.0,1,298,2025-12-12,0,0.0,
acct_04245,tenant_027,saas,17,38002.96,782,86.4,0,246,2025-12-11,1,49526.2,2026-02-23
acct_04246,tenant_028,retail,5,907.91,168,10.5,3,301,2025-12-18,0,0.0,
acct_04247,tenant_029,retail,5,2313.82,188,37.0,2,38,2025-12-16,0,0.0,
acct_04248,tenant_030,manufacturing,15,8240.69,122,70.1,0,9,2025-12-20,1,7802.69,2026-02-16
acct_04249,tenant_031,manufacturing,4,865.77,45,32.6,4,198,2025-12-12,1,1102.63,2026-02-25
acct_04250,tenant_032,manufacturing,4,1217.44,109,30.6,2,112,2025-12-19,0,0.0,
acct_04251,tenant_033,retail,7,1187.28,122,34.2,0,52,2026-01-03,0,0.0,
acct_04252,tenant_034,saas,12,7560.75,393,43.4,4,21,2026-01-02,0,0.0,
acct_04253,tenant_035,finance,3,9177.5,529,39.3,3,81,2025-12-08,0,0.0,
acct_04254,tenant_036,manufacturing,11,6028.97,341,54.8,1,103,2025-12-31,0,0.0,
acct_04255,tenant_000,healthcare,5,3248.34,686,28.4,2,106,2025-12-10,0,0.0,
acct_04256,tenant_001,healthcare,6,4888.86,438,45.0,0,112,2026-01-05,0,0.0,
acct_04257,tenant_002,manufacturing,10,12922.89,692,82.3,0,109,2025-12-25,1,10001.51,2026-03-03
acct_04258,tenant_003,saas,8,9236.95,662,66.6,0,15,2026-01-04,1,11765.01,2026-02-08
acct_04259,tenant_004,manufacturing,6,3412.32,276,50.5,2,88,2026-01-02,1,6297.1,2026-02-08
acct_04260,tenant_005,healthcare,11,4836.98,620,48.2,1,164,2025-12-31,0,0.0,
acct_04261,tenant_006,healthcare,13,8007.7,84,74.3,1,244,2025-12-14,0,0.0,
acct_04262,tenant_007,manufacturing,3,713.38,141,0.0,1,287,2026-01-03,0,0.0,
acct_04263,tenant_008,finance,1,16669.56,397,37.7,2,184,2025-12-18,0,0.0,
acct_04264,tenant_009,finance,4,3836.75,463,18.4,1,299,2025-12-24,0,0.0,
acct_04265,tenant_010,manufacturing,8,4909.5,708,37.8,4,254,2025-12-17,0,0.0,
acct_04266,tenant_011,retail,5,3400.26,424,36.4,1,97,2025-12-16,0,0.0,
acct_04267,tenant_012,saas,14,21926.81,252,79.4,0,293,2025-12-17,1,26883.18,2026-01-31
acct_04268,tenant_013,retail,7,2133.24,254,24.9,1,188,2025-12-11,0,0.0,
acct_04269,tenant_014,saas,4,10391.89,570,53.5,1,254,2025-12-23,0,0.0,
acct_04270,tenant_015,healthcare,5,10919.62,658,73.1,0,343,2026-01-01,1,12017.24,2026-03-02
acct_04271,tenant_016,manufacturing,16,10977.98,331,64.9,1,333,2026-01-04,0,0.0,
acct_04272,tenant_017,healthcare,13,21352.03,1340,64.5,0,191,2025-12-25,1,33128.53,2026-02-21
acct_04273,tenant_018,healthcare,8,3521.09,146,50.5,0,342,2025-12-15,0,0.0,
acct_04274,tenant_019,finance,10,16310.06,241,63.5,1,364,2025-12-14,0,0.0,
acct_04275,tenant_020,retail,9,4223.08,145,55.6,1,46,2026-01-04,1,2910.35,2026-03-27
acct_04276,tenant_021,healthcare,6,4181.46,117,52.6,1,300,2025-12-15,0,0.0,
acct_04277,tenant_022,healthcare,7,3873.41,218,46.7,2,63,2025-12-31,0,0.0,
acct_04278,tenant_023,saas,10,15714.07,225,65.9,1,133,2025-12-28,1,30054.48,2026-02-07
acct_04279,tenant_024,retail,4,894.84,320,35.1,2,306,2025-12-24,0,0.0,
acct_04280,tenant_025,saas,3,3897.86,388,41.3,2,10,2025-12-18,0,0.0,
acct_04281,tenant_026,saas,19,24876.99,259,93.0,1,58,2025-12-18,1,62151.6,2026-02-15
acct_04282,tenant_027,saas,6,4481.2,201,46.8,3,295,2025-12-24,0,0.0,
acct_04283,tenant_028,healthcare,26,18634.95,699,79.8,1,28,2025-12-31,0,0.0,
acct_04284,tenant_029,saas,7,7731.21,269,45.8,3,43,2025-12-19,0,0.0,
acct_04285,tenant_030,finance,7,10244.28,482,57.7,1,226,2025-12-28,1,16275.39,2026-03-07
acct_04286,tenant_031,healthcare,6,12285.2,675,71.8,0,247,2025-12-28,1,6682.93,2026-01-24
acct_04287,tenant_032,saas,4,15887.4,2000,45.1,0,355,2025-12-20,1,24644.02,2026-03-17
acct_04288,tenant_033,finance,8,16645.4,687,31.6,2,35,2025-12-12,0,0.0,
acct_04289,tenant_034,saas,10,5965.75,165,68.4,1,113,2025-12-29,0,0.0,
acct_04290,tenant_035,saas,8,5032.58,257,64.1,1,247,2025-12-16,0,0.0,
acct_04291,tenant_036,retail,2,7810.59,936,44.2,0,180,2025-12-07,0,0.0,
acct_04292,tenant_000,healthcare,10,12666.71,364,40.1,1,140,2025-12-11,1,21114.49,2026-03-21
acct_04293,tenant_001,finance,8,26305.05,119,54.3,1,69,2025-12-12,0,0.0,
acct_04294,tenant_002,manufacturing,20,5556.36,71,66.8,1,242,2025-12-17,0,0.0,
acct_04295,tenant_003,saas,9,4130.63,211,31.8,2,133,2026-01-03,0,0.0,
acct_04296,tenant_004,healthcare,5,3731.38,323,36.2,0,216,2025-12-18,0,0.0,
acct_04297,tenant_005,finance,14,20662.61,97,75.6,0,50,2025-12-14,0,0.0,
acct_04298,tenant_006,saas,25,15480.28,269,95.7,0,358,2025-12-07,1,10544.17,2026-02-12
acct_04299,tenant_007,manufacturing,12,13925.18,276,66.1,2,60,2026-01-03,0,0.0,
acct_04300,tenant_008,healthcare,19,14695.6,154,75.7,1,189,2025-12-23,1,10210.77,2026-03-07
acct_04301,tenant_009,healthcare,1,4826.76,311,29.2,2,18,2025-12-15,0,0.0,
acct_04302,tenant_010,retail,5,2414.77,66,64.8,0,80,2025-12-08,1,2413.83,2026-02-12
acct_04303,tenant_011,finance,7,10930.73,266,39.6,3,305,2025-12-13,0,0.0,
acct_04304,tenant_012,saas,10,8929.14,235,58.4,0,106,2025-12-14,1,7727.15,2026-01-27
acct_04305,tenant_013,retail,7,2925.53,149,55.6,0,13,2025-12-22,0,0.0,
acct_04306,tenant_014,manufacturing,3,6850.48,291,35.0,1,214,2025-12-19,0,0.0,
acct_04307,tenant_015,finance,10,9649.57,211,39.3,1,196,2025-12-21,0,0.0,
acct_04308,tenant_016,finance,1,7091.79,832,35.5,1,298,2025-12-16,0,0.0,
acct_04309,tenant_017,finance,2,9341.3,261,29.0,1,53,2025-12-16,0,0.0,
acct_04310,tenant_018,finance,16,54862.76,653,62.1,2,262,2025-12-30,0,0.0,
acct_04311,tenant_019,manufacturing,4,2503.56,162,36.1,2,142,2025-12-17,0,0.0,
acct_04312,tenant_020,retail,5,6927.62,302,50.6,2,358,2025-12-31,0,0.0,
acct_04313,tenant_021,retail,10,1365.94,42,34.7,0,142,2025-12-09,0,0.0,
acct_04314,tenant_022,healthcare,4,16263.83,1568,37.6,1,193,2025-12-25,0,0.0,
acct_04315,tenant_023,finance,10,29434.04,1157,39.3,4,130,2025-12-09,0,0.0,
acct_04316,tenant_024,finance,5,3656.11,116,42.0,2,272,2025-12-12,0,0.0,
acct_04317,tenant_025,retail,8,1678.86,248,42.2,0,321,2025-12-13,0,0.0,
acct_04318,tenant_026,saas,1,1075.43,168,33.8,0,297,2025-12-14,0,0.0,
acct_04319,tenant_027,retail,4,3660.1,485,45.4,1,345,2025-12-29,0,0.0,
acct_04320,tenant_028,retail,5,4120.06,72,57.1,0,249,2026-01-01,0,0.0,
acct_04321,tenant_029,healthcare,7,4415.89,158,47.5,3,41,2025-12-23,1,9923.05,2026-03-16
acct_04322,tenant_030,manufacturing,5,3737.98,360,47.5,1,230,2025-12-14,0,0.0,
acct_04323,tenant_031,saas,16,13294.71,285,75.9,2,57,2025-12-16,1,13329.49,2026-02-09
acct_04324,tenant_032,saas,15,20574.21,302,89.4,2,255,2025-12-22,0,0.0,
acct_04325,tenant_033,retail,3,1896.33,476,11.2,1,220,2025-12-27,0,0.0,
acct_04326,tenant_034,finance,18,26413.54,131,72.4,0,56,2025-12-15,1,45895.87,2026-03-08
acct_04327,tenant_035,healthcare,9,3895.0,178,41.9,1,295,2025-12-26,0,0.0,
acct_04328,tenant_036,saas,7,37390.6,2000,48.4,0,245,2025-12-11,1,45803.33,2026-03-05
acct_04329,tenant_000,manufacturing,14,6582.41,723,69.2,0,244,2025-12-21,1,11031.13,2026-01-08
acct_04330,tenant_001,manufacturing,9,3397.17,78,46.7,1,100,2025-12-13,0,0.0,
acct_04331,tenant_002,manufacturing,7,10494.36,714,30.3,1,278,2025-12-11,0,0.0,
acct_04332,tenant_003,manufacturing,5,23215.72,775,55.7,1,293,2025-12-26,1,23899.1,2026-03-08
acct_04333,tenant_004,finance,11,10912.19,159,47.0,0,210,2026-01-03,0,0.0,
acct_04334,tenant_005,healthcare,21,70854.13,776,89.9,0,326,2025-12-27,1,37066.52,2026-01-10
acct_04335,tenant_006,retail,11,1984.62,144,59.4,2,160,2025-12-11,1,2765.69,2026-03-05
acct_04336,tenant_007,saas,8,24559.02,1011,73.7,2,360,2025-12-10,1,37659.58,2026-03-04
acct_04337,tenant_008,finance,24,24219.92,181,100.0,0,97,2025-12-16,1,25972.4,2026-01-26
acct_04338,tenant_009,saas,4,7696.67,857,37.2,3,167,2025-12-19,0,0.0,
acct_04339,tenant_010,healthcare,6,11059.45,984,46.7,0,301,2025-12-09,1,7391.41,2026-01-12
acct_04340,tenant_011,healthcare,2,5105.58,244,19.0,5,9,2025-12-07,0,0.0,
acct_04341,tenant_012,finance,6,9584.33,270,47.8,2,1,2025-12-29,1,5732.16,2026-02-27
acct_04342,tenant_013,retail,25,9547.11,361,80.1,0,337,2025-12-25,1,10278.32,2026-01-14
acct_04343,tenant_014,saas,6,3989.71,251,40.4,0,282,2025-12-21,0,0.0,
acct_04344,tenant_015,manufacturing,14,36026.87,1615,74.9,1,234,2025-12-19,1,18875.18,2026-03-17
acct_04345,tenant_016,manufacturing,32,47474.95,741,100.0,0,114,2025-12-13,1,134160.01,2026-01-31
acct_04346,tenant_017,saas,9,8190.52,367,56.4,2,326,2025-12-10,0,0.0,
acct_04347,tenant_018,finance,4,2369.35,92,49.2,0,302,2025-12-20,0,0.0,
acct_04348,tenant_019,retail,2,4997.69,414,27.7,1,236,2025-12-07,0,0.0,
acct_04349,tenant_020,saas,8,25212.66,461,83.4,0,121,2025-12-29,1,25418.72,2026-04-04
acct_04350,tenant_021,retail,5,1824.68,157,27.5,2,364,2025-12-11,0,0.0,
acct_04351,tenant_022,retail,11,19689.57,464,58.5,0,246,2025-12-17,0,0.0,
acct_04352,tenant_023,finance,13,24604.78,399,89.3,0,13,2025-12-14,1,29653.41,2026-02-07
acct_04353,tenant_024,retail,19,16707.04,330,59.6,1,349,2025-12-22,0,0.0,
acct_04354,tenant_025,saas,4,7034.96,347,52.4,1,66,2025-12-25,1,11514.31,2026-02-25
acct_04355,tenant_026,healthcare,7,7764.78,719,47.7,1,58,2025-12-19,1,6086.07,2026-02-06
acct_04356,tenant_027,finance,9,8932.29,239,64.4,1,342,2025-12-09,0,0.0,
acct_04357,tenant_028,manufacturing,41,19361.78,108,100.0,0,233,2025-12-11,1,34996.27,2026-04-02
acct_04358,tenant_029,retail,5,1594.32,181,33.8,1,205,2025-12-12,0,0.0,
acct_04359,tenant_030,finance,4,3736.3,145,37.9,1,338,2025-12-18,0,0.0,
acct_04360,tenant_031,healthcare,5,7605.8,397,46.3,2,88,2025-12-25,0,0.0,
acct_04361,tenant_032,manufacturing,11,8918.04,703,52.3,0,126,2025-12-10,0,0.0,
acct_04362,tenant_033,finance,5,11762.95,134,18.6,2,137,2025-12-17,0,0.0,
acct_04363,tenant_034,finance,9,23857.46,392,50.9,1,297,2025-12-24,0,0.0,
acct_04364,tenant_035,retail,12,5394.21,176,66.1,0,207,2025-12-20,1,3151.53,2026-01-06
acct_04365,tenant_036,saas,16,13150.96,60,69.0,0,314,2026-01-02,0,0.0,
acct_04366,tenant_000,finance,10,3631.91,415,16.5,3,259,2025-12-17,0,0.0,
acct_04367,tenant_001,finance,4,2854.83,619,20.0,2,59,2025-12-15,0,0.0,
acct_04368,tenant_002,saas,5,1460.69,171,29.4,2,73,2025-12-19,0,0.0,
acct_04369,tenant_003,finance,10,22918.3,270,72.3,1,268,2025-12-18,1,18691.58,2026-03-13
acct_04370,tenant_004,retail,5,3256.98,275,18.6,2,193,2025-12-22,0,0.0,
acct_04371,tenant_005,saas,13,15155.15,74,88.3,0,11,2025-12-13,1,10320.4,2026-02-14
acct_04372,tenant_006,manufacturing,7,10213.32,452,27.1,3,273,2025-12-25,0,0.0,
acct_04373,tenant_007,saas,18,29177.99,1656,63.3,2,86,2025-12-23,0,0.0,
acct_04374,tenant_008,healthcare,4,2079.39,323,15.0,0,297,2026-01-01,0,0.0,
acct_04375,tenant_009,saas,10,15322.57,177,56.4,1,242,2026-01-02,0,0.0,
acct_04376,tenant_010,finance,1,8972.14,605,15.6,1,338,2026-01-02,0,0.0,
acct_04377,tenant_011,manufacturing,10,6920.01,193,46.5,3,206,2025-12-16,0,0.0,
acct_04378,tenant_012,saas,9,3956.34,329,27.7,3,296,2025-12-13,0,0.0,
acct_04379,tenant_013,finance,7,21788.16,475,81.8,0,99,2025-12-31,1,25586.0,2026-01-18
acct_04380,tenant_014,saas,7,7249.74,486,45.6,2,123,2025-12-09,1,7086.96,2026-02-08
acct_04381,tenant_015,healthcare,2,2300.77,166,2.7,2,199,2025-12-20,0,0.0,
acct_04382,tenant_016,retail,18,11779.17,161,73.2,1,343,2025-12-10,0,0.0,
acct_04383,tenant_017,saas,4,2787.29,256,12.6,3,81,2025-12-08,0,0.0,
acct_04384,tenant_018,saas,22,21884.3,376,70.7,0,169,2025-12-14,1,36005.1,2026-01-08
acct_04385,tenant_019,healthcare,11,28551.73,619,69.7,0,79,2025-12-16,1,33423.29,2026-01-15
acct_04386,tenant_020,finance,7,13177.29,654,46.4,1,214,2025-12-08,0,0.0,
acct_04387,tenant_021,healthcare,4,4513.46,319,16.6,0,261,2025-12-26,1,2533.61,2026-03-06
acct_04388,tenant_022,saas,7,12505.29,600,37.0,1,215,2025-12-20,0,0.0,
acct_04389,tenant_023,retail,9,7178.5,923,28.6,2,242,2025-12-07,0,0.0,
acct_04390,tenant_024,manufacturing,4,3246.1,315,3.5,3,311,2026-01-02,0,0.0,
acct_04391,tenant_025,retail,5,2885.41,267,25.4,2,269,2025-12-09,0,0.0,
acct_04392,tenant_026,retail,11,3472.67,392,64.5,0,318,2025-12-23,0,0.0,
acct_04393,tenant_027,finance,2,11252.16,428,45.6,1,22,2025-12-25,0,0.0,
acct_04394,tenant_028,saas,7,8717.42,891,33.3,0,178,2025-12-17,0,0.0,
acct_04395,tenant_029,retail,8,4107.74,132,58.5,0,309,2025-12-16,0,0.0,
acct_04396,tenant_030,healthcare,6,5665.89,357,39.3,1,172,2025-12-29,0,0.0,
acct_04397,tenant_031,manufacturing,6,1956.84,559,22.6,1,198,2025-12-29,0,0.0,
acct_04398,tenant_032,saas,4,8780.24,203,43.0,0,328,2025-12-25,1,3676.1,2026-03-07
acct_04399,tenant_033,manufacturing,8,18875.9,825,41.3,2,213,2025-12-07,0,0.0,
acct_04400,tenant_034,healthcare,2,11396.33,380,38.4,1,294,2025-12-26,0,0.0,
acct_04401,tenant_035,retail,5,4448.81,76,59.4,0,216,2025-12-27,0,0.0,
acct_04402,tenant_036,retail,4,940.11,1094,4.4,5,18,2025-12-15,0,0.0,
acct_04403,tenant_000,saas,20,42921.49,242,75.4,0,90,2025-12-31,1,57474.53,2026-03-14
acct_04404,tenant_001,manufacturing,7,3373.9,194,53.9,1,241,2025-12-26,0,0.0,
acct_04405,tenant_002,manufacturing,9,13476.23,190,72.4,1,6,2025-12-15,0,0.0,
acct_04406,tenant_003,manufacturing,10,10213.59,685,44.0,1,277,2025-12-25,0,0.0,
acct_04407,tenant_004,finance,15,13837.76,227,74.2,0,209,2025-12-17,1,21001.25,2026-03-20
acct_04408,tenant_005,saas,15,6585.54,370,68.3,0,160,2025-12-12,1,9209.04,2026-02-08
acct_04409,tenant_006,healthcare,3,1242.25,72,0.2,1,95,2025-12-24,0,0.0,
acct_04410,tenant_007,manufacturing,17,17010.58,412,75.1,0,141,2026-01-01,1,9504.12,2026-01-30
acct_04411,tenant_008,saas,14,28094.16,758,74.2,0,220,2025-12-16,1,34156.88,2026-03-17
acct_04412,tenant_009,manufacturing,9,6263.43,422,79.4,0,279,2025-12-23,0,0.0,
acct_04413,tenant_010,saas,6,5667.34,956,42.4,1,319,2025-12-09,1,7363.48,2026-03-31
acct_04414,tenant_011,healthcare,5,12191.54,834,33.8,1,152,2025-12-16,0,0.0,
acct_04415,tenant_012,retail,6,4167.28,114,47.4,1,94,2025-12-26,0,0.0,
acct_04416,tenant_013,retail,3,1290.23,202,32.5,4,56,2026-01-02,0,0.0,
acct_04417,tenant_014,manufacturing,7,8324.12,297,32.9,2,107,2025-12-07,0,0.0,
acct_04418,tenant_015,finance,5,6523.48,410,23.0,1,31,2026-01-01,0,0.0,
acct_04419,tenant_016,manufacturing,16,23386.66,719,67.7,1,346,2026-01-04,1,46640.28,2026-01-06
acct_04420,tenant_017,retail,10,2621.94,218,42.3,0,41,2025-12-20,0,0.0,
acct_04421,tenant_018,saas,9,6737.31,250,55.8,0,334,2025-12-28,1,4120.41,2026-02-02
acct_04422,tenant_019,saas,7,12299.36,229,59.0,0,28,2025-12-28,1,9610.62,2026-03-02
acct_04423,tenant_020,manufacturing,7,2226.71,75,39.0,2,359,2025-12-21,0,0.0,
acct_04424,tenant_021,saas,8,7701.11,1889,26.1,2,10,2025-12-10,1,14263.1,2026-01-14
acct_04425,tenant_022,manufacturing,18,49576.97,412,93.5,1,277,2025-12-30,0,0.0,
acct_04426,tenant_023,manufacturing,13,34570.89,201,70.5,0,31,2025-12-11,1,23848.72,2026-02-01
acct_04427,tenant_024,saas,9,12644.36,688,64.1,2,98,2025-12-22,1,6035.63,2026-03-31
acct_04428,tenant_025,retail,7,11345.47,718,55.6,1,360,2025-12-19,0,0.0,
acct_04429,tenant_026,healthcare,8,8533.69,155,55.7,3,82,2025-12-10,0,0.0,
acct_04430,tenant_027,finance,11,10997.99,372,56.4,1,226,2025-12-28,0,0.0,
acct_04431,tenant_028,finance,6,7335.89,96,63.3,0,204,2026-01-04,0,0.0,
acct_04432,tenant_029,finance,7,4795.02,283,31.3,3,300,2025-12-12,0,0.0,
acct_04433,tenant_030,saas,1,1493.49,235,0.0,3,210,2025-12-13,0,0.0,
acct_04434,tenant_031,saas,4,1668.91,689,0.1,1,129,2026-01-05,0,0.0,
acct_04435,tenant_032,saas,6,11230.41,1679,60.5,1,127,2026-01-02,1,10292.78,2026-01-20
acct_04436,tenant_033,saas,12,18615.78,833,61.1,1,37,2025-12-17,1,10143.91,2026-01-30
acct_04437,tenant_034,healthcare,25,32836.86,99,100.0,0,144,2025-12-17,1,33985.61,2026-03-27
acct_04438,tenant_035,healthcare,22,23053.84,240,94.1,0,132,2025-12-08,1,27475.98,2026-01-14
acct_04439,tenant_036,finance,8,18525.52,134,58.2,1,186,2025-12-31,0,0.0,
acct_04440,tenant_000,manufacturing,37,32244.3,249,100.0,1,177,2025-12-13,1,25977.1,2026-02-27
acct_04441,tenant_001,saas,9,15424.34,575,45.4,2,27,2025-12-13,0,0.0,
acct_04442,tenant_002,finance,5,9577.01,177,35.3,0,238,2025-12-07,0,0.0,
acct_04443,tenant_003,manufacturing,2,3119.5,305,0.0,5,363,2025-12-28,0,0.0,
acct_04444,tenant_004,saas,15,5966.76,290,69.6,0,32,2025-12-09,0,0.0,
acct_04445,tenant_005,saas,8,4388.05,397,51.4,1,233,2025-12-29,1,6334.84,2026-02-24
acct_04446,tenant_006,saas,4,5130.22,454,15.2,2,297,2025-12-21,0,0.0,
acct_04447,tenant_007,saas,7,43635.53,1216,39.6,2,144,2025-12-31,0,0.0,
acct_04448,tenant_008,manufacturing,2,2152.0,598,11.5,5,107,2026-01-05,0,0.0,
acct_04449,tenant_009,retail,1,6448.3,150,27.3,1,87,2025-12-31,0,0.0,
acct_04450,tenant_010,saas,10,17788.66,427,78.9,0,68,2025-12-18,1,15944.57,2026-02-19
acct_04451,tenant_011,manufacturing,10,10989.09,103,79.9,0,54,2025-12-19,1,15023.32,2026-03-27
acct_04452,tenant_012,healthcare,10,8910.79,113,68.4,3,163,2025-12-10,1,5532.57,2026-03-11
acct_04453,tenant_013,manufacturing,12,19355.35,351,53.2,1,346,2025-12-31,0,0.0,
acct_04454,tenant_014,finance,9,11921.59,462,51.9,2,155,2025-12-07,0,0.0,
acct_04455,tenant_015,saas,10,19106.34,286,50.4,2,71,2025-12-31,0,0.0,
acct_04456,tenant_016,finance,10,22416.66,780,96.0,0,272,2025-12-29,1,36363.52,2026-02-16
acct_04457,tenant_017,finance,5,11705.35,345,53.3,0,61,2025-12-21,0,0.0,
acct_04458,tenant_018,saas,8,2830.96,134,48.3,2,168,2025-12-15,0,0.0,
acct_04459,tenant_019,retail,16,27666.65,561,82.6,0,218,2025-12-16,1,28604.91,2026-04-04
acct_04460,tenant_020,manufacturing,8,12422.99,281,61.1,1,31,2025-12-15,0,0.0,
acct_04461,tenant_021,retail,6,5953.89,56,49.1,1,120,2025-12-14,0,0.0,
acct_04462,tenant_022,saas,23,23537.75,514,80.6,0,293,2025-12-24,1,21174.48,2026-01-31
acct_04463,tenant_023,saas,10,16543.58,876,27.2,0,61,2025-12-15,0,0.0,
acct_04464,tenant_024,manufacturing,9,10770.03,434,75.6,1,27,2025-12-31,0,0.0,
acct_04465,tenant_025,finance,2,801.98,187,11.5,5,149,2025-12-21,0,0.0,
acct_04466,tenant_026,saas,7,2988.63,118,46.5,2,79,2025-12-13,0,0.0,
acct_04467,tenant_027,manufacturing,8,6194.82,549,21.5,3,244,2025-12-22,0,0.0,
acct_04468,tenant_028,finance,15,25187.49,595,59.8,2,101,2025-12-19,0,0.0,
acct_04469,tenant_029,finance,6,3324.21,416,27.1,2,280,2025-12-16,0,0.0,
acct_04470,tenant_030,saas,4,8740.81,536,37.3,0,67,2025-12-20,1,11965.07,2026-01-22
acct_04471,tenant_031,healthcare,11,39051.58,513,83.9,0,209,2025-12-17,1,73514.17,2026-02-11
acct_04472,tenant_032,finance,9,9998.36,106,44.3,4,28,2025-12-30,0,0.0,
acct_04473,tenant_033,healthcare,5,3295.8,208,22.8,4,299,2025-12-27,0,0.0,
acct_04474,tenant_034,saas,21,18465.05,118,79.6,2,184,2025-12-07,0,0.0,
acct_04475,tenant_035,healthcare,1,7462.9,351,21.3,2,109,2025-12-28,0,0.0,
acct_04476,tenant_036,saas,10,13226.93,244,85.0,0,56,2025-12-31,1,13348.58,2026-03-28
acct_04477,tenant_000,healthcare,5,4232.03,383,31.4,1,265,2025-12-18,0,0.0,
acct_04478,tenant_001,saas,19,48228.49,275,88.1,2,41,2025-12-26,1,51477.42,2026-02-12
acct_04479,tenant_002,finance,10,3655.31,116,41.0,0,360,2026-01-01,0,0.0,
acct_04480,tenant_003,finance,3,23941.29,250,44.8,0,129,2025-12-08,1,15676.67,2026-03-22
acct_04481,tenant_004,saas,11,6428.72,241,67.4,1,333,2025-12-16,1,6487.32,2026-03-11
acct_04482,tenant_005,manufacturing,10,3694.49,62,59.3,1,61,2025-12-28,1,6805.68,2026-03-10
acct_04483,tenant_006,manufacturing,3,8827.72,393,39.8,0,283,2025-12-08,0,0.0,
acct_04484,tenant_007,manufacturing,10,10081.32,650,71.4,0,178,2025-12-10,1,14385.56,2026-02-15
acct_04485,tenant_008,retail,4,1388.56,411,20.8,1,113,2025-12-09,0,0.0,
acct_04486,tenant_009,retail,6,5130.53,891,51.3,2,258,2025-12-23,0,0.0,
acct_04487,tenant_010,manufacturing,7,13014.45,781,34.0,0,211,2025-12-19,0,0.0,
acct_04488,tenant_011,saas,5,5638.85,246,52.5,3,54,2026-01-02,0,0.0,
acct_04489,tenant_012,finance,7,17082.58,535,26.4,1,150,2025-12-13,0,0.0,
acct_04490,tenant_013,finance,7,30591.18,841,45.9,2,46,2026-01-02,1,14634.35,2026-01-30
acct_04491,tenant_014,manufacturing,4,1091.52,139,6.3,2,221,2025-12-09,0,0.0,
acct_04492,tenant_015,manufacturing,1,19138.29,472,46.0,0,263,2025-12-19,0,0.0,
acct_04493,tenant_016,finance,3,11063.56,355,0.0,1,165,2026-01-01,0,0.0,
acct_04494,tenant_017,manufacturing,5,1882.26,162,43.1,2,91,2025-12-11,1,1980.86,2026-03-03
acct_04495,tenant_018,saas,14,7169.38,119,58.3,3,20,2025-12-27,1,8427.28,2026-02-08
acct_04496,tenant_019,healthcare,10,5134.0,119,37.4,0,180,2025-12-08,1,4684.59,2026-03-05
acct_04497,tenant_020,saas,10,38902.3,1152,70.7,2,301,2025-12-31,1,30716.38,2026-02-25
acct_04498,tenant_021,manufacturing,18,6447.9,80,96.4,0,164,2025-12-20,0,0.0,
acct_04499,tenant_022,retail,4,4147.99,437,36.8,1,316,2025-12-25,0,0.0,
acct_04500,tenant_023,saas,11,28980.46,686,77.0,0,70,2025-12-27,1,47459.8,2026-01-24
acct_04501,tenant_024,manufacturing,11,9699.84,474,42.5,1,18,2025-12-18,0,0.0,
acct_04502,tenant_025,finance,6,3029.79,311,30.9,1,141,2025-12-18,0,0.0,
acct_04503,tenant_026,manufacturing,11,17535.15,132,87.1,0,220,2025-12-17,1,26687.49,2026-02-12
acct_04504,tenant_027,saas,13,19144.13,604,77.0,2,193,2026-01-02,0,0.0,
acct_04505,tenant_028,saas,7,7147.78,394,40.2,1,215,2025-12-10,1,12567.08,2026-03-24
acct_04506,tenant_029,saas,9,14142.44,340,42.4,1,18,2025-12-26,1,23626.26,2026-02-08
acct_04507,tenant_030,saas,9,18537.08,453,77.0,0,48,2025-12-21,1,29934.83,2026-02-16
acct_04508,tenant_031,manufacturing,3,5531.2,634,23.5,3,55,2025-12-26,0,0.0,
acct_04509,tenant_032,retail,5,4047.4,336,44.3,1,302,2025-12-23,0,0.0,
acct_04510,tenant_033,manufacturing,8,10193.79,308,28.7,1,361,2025-12-31,0,0.0,
acct_04511,tenant_034,finance,6,18373.62,419,35.9,3,275,2025-12-18,0,0.0,
acct_04512,tenant_035,manufacturing,5,3775.41,282,44.5,2,195,2025-12-17,0,0.0,
acct_04513,tenant_036,finance,17,51091.08,340,72.3,0,164,2025-12-17,1,111092.21,2026-01-17
acct_04514,tenant_000,healthcare,11,7515.1,308,46.8,2,257,2025-12-21,0,0.0,
acct_04515,tenant_001,saas,4,7675.06,220,57.6,0,229,2025-12-14,0,0.0,
acct_04516,tenant_002,retail,6,3160.95,780,19.6,2,239,2025-12-18,0,0.0,
acct_04517,tenant_003,saas,29,45428.36,516,90.2,1,44,2025-12-28,1,39445.08,2026-01-13
acct_04518,tenant_004,finance,6,2273.15,290,43.8,1,296,2025-12-20,0,0.0,
acct_04519,tenant_005,saas,8,1933.77,328,46.7,0,100,2025-12-27,1,1645.7,2026-03-11
acct_04520,tenant_006,saas,4,20559.15,516,37.3,0,230,2025-12-13,1,28015.69,2026-02-24
acct_04521,tenant_007,saas,8,15143.99,775,34.0,2,322,2025-12-16,0,0.0,
acct_04522,tenant_008,manufacturing,9,76546.0,874,100.0,0,155,2025-12-23,1,57846.89,2026-01-29
acct_04523,tenant_009,retail,10,5202.43,432,47.7,1,6,2025-12-22,0,0.0,
acct_04524,tenant_010,finance,15,18343.36,168,75.2,1,106,2025-12-26,1,24470.83,2026-02-04
acct_04525,tenant_011,manufacturing,5,7883.26,291,66.6,0,178,2026-01-05,0,0.0,
acct_04526,tenant_012,manufacturing,3,5729.47,165,48.0,0,39,2025-12-19,1,8251.78,2026-02-26
acct_04527,tenant_013,healthcare,15,26507.52,543,60.4,2,192,2025-12-11,0,0.0,
acct_04528,tenant_014,saas,11,15983.46,521,53.6,1,231,2026-01-04,0,0.0,
acct_04529,tenant_015,saas,8,24126.37,460,55.4,3,152,2025-12-21,0,0.0,
acct_04530,tenant_016,finance,17,14696.23,362,59.4,1,292,2025-12-20,0,0.0,
acct_04531,tenant_017,healthcare,6,4243.09,187,53.9,0,177,2025-12-07,0,0.0,
acct_04532,tenant_018,saas,5,6616.33,232,57.5,0,183,2025-12-29,1,10388.63,2026-01-11
acct_04533,tenant_019,saas,3,20379.39,297,54.4,1,163,2025-12-22,0,0.0,
acct_04534,tenant_020,finance,6,37689.92,531,62.1,0,236,2025-12-12,1,48304.74,2026-02-05
acct_04535,tenant_021,healthcare,4,3814.03,331,43.5,0,117,2025-12-11,1,4436.2,2026-03-10
acct_04536,tenant_022,healthcare,6,2825.02,210,43.1,3,111,2025-12-09,0,0.0,
acct_04537,tenant_023,saas,10,8287.25,322,47.7,0,333,2025-12-27,1,14142.88,2026-03-09
acct_04538,tenant_024,retail,12,20689.59,334,83.1,1,219,2026-01-01,1,19347.46,2026-02-20
acct_04539,tenant_025,retail,6,4264.36,149,61.0,0,34,2025-12-29,1,6225.07,2026-03-03
acct_04540,tenant_026,healthcare,10,19669.77,378,62.0,0,38,2025-12-31,0,0.0,
acct_04541,tenant_027,saas,7,8301.88,325,58.6,0,213,2026-01-04,1,12896.37,2026-03-17
acct_04542,tenant_028,manufacturing,7,11318.71,339,46.7,0,239,2025-12-23,0,0.0,
acct_04543,tenant_029,saas,4,2581.1,282,20.8,4,287,2025-12-19,0,0.0,
acct_04544,tenant_030,manufacturing,4,2636.05,104,27.2,2,317,2025-12-08,0,0.0,
acct_04545,tenant_031,retail,2,2952.36,372,39.0,1,228,2025-12-18,0,0.0,
acct_04546,tenant_032,retail,5,4498.98,613,57.7,1,329,2025-12-09,0,0.0,
acct_04547,tenant_033,healthcare,20,55613.24,208,95.3,1,83,2025-12-20,1,53688.94,2026-01-20
acct_04548,tenant_034,retail,9,7575.31,232,52.6,2,136,2025-12-23,1,2902.94,2026-02-13
acct_04549,tenant_035,retail,29,25589.43,405,97.5,0,288,2025-12-28,1,43855.2,2026-03-20
acct_04550,tenant_036,saas,8,5130.26,119,74.3,0,179,2025-12-07,0,0.0,
acct_04551,tenant_000,manufacturing,11,37618.03,473,96.1,0,290,2025-12-25,1,24803.24,2026-01-17
acct_04552,tenant_001,saas,6,2582.21,294,29.8,2,176,2025-12-28,0,0.0,
acct_04553,tenant_002,saas,3,4879.04,263,29.6,1,154,2025-12-07,0,0.0,
acct_04554,tenant_003,saas,14,32761.51,1357,68.8,0,103,2025-12-20,1,16718.36,2026-03-24
acct_04555,tenant_004,saas,24,40173.82,287,94.3,1,278,2025-12-30,1,55328.73,2026-03-07
acct_04556,tenant_005,retail,8,910.42,64,57.3,1,103,2025-12-07,0,0.0,
acct_04557,tenant_006,retail,9,5573.49,275,62.2,3,314,2025-12-19,0,0.0,
acct_04558,tenant_007,saas,5,10935.23,235,39.8,1,250,2025-12-10,0,0.0,
acct_04559,tenant_008,saas,14,11614.21,272,60.1,0,4,2025-12-30,0,0.0,
acct_04560,tenant_009,retail,7,1649.9,168,64.9,0,288,2026-01-04,0,0.0,
acct_04561,tenant_010,manufacturing,2,1416.48,191,25.1,0,241,2025-12-25,0,0.0,
acct_04562,tenant_011,finance,1,3371.36,225,29.0,1,36,2025-12-12,0,0.0,
acct_04563,tenant_012,finance,2,1193.06,75,5.0,8,9,2025-12-25,0,0.0,
acct_04564,tenant_013,saas,9,47469.51,345,73.1,0,42,2025-12-22,1,197636.39,2026-01-31
acct_04565,tenant_014,retail,8,7074.72,41,62.2,0,162,2025-12-30,0,0.0,
acct_04566,tenant_015,retail,2,401.66,288,15.9,3,338,2025-12-09,0,0.0,
acct_04567,tenant_016,saas,6,4932.81,220,43.5,0,309,2025-12-12,0,0.0,
acct_04568,tenant_017,retail,6,2822.3,182,54.2,1,29,2025-12-27,0,0.0,
acct_04569,tenant_018,manufacturing,20,22244.89,169,87.8,0,63,2025-12-25,1,32821.27,2026-02-07
acct_04570,tenant_019,finance,3,4157.18,133,45.1,2,122,2025-12-27,0,0.0,
acct_04571,tenant_020,healthcare,5,3261.35,792,32.8,2,145,2025-12-15,0,0.0,
acct_04572,tenant_021,saas,8,5270.65,204,65.0,0,29,2025-12-24,0,0.0,
acct_04573,tenant_022,saas,1,2734.06,171,25.8,2,73,2025-12-07,0,0.0,
acct_04574,tenant_023,manufacturing,11,4851.52,732,22.9,1,180,2025-12-28,0,0.0,
acct_04575,tenant_024,healthcare,8,27513.7,480,60.2,0,308,2025-12-15,0,0.0,
acct_04576,tenant_025,saas,5,4418.79,941,24.4,1,292,2025-12-13,0,0.0,
acct_04577,tenant_026,saas,8,4984.78,335,41.2,4,317,2025-12-08,0,0.0,
acct_04578,tenant_027,finance,11,36765.14,212,95.2,2,137,2025-12-30,1,114492.4,2026-02-03
acct_04579,tenant_028,saas,9,11892.13,799,58.2,0,220,2025-12-20,1,7003.09,2026-02-18
acct_04580,tenant_029,manufacturing,10,25925.08,407,63.3,0,29,2026-01-02,0,0.0,
acct_04581,tenant_030,saas,13,4921.7,157,52.5,1,181,2025-12-07,0,0.0,
acct_04582,tenant_031,manufacturing,26,8747.36,50,85.4,0,133,2025-12-27,1,9677.56,2026-02-10
acct_04583,tenant_032,retail,13,14498.87,965,57.2,2,46,2025-12-13,1,14580.26,2026-03-27
acct_04584,tenant_033,saas,16,48411.01,152,96.8,0,12,2025-12-15,1,131758.2,2026-01-12
acct_04585,tenant_034,saas,11,10206.72,1544,64.1,0,133,2026-01-04,1,7807.87,2026-03-25
acct_04586,tenant_035,manufacturing,4,9204.01,114,47.3,4,307,2025-12-29,0,0.0,
acct_04587,tenant_036,saas,6,1420.62,587,17.3,5,171,2025-12-10,0,0.0,
acct_04588,tenant_000,saas,13,10193.86,620,49.8,1,256,2025-12-07,0,0.0,
acct_04589,tenant_001,retail,21,24202.04,451,73.6,1,292,2026-01-01,0,0.0,
acct_04590,tenant_002,saas,9,17852.37,258,72.7,0,135,2025-12-17,0,0.0,
acct_04591,tenant_003,finance,5,5250.22,106,37.5,1,98,2025-12-13,0,0.0,
acct_04592,tenant_004,healthcare,5,6729.86,140,48.2,1,170,2025-12-27,0,0.0,
acct_04593,tenant_005,saas,16,22657.8,820,62.2,0,167,2025-12-18,1,23288.18,2026-02-08
acct_04594,tenant_006,manufacturing,11,5340.7,156,67.9,1,272,2025-12-24,0,0.0,
acct_04595,tenant_007,manufacturing,10,34487.18,132,72.3,2,208,2026-01-05,1,55803.69,2026-04-02
acct_04596,tenant_008,finance,11,29448.49,602,78.2,2,354,2025-12-19,0,0.0,
acct_04597,tenant_009,retail,3,5954.21,439,60.4,1,190,2025-12-31,1,6864.07,2026-03-19
acct_04598,tenant_010,healthcare,11,14578.69,279,55.2,0,346,2025-12-12,0,0.0,
acct_04599,tenant_011,healthcare,11,26084.22,234,65.8,1,19,2025-12-10,0,0.0,
acct_04600,tenant_012,retail,12,7822.92,151,66.7,0,108,2025-12-07,1,12263.23,2026-02-20
acct_04601,tenant_013,manufacturing,12,6988.8,326,45.3,1,190,2026-01-01,1,3569.78,2026-01-21
acct_04602,tenant_014,healthcare,3,844.22,394,4.9,4,198,2025-12-25,0,0.0,
acct_04603,tenant_015,finance,2,13022.74,417,25.6,1,137,2025-12-14,0,0.0,
acct_04604,tenant_016,saas,13,11931.48,392,54.1,1,237,2025-12-16,1,12498.33,2026-03-17
acct_04605,tenant_017,manufacturing,9,5453.52,77,46.5,0,276,2025-12-23,0,0.0,
acct_04606,tenant_018,saas,17,16052.42,319,81.3,1,169,2025-12-08,1,11828.82,2026-01-16
acct_04607,tenant_019,retail,4,1169.49,149,50.2,3,198,2025-12-11,0,0.0,
acct_04608,tenant_020,manufacturing,6,2087.76,358,43.1,2,183,2025-12-14,0,0.0,
acct_04609,tenant_021,manufacturing,4,2987.2,112,50.6,1,103,2025-12-11,0,0.0,
acct_04610,tenant_022,manufacturing,7,1537.74,98,25.3,3,279,2025-12-16,0,0.0,
acct_04611,tenant_023,healthcare,7,1643.35,102,8.8,2,298,2025-12-28,0,0.0,
acct_04612,tenant_024,manufacturing,5,4586.5,256,50.9,0,176,2025-12-30,0,0.0,
acct_04613,tenant_025,manufacturing,13,24004.81,558,65.4,0,46,2025-12-15,1,22593.46,2026-02-01
acct_04614,tenant_026,saas,18,18091.39,273,95.3,0,299,2025-12-19,1,12117.63,2026-03-21
acct_04615,tenant_027,retail,5,1169.33,44,28.8,4,150,2025-12-20,0,0.0,
acct_04616,tenant_028,saas,9,2346.37,849,32.8,1,235,2025-12-10,0,0.0,
acct_04617,tenant_029,manufacturing,8,2081.28,83,40.9,2,268,2025-12-10,0,0.0,
acct_04618,tenant_030,healthcare,6,20954.24,1783,57.2,0,185,2026-01-02,1,17835.37,2026-03-15
acct_04619,tenant_031,finance,5,31061.83,1102,24.3,1,212,2025-12-17,0,0.0,
acct_04620,tenant_032,manufacturing,8,1495.03,194,23.9,1,345,2025-12-10,0,0.0,
acct_04621,tenant_033,healthcare,6,4243.73,429,17.4,7,60,2025-12-09,0,0.0,
acct_04622,tenant_034,healthcare,13,4290.77,284,52.0,1,111,2026-01-03,0,0.0,
acct_04623,tenant_035,saas,7,6510.62,389,32.1,1,26,2025-12-08,0,0.0,
acct_04624,tenant_036,saas,6,10350.31,319,36.2,0,240,2025-12-23,1,14612.55,2026-02-22
acct_04625,tenant_000,manufacturing,8,11411.81,471,70.7,0,290,2025-12-31,0,0.0,
acct_04626,tenant_001,saas,6,4139.5,455,18.7,3,263,2025-12-29,0,0.0,
acct_04627,tenant_002,finance,11,28818.35,775,52.2,0,64,2026-01-05,1,45396.87,2026-02-26
acct_04628,tenant_003,finance,14,13315.65,180,84.2,0,356,2025-12-29,0,0.0,
acct_04629,tenant_004,saas,9,2993.15,227,57.2,0,35,2025-12-24,1,10537.0,2026-02-26
acct_04630,tenant_005,retail,16,15786.65,1770,62.8,1,240,2025-12-29,0,0.0,
acct_04631,tenant_006,finance,6,16542.46,572,40.5,3,21,2025-12-26,0,0.0,
acct_04632,tenant_007,manufacturing,15,20618.61,2000,82.2,1,1,2025-12-15,1,21466.14,2026-02-06
acct_04633,tenant_008,finance,12,6527.22,158,42.4,0,148,2025-12-30,1,5599.92,2026-01-19
acct_04634,tenant_009,manufacturing,4,6214.96,297,22.5,1,239,2025-12-17,0,0.0,
acct_04635,tenant_010,saas,7,16347.15,297,63.2,1,212,2025-12-26,1,16647.98,2026-02-21
acct_04636,tenant_011,saas,3,2327.09,29,21.0,0,178,2025-12-19,0,0.0,
acct_04637,tenant_012,healthcare,14,19626.2,785,97.7,0,313,2025-12-23,1,35906.64,2026-02-04
acct_04638,tenant_013,manufacturing,12,15486.55,150,64.4,0,64,2025-12-26,1,9713.35,2026-02-17
acct_04639,tenant_014,saas,5,6103.6,363,38.0,1,355,2025-12-14,0,0.0,
acct_04640,tenant_015,finance,9,7287.64,207,45.9,3,99,2025-12-14,0,0.0,
acct_04641,tenant_016,retail,4,2395.39,220,28.1,3,365,2025-12-23,0,0.0,
acct_04642,tenant_017,manufacturing,8,3901.53,247,40.4,1,281,2025-12-29,0,0.0,
acct_04643,tenant_018,manufacturing,10,5047.38,109,73.6,0,160,2026-01-05,0,0.0,
acct_04644,tenant_019,saas,11,14666.96,204,100.0,0,225,2026-01-05,1,9544.79,2026-01-19
acct_04645,tenant_020,manufacturing,10,1321.39,421,30.6,1,300,2025-12-09,0,0.0,
acct_04646,tenant_021,healthcare,5,13562.74,325,23.2,0,187,2025-12-12,0,0.0,
acct_04647,tenant_022,finance,2,7112.03,195,7.3,3,198,2025-12-24,0,0.0,
acct_04648,tenant_023,healthcare,7,14206.42,438,44.3,3,279,2025-12-26,1,22030.67,2026-03-24
acct_04649,tenant_024,saas,4,4024.15,283,37.7,1,262,2025-12-25,0,0.0,
acct_04650,tenant_025,saas,7,11344.0,300,55.9,2,91,2025-12-26,0,0.0,
acct_04651,tenant_026,saas,20,17552.9,211,100.0,1,214,2025-12-12,1,25916.01,2026-01-31
acct_04652,tenant_027,retail,41,21234.47,534,99.9,0,32,2025-12-07,1,33370.35,2026-02-23
acct_04653,tenant_028,saas,6,5946.11,553,41.7,3,86,2026-01-02,0,0.0,
acct_04654,tenant_029,retail,12,13909.8,844,73.5,2,157,2026-01-01,0,0.0,
acct_04655,tenant_030,saas,6,6629.12,270,23.4,1,67,2025-12-17,0,0.0,
acct_04656,tenant_031,manufacturing,9,11555.59,359,45.2,1,249,2025-12-18,0,0.0,
acct_04657,tenant_032,saas,13,21242.38,191,61.5,0,309,2025-12-13,0,0.0,
acct_04658,tenant_033,manufacturing,11,19548.91,586,76.2,0,104,2025-12-15,0,0.0,
acct_04659,tenant_034,saas,7,8213.45,55,72.0,0,63,2025-12-09,1,5587.35,2026-01-12
acct_04660,tenant_035,retail,6,7104.06,395,54.4,3,279,2026-01-04,0,0.0,
acct_04661,tenant_036,manufacturing,15,15382.23,129,60.8,0,251,2026-01-01,0,0.0,
acct_04662,tenant_000,finance,8,12308.05,752,64.0,0,87,2025-12-22,1,11504.98,2026-03-26
acct_04663,tenant_001,saas,6,8195.24,257,45.0,0,267,2025-12-20,0,0.0,
acct_04664,tenant_002,manufacturing,6,6608.82,1064,30.4,5,18,2025-12-31,0,0.0,
acct_04665,tenant_003,saas,25,111637.07,599,96.7,0,277,2025-12-07,1,237754.92,2026-03-21
acct_04666,tenant_004,manufacturing,5,7245.23,865,45.3,4,257,2025-12-29,0,0.0,
acct_04667,tenant_005,saas,4,12614.74,577,44.7,1,312,2025-12-12,0,0.0,
acct_04668,tenant_006,finance,3,7986.31,152,26.8,2,210,2025-12-13,0,0.0,
acct_04669,tenant_007,healthcare,8,8928.56,114,59.3,1,21,2025-12-19,0,0.0,
acct_04670,tenant_008,healthcare,4,6449.59,98,26.2,2,99,2025-12-14,0,0.0,
acct_04671,tenant_009,retail,1,2669.42,933,10.8,5,191,2025-12-13,0,0.0,
acct_04672,tenant_010,saas,15,5977.94,144,47.0,0,252,2025-12-12,1,11155.65,2026-02-12
acct_04673,tenant_011,saas,10,17953.45,560,59.2,0,84,2025-12-21,1,28238.57,2026-02-01
acct_04674,tenant_012,retail,12,13069.29,197,51.5,0,14,2025-12-28,0,0.0,
acct_04675,tenant_013,saas,6,1884.27,162,36.2,3,182,2025-12-15,1,1363.93,2026-02-13
acct_04676,tenant_014,saas,25,12834.8,74,81.2,1,215,2026-01-05,0,0.0,
acct_04677,tenant_015,manufacturing,6,5460.54,455,58.3,1,7,2025-12-13,1,11512.01,2026-02-15
acct_04678,tenant_016,retail,10,2378.21,564,32.4,2,133,2025-12-19,0,0.0,
acct_04679,tenant_017,saas,13,8368.68,246,53.0,0,205,2026-01-05,1,5585.11,2026-02-02
acct_04680,tenant_018,saas,4,1084.77,495,7.1,4,234,2025-12-27,0,0.0,
acct_04681,tenant_019,healthcare,3,6505.84,241,44.3,0,112,2025-12-19,0,0.0,
acct_04682,tenant_020,manufacturing,19,44702.47,77,70.3,2,3,2025-12-12,1,104893.99,2026-02-16
acct_04683,tenant_021,healthcare,12,2133.42,406,74.9,2,349,2025-12-23,0,0.0,
acct_04684,tenant_022,retail,8,9553.41,352,56.3,0,130,2025-12-19,0,0.0,
acct_04685,tenant_023,manufacturing,4,8266.37,646,51.4,3,71,2025-12-21,0,0.0,
acct_04686,tenant_024,manufacturing,11,7571.53,703,68.5,0,9,2025-12-19,1,10749.44,2026-02-18
acct_04687,tenant_025,saas,8,3394.41,111,51.0,1,19,2025-12-16,0,0.0,
acct_04688,tenant_026,healthcare,3,11018.15,584,38.6,0,335,2025-12-18,0,0.0,
acct_04689,tenant_027,retail,2,3599.78,114,39.3,1,178,2026-01-02,0,0.0,
acct_04690,tenant_028,finance,7,10513.35,226,57.6,0,111,2025-12-31,0,0.0,
acct_04691,tenant_029,healthcare,10,6253.66,158,47.3,0,88,2025-12-27,1,5660.36,2026-01-28
acct_04692,tenant_030,finance,8,3345.62,80,49.3,0,56,2025-12-13,1,15405.64,2026-02-15
acct_04693,tenant_031,finance,6,6236.8,236,30.4,2,142,2026-01-05,0,0.0,
acct_04694,tenant_032,saas,5,4913.9,400,10.6,5,32,2025-12-22,0,0.0,
acct_04695,tenant_033,healthcare,3,12981.05,1127,20.3,1,312,2026-01-04,1,13234.36,2026-03-24
acct_04696,tenant_034,healthcare,9,2417.85,285,59.1,2,343,2025-12-19,0,0.0,
acct_04697,tenant_035,retail,2,1367.67,682,24.6,0,48,2025-12-07,0,0.0,
acct_04698,tenant_036,finance,6,9784.68,277,57.5,1,204,2026-01-01,0,0.0,
acct_04699,tenant_000,manufacturing,13,6481.16,398,51.2,3,240,2026-01-02,0,0.0,
acct_04700,tenant_001,healthcare,13,9612.74,110,71.3,0,127,2025-12-07,1,22392.46,2026-01-13
acct_04701,tenant_002,manufacturing,4,1351.48,218,10.8,1,339,2025-12-25,0,0.0,
acct_04702,tenant_003,healthcare,9,8356.36,144,68.4,1,219,2026-01-02,0,0.0,
acct_04703,tenant_004,saas,15,15305.34,705,61.4,0,270,2026-01-02,1,16551.42,2026-02-27
acct_04704,tenant_005,manufacturing,2,7367.35,339,49.1,1,52,2025-12-11,1,10531.07,2026-02-08
acct_04705,tenant_006,retail,6,5528.48,490,51.9,0,220,2025-12-13,1,3394.46,2026-02-02
acct_04706,tenant_007,retail,6,3620.32,470,49.1,4,243,2025-12-30,0,0.0,
acct_04707,tenant_008,retail,7,4250.97,260,41.1,3,273,2025-12-27,0,0.0,
acct_04708,tenant_009,healthcare,6,11310.3,187,38.7,2,135,2025-12-24,0,0.0,
acct_04709,tenant_010,healthcare,4,3659.74,156,23.2,2,140,2025-12-17,0,0.0,
acct_04710,tenant_011,healthcare,12,4957.15,224,56.1,3,153,2025-12-19,0,0.0,
acct_04711,tenant_012,saas,5,6084.78,661,17.4,1,76,2025-12-11,0,0.0,
acct_04712,tenant_013,finance,7,4170.01,158,25.7,0,6,2025-12-10,0,0.0,
acct_04713,tenant_014,healthcare,9,5212.77,91,43.4,1,270,2025-12-12,0,0.0,
acct_04714,tenant_015,retail,10,6380.18,921,70.2,0,132,2025-12-08,1,10195.02,2026-03-07
acct_04715,tenant_016,healthcare,2,907.44,146,0.0,6,232,2025-12-15,0,0.0,
acct_04716,tenant_017,finance,10,12801.75,154,74.0,1,243,2025-12-20,0,0.0,
acct_04717,tenant_018,saas,16,18607.09,160,84.0,0,308,2025-12-12,0,0.0,
acct_04718,tenant_019,finance,8,6918.3,500,24.6,1,186,2026-01-04,0,0.0,
acct_04719,tenant_020,healthcare,12,6423.11,601,53.2,0,31,2025-12-31,1,8622.79,2026-03-31
acct_04720,tenant_021,healthcare,6,22958.46,1211,43.8,0,340,2025-12-20,0,0.0,
acct_04721,tenant_022,saas,7,4274.96,213,43.2,1,81,2025-12-20,0,0.0,
acct_04722,tenant_023,finance,3,4881.55,1060,0.0,4,175,2025-12-07,0,0.0,
acct_04723,tenant_024,manufacturing,11,25662.53,243,78.3,1,363,2026-01-03,0,0.0,
acct_04724,tenant_025,finance,9,18795.75,173,60.5,1,227,2025-12-14,0,0.0,
acct_04725,tenant_026,manufacturing,6,2694.16,233,49.3,1,182,2025-12-31,0,0.0,
acct_04726,tenant_027,manufacturing,4,5887.27,463,36.0,3,350,2025-12-08,0,0.0,
acct_04727,tenant_028,saas,8,6144.62,309,58.9,0,16,2025-12-07,1,4980.59,2026-01-25
acct_04728,tenant_029,saas,8,7889.83,587,43.9,3,9,2025-12-10,0,0.0,
acct_04729,tenant_030,manufacturing,9,2529.17,290,46.2,2,226,2025-12-22,0,0.0,
acct_04730,tenant_031,retail,10,14918.11,1089,69.0,0,147,2025-12-16,1,19396.08,2026-03-14
acct_04731,tenant_032,saas,26,14662.06,115,100.0,0,183,2025-12-21,1,19712.68,2026-03-22
acct_04732,tenant_033,saas,10,13649.42,1429,47.1,1,171,2026-01-04,0,0.0,
acct_04733,tenant_034,healthcare,9,4582.22,144,30.5,5,74,2025-12-16,0,0.0,
acct_04734,tenant_035,saas,6,6693.01,54,20.5,0,352,2026-01-01,0,0.0,
acct_04735,tenant_036,retail,9,5035.84,93,50.0,0,105,2025-12-24,1,8965.41,2026-01-27
acct_04736,tenant_000,saas,11,21963.41,555,66.4,2,361,2026-01-03,0,0.0,
acct_04737,tenant_001,saas,9,10397.31,664,58.0,1,231,2025-12-20,1,13670.93,2026-02-19
acct_04738,tenant_002,manufacturing,7,4535.57,308,50.6,1,119,2025-12-27,0,0.0,
acct_04739,tenant_003,manufacturing,9,4402.26,110,35.4,1,114,2025-12-12,0,0.0,
acct_04740,tenant_004,retail,14,7330.66,111,77.8,0,107,2026-01-02,1,7294.22,2026-03-29
acct_04741,tenant_005,retail,9,1039.66,116,5.3,2,307,2025-12-31,0,0.0,
acct_04742,tenant_006,saas,7,2549.63,372,40.9,2,34,2025-12-12,1,3383.63,2026-02-15
acct_04743,tenant_007,saas,20,9597.75,209,89.1,0,352,2025-12-31,1,9320.77,2026-02-23
acct_04744,tenant_008,saas,11,6453.17,217,55.7,0,110,2025-12-13,1,3934.94,2026-03-30
acct_04745,tenant_009,saas,11,10586.14,287,50.7,2,126,2025-12-25,0,0.0,
acct_04746,tenant_010,manufacturing,9,5441.41,649,31.0,5,306,2025-12-09,0,0.0,
acct_04747,tenant_011,healthcare,5,7774.66,240,67.3,0,183,2025-12-17,0,0.0,
acct_04748,tenant_012,finance,22,29996.37,103,95.7,0,319,2026-01-02,1,37292.73,2026-01-18
acct_04749,tenant_013,saas,0,6389.3,117,47.4,4,344,2026-01-05,0,0.0,
acct_04750,tenant_014,retail,7,20036.69,1203,51.5,1,106,2025-12-07,1,24974.31,2026-01-25
acct_04751,tenant_015,retail,6,2061.49,149,39.2,3,290,2025-12-15,0,0.0,
acct_04752,tenant_016,saas,7,13426.31,1561,31.1,2,24,2025-12-26,1,15784.34,2026-02-12
acct_04753,tenant_017,healthcare,8,2846.59,203,52.1,2,75,2025-12-13,0,0.0,
acct_04754,tenant_018,saas,4,3396.84,927,4.6,2,335,2026-01-03,0,0.0,
acct_04755,tenant_019,manufacturing,10,13731.09,435,79.3,0,313,2025-12-13,0,0.0,
acct_04756,tenant_020,finance,2,4084.2,234,10.7,4,162,2025-12-22,0,0.0,
acct_04757,tenant_021,retail,16,3673.2,246,86.6,0,325,2025-12-19,0,0.0,
acct_04758,tenant_022,manufacturing,1,785.85,312,0.0,2,257,2025-12-08,0,0.0,
acct_04759,tenant_023,finance,14,10404.44,1449,79.5,0,228,2025-12-11,1,5958.74,2026-02-01
acct_04760,tenant_024,saas,7,9204.21,258,52.5,0,265,2025-12-11,1,9779.13,2026-03-17
acct_04761,tenant_025,manufacturing,13,77449.08,1456,93.6,1,175,2025-12-10,0,0.0,
acct_04762,tenant_026,saas,2,4460.92,763,4.3,2,18,2026-01-05,0,0.0,
acct_04763,tenant_027,saas,7,5108.2,67,51.5,1,50,2025-12-21,0,0.0,
acct_04764,tenant_028,healthcare,29,31231.33,143,100.0,0,222,2025-12-27,1,15519.53,2026-01-27
acct_04765,tenant_029,saas,3,2738.96,221,4.4,2,311,2025-12-25,0,0.0,
acct_04766,tenant_030,manufacturing,5,5189.89,358,62.3,4,128,2026-01-01,0,0.0,
acct_04767,tenant_031,manufacturing,6,12033.12,85,57.2,0,329,2025-12-10,0,0.0,
acct_04768,tenant_032,finance,6,9988.56,126,42.4,1,172,2025-12-25,1,5736.2,2026-01-16
acct_04769,tenant_033,saas,13,3938.29,167,48.8,0,271,2025-12-27,0,0.0,
acct_04770,tenant_034,saas,5,8740.32,297,40.6,3,99,2025-12-26,0,0.0,
acct_04771,tenant_035,finance,7,6794.75,449,40.4,1,321,2025-12-10,0,0.0,
acct_04772,tenant_036,manufacturing,3,3410.15,192,16.4,3,362,2025-12-31,0,0.0,
acct_04773,tenant_000,manufacturing,6,10405.29,965,38.0,3,99,2025-12-12,0,0.0,
acct_04774,tenant_001,finance,2,1959.9,250,0.0,2,230,2026-01-05,0,0.0,
acct_04775,tenant_002,finance,7,3582.41,183,48.2,2,261,2025-12-28,0,0.0,
acct_04776,tenant_003,saas,3,1350.67,376,23.2,2,101,2025-12-12,0,0.0,
acct_04777,tenant_004,manufacturing,10,2517.69,80,49.1,1,316,2025-12-16,0,0.0,
acct_04778,tenant_005,saas,2,5841.2,704,12.8,1,9,2025-12-17,0,0.0,
acct_04779,tenant_006,saas,8,11976.5,91,47.5,1,71,2025-12-30,0,0.0,
acct_04780,tenant_007,healthcare,4,5895.75,90,38.9,2,224,2026-01-02,0,0.0,
acct_04781,tenant_008,finance,8,14512.9,202,62.9,2,256,2025-12-15,1,37402.31,2026-01-16
acct_04782,tenant_009,finance,3,10532.66,363,33.3,0,169,2025-12-16,0,0.0,
acct_04783,tenant_010,finance,12,22789.87,594,31.9,2,93,2025-12-25,0,0.0,
acct_04784,tenant_011,manufacturing,5,10548.78,1003,34.5,2,317,2026-01-02,0,0.0,
acct_04785,tenant_012,retail,3,2637.25,200,45.8,2,166,2025-12-23,0,0.0,
acct_04786,tenant_013,saas,6,9185.09,226,40.1,2,205,2026-01-01,1,8898.71,2026-02-25
acct_04787,tenant_014,healthcare,7,4099.88,384,53.6,0,235,2026-01-05,0,0.0,
acct_04788,tenant_015,healthcare,4,5031.25,577,36.8,1,83,2025-12-22,0,0.0,
acct_04789,tenant_016,saas,12,5325.14,132,40.1,2,286,2025-12-23,0,0.0,
acct_04790,tenant_017,retail,16,17705.66,1082,69.6,1,114,2025-12-07,0,0.0,
acct_04791,tenant_018,finance,34,29157.48,451,100.0,1,270,2025-12-25,1,27240.91,2026-01-06
acct_04792,tenant_019,saas,6,19500.59,738,56.5,1,193,2025-12-23,0,0.0,
acct_04793,tenant_020,manufacturing,4,4926.69,418,25.8,1,345,2025-12-28,1,12903.45,2026-03-20
acct_04794,tenant_021,manufacturing,16,29843.41,335,87.1,2,45,2026-01-01,0,0.0,
acct_04795,tenant_022,healthcare,19,23357.56,960,88.2,0,215,2025-12-13,1,13838.15,2026-01-25
acct_04796,tenant_023,saas,0,5985.7,341,14.8,3,11,2025-12-24,1,6215.62,2026-01-30
acct_04797,tenant_024,retail,3,4510.79,529,51.3,2,131,2025-12-21,0,0.0,
acct_04798,tenant_025,retail,9,10307.23,189,70.7,0,121,2025-12-09,0,0.0,
acct_04799,tenant_026,healthcare,15,16142.54,436,52.9,0,358,2025-12-23,0,0.0,
acct_04800,tenant_027,manufacturing,4,23179.78,684,55.1,1,86,2025-12-27,0,0.0,
acct_04801,tenant_028,manufacturing,14,8110.59,432,65.3,1,210,2025-12-30,0,0.0,
acct_04802,tenant_029,saas,5,4633.02,477,29.3,0,128,2026-01-02,0,0.0,
acct_04803,tenant_030,saas,7,5753.48,183,23.5,1,66,2025-12-31,0,0.0,
acct_04804,tenant_031,healthcare,10,15061.48,517,62.6,2,10,2025-12-10,1,16857.79,2026-02-11
acct_04805,tenant_032,finance,8,2043.64,445,38.5,2,72,2025-12-25,1,3158.25,2026-03-12
acct_04806,tenant_033,manufacturing,14,16070.62,145,72.8,0,324,2025-12-28,1,33087.88,2026-03-20
acct_04807,tenant_034,saas,6,19052.43,543,34.5,0,36,2025-12-21,1,22371.56,2026-02-16
acct_04808,tenant_035,retail,20,23948.18,416,76.1,3,342,2026-01-03,0,0.0,
acct_04809,tenant_036,saas,15,9899.69,68,54.4,0,209,2025-12-22,0,0.0,
acct_04810,tenant_000,saas,12,24201.63,497,86.5,0,195,2025-12-19,1,25266.35,2026-03-05
acct_04811,tenant_001,finance,10,16994.97,633,50.9,0,357,2025-12-12,1,19752.18,2026-03-01
acct_04812,tenant_002,saas,3,2104.0,583,0.0,2,53,2025-12-27,0,0.0,
acct_04813,tenant_003,healthcare,11,7091.02,160,54.9,1,149,2025-12-30,0,0.0,
acct_04814,tenant_004,manufacturing,6,11273.11,350,30.9,3,326,2025-12-11,0,0.0,
acct_04815,tenant_005,saas,2,5704.68,373,30.8,2,251,2025-12-09,0,0.0,
acct_04816,tenant_006,retail,4,5510.69,923,29.0,2,301,2025-12-15,1,5997.43,2026-01-08
acct_04817,tenant_007,finance,1,1007.41,493,0.2,2,102,2025-12-20,0,0.0,
acct_04818,tenant_008,healthcare,9,2964.75,196,31.7,1,274,2025-12-16,0,0.0,
acct_04819,tenant_009,finance,4,9527.84,194,38.0,1,200,2025-12-16,0,0.0,
acct_04820,tenant_010,finance,11,43617.76,266,73.9,2,290,2025-12-15,0,0.0,
acct_04821,tenant_011,retail,2,1628.15,381,18.2,0,49,2026-01-02,0,0.0,
acct_04822,tenant_012,saas,6,3981.61,686,20.5,2,71,2025-12-08,0,0.0,
acct_04823,tenant_013,finance,13,6118.71,61,61.6,0,333,2025-12-22,0,0.0,
acct_04824,tenant_014,saas,9,12429.63,509,54.8,0,73,2026-01-04,1,21834.11,2026-02-17
acct_04825,tenant_015,healthcare,23,16106.67,340,78.8,0,324,2025-12-19,0,0.0,
acct_04826,tenant_016,healthcare,9,8861.18,274,45.5,0,148,2025-12-26,1,13450.71,2026-02-01
acct_04827,tenant_017,manufacturing,2,11702.81,315,29.3,1,263,2026-01-01,0,0.0,
acct_04828,tenant_018,healthcare,4,1481.3,140,32.3,2,209,2025-12-10,0,0.0,
acct_04829,tenant_019,finance,9,5784.55,175,44.2,0,15,2025-12-14,0,0.0,
acct_04830,tenant_020,saas,8,1779.5,40,34.6,2,303,2026-01-04,0,0.0,
acct_04831,tenant_021,saas,24,28006.9,548,100.0,0,38,2025-12-17,1,19104.1,2026-01-23
acct_04832,tenant_022,finance,11,30701.24,685,62.4,0,105,2025-12-22,1,63455.92,2026-02-10
acct_04833,tenant_023,healthcare,5,5985.34,140,44.5,1,24,2025-12-28,1,2230.51,2026-01-13
acct_04834,tenant_024,healthcare,9,1992.3,296,30.6,3,350,2025-12-10,0,0.0,
acct_04835,tenant_025,healthcare,8,9163.57,118,46.2,0,348,2025-12-22,0,0.0,
acct_04836,tenant_026,saas,5,9089.93,413,56.7,3,16,2025-12-24,0,0.0,
acct_04837,tenant_027,healthcare,15,3495.98,121,84.2,0,352,2025-12-12,1,2702.17,2026-02-08
acct_04838,tenant_028,finance,14,46141.07,429,79.9,1,139,2026-01-05,0,0.0,
acct_04839,tenant_029,saas,9,2699.08,283,28.4,2,108,2025-12-10,0,0.0,
acct_04840,tenant_030,saas,9,7719.27,384,59.9,1,62,2026-01-01,1,5771.89,2026-01-30
acct_04841,tenant_031,manufacturing,9,5944.04,346,37.8,1,203,2025-12-21,1,10267.59,2026-03-17
acct_04842,tenant_032,healthcare,9,4292.01,322,28.2,2,93,2025-12-09,0,0.0,
acct_04843,tenant_033,saas,8,14135.84,1113,64.7,3,235,2025-12-28,0,0.0,
acct_04844,tenant_034,retail,18,17255.9,271,97.4,2,106,2025-12-24,1,10576.24,2026-01-31
acct_04845,tenant_035,saas,7,2754.01,170,42.6,1,71,2025-12-15,0,0.0,
acct_04846,tenant_036,saas,11,20160.02,819,63.6,0,122,2026-01-01,0,0.0,
acct_04847,tenant_000,saas,8,6620.1,812,27.1,1,47,2025-12-17,0,0.0,
acct_04848,tenant_001,healthcare,11,534.63,125,5.6,4,255,2025-12-22,1,1173.28,2026-02-08
acct_04849,tenant_002,saas,3,21944.34,328,65.9,1,256,2025-12-24,1,14320.65,2026-01-11
acct_04850,tenant_003,healthcare,6,569.94,144,0.0,2,30,2025-12-20,0,0.0,
acct_04851,tenant_004,saas,8,6362.54,235,70.0,0,165,2025-12-08,0,0.0,
acct_04852,tenant_005,retail,13,10663.19,306,85.3,1,24,2025-12-27,1,9198.42,2026-01-11
acct_04853,tenant_006,finance,10,9454.09,405,25.5,2,259,2026-01-04,0,0.0,
acct_04854,tenant_007,manufacturing,9,4212.82,763,27.7,4,123,2025-12-31,0,0.0,
acct_04855,tenant_008,healthcare,11,13358.83,307,38.5,1,278,2025-12-27,1,6396.86,2026-02-02
acct_04856,tenant_009,healthcare,7,8312.82,229,56.4,0,95,2025-12-16,1,4956.74,2026-04-01
acct_04857,tenant_010,saas,7,8264.11,169,41.2,2,336,2026-01-03,0,0.0,
acct_04858,tenant_011,saas,2,468.46,57,0.0,2,82,2026-01-03,0,0.0,
acct_04859,tenant_012,finance,3,992.76,80,12.8,1,29,2025-12-23,0,0.0,
acct_04860,tenant_013,retail,10,11933.6,233,64.0,1,39,2025-12-08,0,0.0,
acct_04861,tenant_014,retail,4,848.99,248,6.2,7,253,2025-12-24,0,0.0,
acct_04862,tenant_015,finance,7,3580.02,692,35.8,1,175,2025-12-20,1,3023.39,2026-04-04
acct_04863,tenant_016,healthcare,6,9666.29,325,42.3,1,143,2026-01-04,0,0.0,
acct_04864,tenant_017,saas,7,23132.03,589,52.7,1,280,2025-12-30,0,0.0,
acct_04865,tenant_018,saas,24,17513.21,816,83.2,0,151,2025-12-16,1,9530.48,2026-03-01
acct_04866,tenant_019,manufacturing,5,2485.08,908,12.2,7,109,2025-12-30,1,2268.85,2026-01-15
acct_04867,tenant_020,manufacturing,2,2052.6,269,6.3,3,270,2025-12-28,0,0.0,
acct_04868,tenant_021,manufacturing,7,9549.77,601,46.4,1,134,2025-12-12,0,0.0,
acct_04869,tenant_022,retail,17,16923.16,343,96.8,0,64,2025-12-12,1,11259.51,2026-02-21
acct_04870,tenant_023,retail,9,2049.35,104,20.9,0,72,2025-12-28,0,0.0,
acct_04871,tenant_024,saas,4,4349.2,427,23.2,2,125,2025-12-15,0,0.0,
acct_04872,tenant_025,finance,3,1365.04,232,37.0,1,94,2025-12-21,0,0.0,
acct_04873,tenant_026,manufacturing,4,3072.33,235,6.5,4,30,2025-12-17,0,0.0,
acct_04874,tenant_027,saas,6,21010.17,499,13.8,3,228,2026-01-03,0,0.0,
acct_04875,tenant_028,retail,6,2209.65,109,55.4,2,56,2025-12-26,0,0.0,
acct_04876,tenant_029,saas,18,55933.2,488,93.1,1,180,2026-01-01,1,27751.16,2026-03-03
acct_04877,tenant_030,manufacturing,2,1256.25,234,37.6,2,327,2025-12-26,0,0.0,
acct_04878,tenant_031,finance,9,5129.04,351,56.3,2,357,2025-12-20,0,0.0,
acct_04879,tenant_032,healthcare,5,12571.2,378,67.9,0,233,2025-12-27,1,10823.08,2026-02-16
acct_04880,tenant_033,healthcare,12,21558.62,350,42.7,2,129,2026-01-02,0,0.0,
acct_04881,tenant_034,saas,15,14828.27,518,52.4,0,307,2025-12-31,0,0.0,
acct_04882,tenant_035,retail,6,2396.58,281,28.3,0,278,2025-12-12,0,0.0,
acct_04883,tenant_036,finance,11,33100.04,908,70.6,1,131,2025-12-25,1,41738.17,2026-02-12
acct_04884,tenant_000,saas,3,7439.76,277,20.9,0,74,2025-12-07,0,0.0,
acct_04885,tenant_001,healthcare,11,14777.57,336,77.3,0,5,2025-12-10,1,22103.37,2026-01-31
acct_04886,tenant_002,saas,8,6476.21,107,58.0,0,124,2025-12-28,1,11593.63,2026-04-03
acct_04887,tenant_003,manufacturing,7,10318.38,344,65.8,0,97,2025-12-20,0,0.0,
acct_04888,tenant_004,healthcare,12,9364.43,233,67.0,1,167,2025-12-11,0,0.0,
acct_04889,tenant_005,manufacturing,11,17409.87,2000,50.1,0,324,2025-12-23,1,8256.63,2026-03-24
acct_04890,tenant_006,finance,9,6590.97,176,19.8,2,100,2025-12-11,0,0.0,
acct_04891,tenant_007,manufacturing,8,6425.96,94,69.2,2,17,2025-12-28,0,0.0,
acct_04892,tenant_008,finance,5,6424.37,230,64.2,2,273,2025-12-17,0,0.0,
acct_04893,tenant_009,finance,12,27692.1,355,72.7,1,149,2025-12-22,1,31472.49,2026-02-01
acct_04894,tenant_010,retail,8,3645.44,181,58.9,4,58,2026-01-04,0,0.0,
acct_04895,tenant_011,manufacturing,6,2124.12,379,4.7,6,90,2025-12-17,0,0.0,
acct_04896,tenant_012,healthcare,7,8044.14,256,42.6,2,151,2025-12-08,0,0.0,
acct_04897,tenant_013,retail,8,2447.14,375,72.7,1,63,2025-12-19,0,0.0,
acct_04898,tenant_014,finance,2,2288.0,104,19.4,1,52,2025-12-29,0,0.0,
acct_04899,tenant_015,saas,3,18664.37,1814,31.1,2,285,2025-12-21,0,0.0,
acct_04900,tenant_016,manufacturing,3,3393.41,101,33.3,1,294,2025-12-16,0,0.0,
acct_04901,tenant_017,manufacturing,6,3788.18,193,48.8,1,240,2025-12-30,0,0.0,
acct_04902,tenant_018,manufacturing,5,6375.78,506,52.2,1,47,2025-12-27,0,0.0,
acct_04903,tenant_019,saas,3,3922.31,217,15.2,2,184,2025-12-08,0,0.0,
acct_04904,tenant_020,manufacturing,15,12899.71,269,59.2,1,267,2025-12-18,0,0.0,
acct_04905,tenant_021,finance,6,3652.53,158,32.0,3,298,2025-12-28,0,0.0,
acct_04906,tenant_022,saas,11,17411.22,478,59.2,0,178,2026-01-02,1,18092.89,2026-01-08
acct_04907,tenant_023,saas,7,18281.62,307,66.0,0,309,2026-01-03,1,31295.36,2026-03-01
acct_04908,tenant_024,saas,45,62979.05,295,100.0,0,19,2025-12-30,1,64354.67,2026-02-17
acct_04909,tenant_025,saas,20,12887.53,200,84.4,0,193,2025-12-12,0,0.0,
acct_04910,tenant_026,saas,10,28946.78,164,60.2,0,204,2025-12-10,0,0.0,
acct_04911,tenant_027,retail,1,7735.21,952,32.5,2,253,2025-12-21,0,0.0,
acct_04912,tenant_028,healthcare,4,5272.64,575,34.9,1,323,2025-12-27,0,0.0,
acct_04913,tenant_029,healthcare,7,36980.42,971,63.5,1,23,2026-01-05,0,0.0,
acct_04914,tenant_030,healthcare,5,27162.83,2000,44.7,4,12,2025-12-24,0,0.0,
acct_04915,tenant_031,manufacturing,11,17023.84,1221,60.9,1,114,2026-01-04,0,0.0,
acct_04916,tenant_032,healthcare,5,7116.07,1111,39.9,2,129,2025-12-14,0,0.0,
acct_04917,tenant_033,saas,4,8928.61,85,65.7,0,73,2025-12-22,1,16933.69,2026-02-12
acct_04918,tenant_034,saas,2,5778.02,247,6.5,6,80,2025-12-21,0,0.0,
acct_04919,tenant_035,manufacturing,10,25498.14,799,64.0,1,283,2025-12-28,0,0.0,
acct_04920,tenant_036,saas,6,2126.41,254,38.3,3,246,2025-12-07,0,0.0,
acct_04921,tenant_000,healthcare,19,16885.61,454,75.4,1,1,2025-12-08,1,11853.43,2026-01-10
acct_04922,tenant_001,saas,6,1343.54,363,13.2,1,59,2025-12-18,0,0.0,
acct_04923,tenant_002,finance,6,6222.19,50,40.1,3,91,2025-12-22,0,0.0,
acct_04924,tenant_003,manufacturing,4,4136.27,674,32.0,1,189,2025-12-07,0,0.0,
acct_04925,tenant_004,manufacturing,7,7845.52,348,66.8,0,235,2025-12-19,0,0.0,
acct_04926,tenant_005,saas,10,4375.1,129,51.2,1,229,2025-12-14,0,0.0,
acct_04927,tenant_006,retail,13,12641.0,520,78.4,0,363,2025-12-31,0,0.0,
acct_04928,tenant_007,finance,7,4230.35,241,49.4,3,326,2025-12-31,0,0.0,
acct_04929,tenant_008,finance,7,4280.13,144,55.6,1,142,2025-12-21,0,0.0,
acct_04930,tenant_009,manufacturing,13,3001.18,45,56.4,0,70,2025-12-26,0,0.0,
acct_04931,tenant_010,retail,13,7274.96,122,42.2,2,55,2025-12-21,0,0.0,
acct_04932,tenant_011,retail,32,10906.49,498,100.0,0,289,2026-01-04,1,14487.77,2026-03-14
acct_04933,tenant_012,retail,0,160.3,165,0.0,3,238,2025-12-14,0,0.0,
acct_04934,tenant_013,healthcare,6,12740.23,582,58.3,4,144,2025-12-17,0,0.0,
acct_04935,tenant_014,saas,7,15317.0,651,50.8,0,31,2025-12-27,1,13564.69,2026-03-26
acct_04936,tenant_015,manufacturing,7,2732.69,331,25.2,1,269,2025-12-14,0,0.0,
acct_04937,tenant_016,healthcare,2,645.44,196,0.0,2,101,2026-01-05,0,0.0,
acct_04938,tenant_017,finance,4,2850.27,343,18.1,2,6,2025-12-29,0,0.0,
acct_04939,tenant_018,manufacturing,17,14328.52,71,64.8,2,66,2025-12-09,1,23852.52,2026-02-14
acct_04940,tenant_019,finance,7,11927.94,71,38.2,1,97,2026-01-04,1,44209.27,2026-04-03
acct_04941,tenant_020,manufacturing,15,16136.82,376,84.0,1,307,2026-01-05,1,39352.65,2026-03-20
acct_04942,tenant_021,healthcare,10,3841.84,365,41.8,0,339,2025-12-23,0,0.0,
acct_04943,tenant_022,finance,7,24310.48,409,48.8,2,116,2025-12-14,0,0.0,
acct_04944,tenant_023,retail,22,17689.26,331,93.5,1,219,2025-12-23,1,40562.71,2026-02-15
acct_04945,tenant_024,retail,4,3177.21,411,34.4,1,266,2025-12-10,0,0.0,
acct_04946,tenant_025,finance,5,12502.48,433,39.0,0,121,2025-12-24,1,36242.24,2026-02-26
acct_04947,tenant_026,saas,12,10102.23,228,46.1,1,290,2025-12-15,0,0.0,
acct_04948,tenant_027,manufacturing,3,879.62,224,28.8,2,3,2025-12-24,0,0.0,
acct_04949,tenant_028,healthcare,8,18129.49,336,58.1,0,359,2025-12-15,0,0.0,
acct_04950,tenant_029,healthcare,6,4316.66,255,56.5,0,330,2025-12-22,0,0.0,
acct_04951,tenant_030,manufacturing,7,11818.61,474,46.6,1,343,2025-12-07,0,0.0,
acct_04952,tenant_031,saas,8,10287.12,151,40.2,1,258,2026-01-05,0,0.0,
acct_04953,tenant_032,saas,8,8972.32,747,54.5,0,291,2025-12-27,1,15926.75,2026-04-02
acct_04954,tenant_033,saas,8,7127.33,283,67.3,1,35,2025-12-15,0,0.0,
acct_04955,tenant_034,healthcare,6,5245.81,51,56.4,2,105,2025-12-31,0,0.0,
acct_04956,tenant_035,saas,3,3448.44,431,5.9,1,221,2025-12-31,0,0.0,
acct_04957,tenant_036,retail,13,19572.64,468,65.1,0,35,2025-12-17,0,0.0,
acct_04958,tenant_000,manufacturing,7,8551.3,1333,15.4,1,164,2025-12-18,0,0.0,
acct_04959,tenant_001,retail,7,13072.38,1082,67.9,1,102,2026-01-03,0,0.0,
acct_04960,tenant_002,saas,5,1984.32,118,11.4,2,299,2026-01-02,0,0.0,
acct_04961,tenant_003,manufacturing,12,7099.78,114,54.8,0,146,2025-12-13,1,14587.44,2026-02-10
acct_04962,tenant_004,finance,6,7837.8,1135,18.6,1,354,2025-12-08,1,8506.57,2026-02-08
acct_04963,tenant_005,saas,10,5804.58,134,57.6,2,54,2025-12-16,1,8616.76,2026-02-24
acct_04964,tenant_006,saas,8,21855.65,407,79.5,1,210,2025-12-09,1,18335.58,2026-02-07
acct_04965,tenant_007,healthcare,12,6177.43,243,47.6,2,277,2025-12-18,0,0.0,
acct_04966,tenant_008,saas,11,12091.18,214,86.5,0,139,2025-12-30,1,4600.04,2026-03-23
acct_04967,tenant_009,saas,5,7895.02,178,35.7,2,345,2025-12-31,0,0.0,
acct_04968,tenant_010,manufacturing,9,4394.79,824,35.5,1,351,2026-01-03,0,0.0,
acct_04969,tenant_011,healthcare,10,2499.03,64,33.5,1,214,2025-12-16,0,0.0,
acct_04970,tenant_012,finance,11,41045.92,716,62.9,0,252,2025-12-17,1,46388.35,2026-02-06
acct_04971,tenant_013,retail,5,8326.1,488,60.2,0,248,2025-12-16,1,12129.88,2026-03-21
acct_04972,tenant_014,healthcare,10,9508.81,1220,17.4,3,219,2025-12-08,0,0.0,
acct_04973,tenant_015,healthcare,11,5371.11,316,80.4,1,127,2025-12-29,0,0.0,
acct_04974,tenant_016,saas,4,4367.96,178,31.3,1,255,2025-12-31,0,0.0,
acct_04975,tenant_017,manufacturing,6,4728.57,121,41.2,0,229,2026-01-05,0,0.0,
acct_04976,tenant_018,healthcare,10,6408.66,227,69.8,0,150,2025-12-27,1,8299.58,2026-03-10
acct_04977,tenant_019,manufacturing,13,12637.07,302,60.1,0,237,2025-12-28,1,15903.06,2026-01-08
acct_04978,tenant_020,retail,6,2010.15,531,31.1,1,88,2025-12-28,0,0.0,
acct_04979,tenant_021,manufacturing,25,19396.58,202,100.0,0,275,2025-12-20,1,23690.09,2026-01-15
acct_04980,tenant_022,manufacturing,13,11146.0,181,66.9,1,293,2025-12-16,1,13087.1,2026-01-17
acct_04981,tenant_023,finance,18,37435.06,702,80.6,2,227,2026-01-02,0,0.0,
acct_04982,tenant_024,finance,10,16735.16,255,67.0,0,163,2026-01-03,0,0.0,
acct_04983,tenant_025,manufacturing,4,24368.72,660,90.4,1,207,2025-12-15,0,0.0,
acct_04984,tenant_026,manufacturing,6,6479.06,172,33.6,3,235,2025-12-28,0,0.0,
acct_04985,tenant_027,manufacturing,12,4293.53,92,69.0,1,61,2025-12-19,0,0.0,
acct_04986,tenant_028,manufacturing,0,1515.94,449,16.3,2,280,2025-12-10,0,0.0,
acct_04987,tenant_029,finance,7,6263.62,332,45.9,2,277,2025-12-25,0,0.0,
acct_04988,tenant_030,saas,10,26906.51,289,55.2,0,298,2026-01-04,1,45282.97,2026-03-28
acct_04989,tenant_031,healthcare,5,5657.12,564,36.9,1,257,2025-12-15,0,0.0,
acct_04990,tenant_032,finance,25,23543.31,107,96.8,2,49,2025-12-13,0,0.0,
acct_04991,tenant_033,saas,13,4883.17,364,65.4,0,250,2025-12-14,1,4764.96,2026-03-04
acct_04992,tenant_034,retail,8,8530.82,477,56.8,1,268,2025-12-15,0,0.0,
acct_04993,tenant_035,saas,18,7814.44,94,77.6,0,182,2025-12-25,1,5472.31,2026-02-11
acct_04994,tenant_036,retail,6,2614.85,292,32.1,2,308,2025-12-21,0,0.0,
acct_04995,tenant_000,finance,3,7685.49,439,23.1,2,194,2026-01-03,0,0.0,
acct_04996,tenant_001,saas,4,1279.05,74,4.2,2,170,2025-12-07,0,0.0,
acct_04997,tenant_002,retail,6,2755.91,652,12.6,1,84,2025-12-31,0,0.0,
acct_04998,tenant_003,saas,0,2023.23,249,7.6,1,229,2026-01-04,0,0.0,
acct_04999,tenant_004,saas,7,5742.79,482,58.7,1,83,2025-12-31,1,11540.69,2026-02-10
acct_05000,tenant_005,saas,12,7024.61,146,83.8,0,139,2025-12-16,1,3768.96,2026-02-07
